Make,Type,Year,Color,Options,Engine_Size,Fuel_Type,Gear_Type,Mileage,Price
Chrysler,C300,2018,Black,Full,5.7,Gas,Automatic,103000,114000.0
Nissan,Sunny,2019,Silver,Standard,1.5,Gas,Automatic,72418,27500.0
Hyundai,Elantra,2019,Grey,Standard,1.6,Gas,Automatic,114154,43000.0
Hyundai,Elantra,2019,Silver,Semi Full,2.0,Gas,Automatic,41912,59500.0
Honda,Accord,2018,Navy,Full,1.5,Gas,Automatic,39000,72000.0
Toyota,Land Cruiser,2011,White,Semi Full,4.5,Gas,Automatic,183000,92000.0
Chevrolet,Impala,2019,Black,Standard,3.6,Gas,Automatic,70000,80000.0
Toyota,Yaris,2018,White,Standard,1.5,Gas,Automatic,131000,32000.0
Toyota,Camry,2017,White,Standard,2.5,Gas,Automatic,107000,50000.0
Nissan,Patrol,2014,White,Full,5.6,Gas,Automatic,106000,135000.0
Chevrolet,Tahoe,2018,Grey,Semi Full,5.3,Gas,Automatic,176140,153000.0
Mercedes-Benz,CLA,2020,White,Standard,,Gas,Automatic,20000,235000.0
Mercedes-Benz,E,2017,Grey,Full,2.0,Gas,Automatic,20600,210000.0
Hyundai,Accent,2019,White,Standard,1.4,Gas,Automatic,83000,37000.0
Toyota,Corolla,2018,White,Standard,1.6,Gas,Automatic,7702,45000.0
MINI,Copper,2016,Grey,Full,2.0,Gas,Automatic,110000,83000.0
Nissan,Sunny,2017,White,Standard,1.5,Gas,Automatic,58000,24500.0
Nissan,Patrol,2016,White,Standard,4.8,Gas,Automatic,93000,83000.0
Toyota,Prado,2021,White,Semi Full,4.0,Gas,Automatic,3000,174000.0
Hyundai,Elantra,2018,White,Standard,1.6,Diesel,Automatic,83000,50000.0
Honda,Civic,2017,Black,Standard,1.5,Gas,Automatic,200000,38000.0
Toyota,Furniture,2021,White,Semi Full,2.4,Diesel,Automatic,29000,145000.0
Lexus,RX,2019,Bronze,Full,3.5,Gas,Automatic,129000,178000.0
Land Rover,Range Rover,2014,Black,Full,3.0,Gas,Automatic,80000,230000.0
GMC,Yukon,2017,Silver,Standard,5.3,Gas,Automatic,137317,130000.0
Nissan,Urvan,2020,White,Standard,3.5,Gas,Manual,27000,68000.0
Toyota,Aurion,2015,White,Semi Full,2.6,Gas,Automatic,300,50000.0
Nissan,Sunny,2019,White,Standard,1.5,Gas,Automatic,112963,27500.0
Hyundai,Elantra,2019,Silver,Standard,1.6,Gas,Automatic,108650,43000.0
Chevrolet,Malibu,2013,Black,Semi Full,3.0,Gas,Automatic,122455,36000.0
Nissan,Sunny,2019,Silver,Standard,1.5,Gas,Automatic,93762,26800.0
Toyota,Rav4,2020,White,Full,2.5,Gas,Automatic,15000,111000.0
Mazda,CX9,2019,Another Color,Full,2.5,Gas,Automatic,89000,99000.0
Ford,Expedition,2013,Black,Standard,5.4,Gas,Automatic,348000,50000.0
GMC,Yukon,2008,Golden,Full,5.3,Gas,Automatic,286000,48000.0
Toyota,Camry,2020,Silver,Standard,2.5,Hybrid,Automatic,46000,75000.0
Lexus,ES,2015,White,Full,3.5,Gas,Automatic,85000,80000.0
Toyota,Land Cruiser,1993,Bronze,Semi Full,,Gas,Manual,400,12000.0
Kia,Cadenza,2017,Another Color,Standard,3.5,Gas,Automatic,115000,55000.0
Hyundai,Tucson,2016,White,Semi Full,2.0,Gas,Automatic,157000,50000.0
Hyundai,Tucson,2019,Silver,Semi Full,2.0,Gas,Automatic,24000,68000.0
Genesis,Platinum,2015,Another Color,Semi Full,3.5,Gas,Automatic,181000,70000.0
Genesis,G80,2019,White,Semi Full,3.8,Gas,Automatic,84000,120000.0
Toyota,Prado,2016,White,Semi Full,4.0,Gas,Automatic,201000,108000.0
GMC,Yukon,2009,Golden,Standard,5.3,Gas,Automatic,395000,43000.0
Toyota,Rav4,2016,White,Full,2.5,Gas,Automatic,363000,58000.0
Hyundai,Accent,2020,Another Color,Standard,1.4,Gas,Automatic,2000,42000.0
Lexus,ES,2013,Black,Full,3.5,Gas,Automatic,349000,70000.0
Hyundai,Sonata,2019,Grey,Semi Full,2.4,Gas,Automatic,78000,62000.0
Genesis,G80,2018,Another Color,Semi Full,3.8,Gas,Automatic,75000,110000.0
Honda,Accord,2016,Another Color,Full,3.5,Gas,Automatic,350000,50000.0
Genesis,G80,2018,Another Color,Semi Full,3.8,Gas,Automatic,127000,93000.0
Lexus,LX,2015,White,Full,5.7,Gas,Automatic,247000,165000.0
Nissan,Patrol,2012,White,Semi Full,5.6,Gas,Automatic,381000,75000.0
GMC,Yukon,2008,Another Color,Full,5.3,Gas,Automatic,382000,45000.0
Lexus,GX,2015,White,Full,4.6,Gas,Automatic,146000,126000.0
Nissan,Sunny,2019,Silver,Standard,1.5,Gas,Automatic,87537,26800.0
Nissan,Sunny,2019,White,Standard,1.5,Gas,Automatic,99104,26800.0
Nissan,Sunny,2019,Grey,Standard,1.5,Gas,Automatic,106007,26800.0
Nissan,Sunny,2019,Silver,Standard,1.5,Gas,Automatic,88564,26800.0
Hyundai,Azera,2016,Grey,Semi Full,3.5,Gas,Automatic,166000,47000.0
Honda,Accord,2015,Golden,Semi Full,2.4,Gas,Automatic,196000,59000.0
Genesis,G80,2018,Silver,Semi Full,3.8,Gas,Automatic,70000,110000.0
Chevrolet,Tahoe,2014,Brown,Semi Full,5.3,Gas,Automatic,382000,60000.0
Cadillac,CT-S,2010,Another Color,Full,3.6,Gas,Automatic,240000,32000.0
Toyota,Prado,2013,Another Color,Full,3.8,Gas,Automatic,108000,87000.0
Geely,EC7,2014,Golden,Full,,Gas,Manual,161300,12000.0
MG,ZS,2019,Black,Semi Full,1.5,Gas,Automatic,23000,47000.0
Lexus,ES,2019,Another Color,Full,,Gas,Automatic,26000,207000.0
Hyundai,Kona,2019,Blue,Standard,2.0,Gas,Automatic,19000,59000.0
Jeep,Grand Cherokee,2014,Black,Full,5.7,Gas,Automatic,120000,85000.0
GMC,Yukon,2016,White,Semi Full,,Gas,Automatic,63000,140000.0
Honda,Accord,2015,Grey,Standard,2.4,Gas,Automatic,221000,48000.0
Mercedes-Benz,S,2006,White,Semi Full,4.3,Gas,Automatic,235115,15000.0
Infiniti,M,2007,Black,Full,4.5,Gas,Automatic,303000,10000.0
Dodge,Charger,2018,Another Color,Full,5.7,Gas,Automatic,85000,130000.0
Mercedes-Benz,S,2018,Grey,Full,,Gas,Automatic,73000,345000.0
Ford,Taurus,2018,White,Standard,2.0,Gas,Automatic,82000,77000.0
Mercedes-Benz,E,2014,White,Standard,2.0,Gas,Automatic,49000,75000.0
Nissan,Sunny,2019,Silver,Standard,1.5,Gas,Automatic,105739,26800.0
Nissan,Sunny,2019,White,Standard,1.5,Gas,Automatic,55526,27500.0
Nissan,Sunny,2019,Silver,Standard,1.5,Gas,Automatic,98659,27500.0
Nissan,Sunny,2019,Silver,Standard,1.5,Gas,Automatic,95623,27500.0
Hyundai,Elantra,2019,Grey,Semi Full,1.6,Gas,Automatic,86000,54000.0
Toyota,Yaris,2018,White,Standard,1.5,Gas,Automatic,128000,32000.0
Nissan,Patrol,1992,White,Standard,4.6,Gas,Manual,357000,27000.0
Ferrari,GTB 599 Fiorano,2008,Red,Full,6.0,Gas,Automatic,59000,280000.0
Mercedes-Benz,CLA,2020,Black,Full,,Gas,Automatic,15000,410000.0
Mercedes-Benz,E,2017,White,Full,2.0,Gas,Automatic,98000,210000.0
Hyundai,Accent,2019,White,Standard,1.4,Gas,Automatic,101000,37000.0
Mazda,CX9,2017,Grey,Full,2.5,Gas,Automatic,93000,111000.0
Genesis,Royal,2015,Red,Full,3.8,Gas,Automatic,194000,85000.0
Toyota,Corolla,2015,Silver,Standard,1.6,Gas,Automatic,176277,37000.0
Kia,Picanto,2015,Another Color,Standard,1.0,Gas,Automatic,133000,18500.0
Great Wall,Power,2021,White,Full,2.0,Gas,Automatic,4000,95000.0
Nissan,Datsun,2015,White,Full,,Gas,Manual,212000,42000.0
Jaguar,F-Pace,2018,White,Full,2.5,Gas,Automatic,70000,145000.0
Toyota,Hilux,2016,White,Full,2.7,Gas,Manual,28000,95000.0
Toyota,Furniture,2019,White,Standard,2.7,Gas,Automatic,113000,105000.0
Ford,Expedition,2016,White,Full,3.5,Gas,Automatic,104000,95000.0
Honda,Accord,2019,Silver,Full,1.5,Gas,Automatic,8200,107000.0
Chevrolet,Suburban,2001,Grey,Semi Full,,Gas,Automatic,500000,15000.0
Ford,Explorer,2016,Red,Full,,Gas,Automatic,93000,95000.0
Lexus,LX,2020,Black,Full,5.7,Gas,Automatic,27000,418000.0
Hyundai,Elantra,2019,White,Standard,1.6,Gas,Automatic,120496,40800.0
Hyundai,Elantra,2019,Silver,Standard,1.6,Gas,Automatic,120244,43000.0
Hyundai,Accent,2014,Black,Standard,1.4,Gas,Automatic,101231,21500.0
Nissan,Sunny,2017,White,Standard,1.5,Gas,Automatic,106646,22500.0
Ford,Expedition,2017,White,Full,,Gas,Automatic,34000,108000.0
Land Rover,Range Rover,2009,Black,Full,,Gas,Automatic,195000,45000.0
Hyundai,Elantra,2018,Brown,Semi Full,1.6,Gas,Automatic,81000,44000.0
Hyundai,Sonata,2018,Silver,Semi Full,2.4,Gas,Automatic,99000,62000.0
Dodge,Charger,2016,Grey,Standard,1.0,Gas,Automatic,151000,69000.0
Kia,Cadenza,2018,Brown,Standard,1.0,Gas,Automatic,74000,60000.0
Toyota,Furniture,2019,White,Full,3.5,Gas,Automatic,40000,120000.0
Hyundai,Accent,2018,White,Standard,1.4,Gas,Automatic,78000,36000.0
Hyundai,Sonata,2013,White,Full,2.4,Gas,Automatic,205000,40000.0
Toyota,FJ,2013,Bronze,Full,1.0,Gas,Automatic,296000,79000.0
Kia,Cadenza,2017,Grey,Full,3.5,Gas,Automatic,179000,73000.0
Hyundai,Elantra,2018,White,Semi Full,2.0,Gas,Automatic,88000,44000.0
Hyundai,Elantra,2018,Grey,Semi Full,1.6,Gas,Automatic,96000,47000.0
Genesis,G80,2019,Silver,Semi Full,3.8,Gas,Automatic,66000,120000.0
Hyundai,Sonata,2014,White,Semi Full,2.4,Gas,Automatic,216000,41000.0
Toyota,Camry,2016,White,Full,1.0,Gas,Automatic,244000,59000.0
Genesis,Royal,2016,White,Full,3.8,Gas,Automatic,55000,95000.0
Toyota,FJ,2015,White,Full,1.0,Gas,Automatic,190000,98000.0
Hyundai,Senta fe,2018,White,Standard,3.3,Gas,Automatic,41542,69000.0
Kia,Optima,2017,Black,Semi Full,2.4,Gas,Automatic,245000,45000.0
Genesis,Royal,2018,Grey,Full,3.8,Gas,Automatic,78000,110000.0
Kia,Cadenza,2015,Grey,Standard,3.5,Gas,Automatic,180000,57000.0
GAC,GS8,2020,Blue,Full,2.0,Gas,Automatic,29200,80000.0
Toyota,Furniture,2017,White,Semi Full,,Gas,Automatic,400000,60000.0
Nissan,Sunny,2018,White,Standard,1.5,Gas,Automatic,108708,24000.0
Nissan,Sunny,2018,Silver,Standard,1.5,Gas,Automatic,124758,24000.0
Nissan,Sunny,2017,Black,Standard,1.5,Gas,Automatic,158218,24500.0
Kia,Cadenza,2017,Silver,Standard,3.3,Gas,Automatic,83000,50000.0
Hyundai,Azera,2018,Brown,Semi Full,3.5,Gas,Automatic,79000,75000.0
Genesis,G80,2018,White,Semi Full,3.8,Gas,Automatic,97000,98000.0
Kia,Cadenza,2016,White,Standard,3.3,Gas,Automatic,122000,50000.0
Hyundai,Azera,2017,White,Full,3.0,Gas,Automatic,168000,55000.0
Nissan,Maxima,2017,Brown,Semi Full,1.0,Gas,Automatic,121000,64000.0
Toyota,Land Cruiser,2015,White,Full,1.0,Gas,Automatic,300000,135000.0
Chevrolet,Caprice,2015,Black,Standard,6.0,Gas,Automatic,264000,69000.0
Dodge,Challenger,2017,White,Full,3.6,Gas,Automatic,113000,99000.0
Honda,Accord,2018,Golden,Full,2.4,Gas,Automatic,75000,92000.0
Lexus,ES,2016,Bronze,Semi Full,3.5,Gas,Automatic,88000,115000.0
Nissan,Datsun,2015,White,Semi Full,2.0,Gas,Manual,182000,29000.0
Chevrolet,Camaro,2016,Red,Full,3.6,Gas,Automatic,94000,106000.0
Genesis,G80,2020,Grey,Semi Full,3.8,Gas,Automatic,11000,125000.0
Ford,Taurus,2018,Black,Full,,Gas,Automatic,100000,89000.0
Ford,Taurus,2015,Black,Semi Full,,Gas,Automatic,103000,78000.0
Hyundai,Tucson,2019,White,Semi Full,1.0,Gas,Automatic,67000,75000.0
Kia,Cadenza,2018,Silver,Standard,3.3,Gas,Automatic,94000,55000.0
Hyundai,Elantra,2019,Grey,Standard,2.0,Gas,Automatic,95000,52000.0
Hyundai,Accent,2017,Grey,Semi Full,1.4,Gas,Automatic,147000,29000.0
Genesis,Royal,2016,White,Full,3.8,Gas,Automatic,140000,88000.0
GMC,Yukon,2016,Bronze,Full,6.2,Gas,Automatic,152000,122000.0
Toyota,Land Cruiser,2018,Black,Full,5.7,Gas,Automatic,61312,270000.0
Nissan,Sunny,2017,Grey,Standard,1.5,Gas,Automatic,152973,24500.0
Renault,Symbol,2020,White,Standard,1.6,Gas,Automatic,46505,26000.0
Renault,Fluence,2015,Grey,Semi Full,1.6,Gas,Automatic,116633,25500.0
Nissan,Sunny,2018,White,Standard,1.5,Gas,Automatic,90418,25500.0
Mazda,6,2019,Brown,Standard,2.5,Gas,Automatic,129000,65000.0
Hyundai,Elantra,2014,Grey,Full,2.0,Gas,Automatic,119000,33000.0
Honda,Accord,2017,White,Semi Full,2.5,Gas,Automatic,173000,68000.0
MG,RX5,2018,White,Full,3.0,Gas,Automatic,109000,49000.0
Toyota,Land Cruiser,2012,Grey,Full,1.0,Gas,Automatic,448000,109000.0
Ford,Taurus,2016,Another Color,Standard,3.5,Gas,Automatic,136000,58000.0
Genesis,G80,2018,Another Color,Semi Full,3.8,Gas,Automatic,97000,98000.0
Toyota,FJ,2015,White,Full,4.0,Gas,Automatic,259880,89000.0
Kia,Cadenza,2019,Brown,Standard,3.3,Gas,Automatic,73000,65000.0
Hyundai,Kona,2019,Grey,Full,1.0,Gas,Automatic,22000,77000.0
Toyota,Avalon,2016,White,Semi Full,3.5,Gas,Automatic,123000,93000.0
Dodge,Charger,2018,Red,Standard,3.6,Gas,Automatic,79000,79000.0
Hyundai,Senta fe,2016,Brown,Semi Full,3.3,Gas,Automatic,126000,63000.0
Toyota,FJ,2013,Bronze,Semi Full,1.0,Gas,Automatic,154000,77000.0
Chrysler,C300,2017,Grey,Full,5.7,Gas,Automatic,130000,88000.0
Kia,Optima,2018,Grey,Standard,2.4,Gas,Automatic,40000,55000.0
Hyundai,Azera,2016,White,Semi Full,3.0,Gas,Automatic,130000,50000.0
Suzuki,APV,2016,Black,Standard,1.5,Gas,Manual,110000,29500.0
Honda,Accord,2016,Brown,Full,1.0,Gas,Automatic,116000,62000.0
Peugeot,3008,2018,Brown,Full,1.0,Gas,Automatic,30000,79000.0
Kia,Cadenza,2016,White,Standard,3.3,Gas,Automatic,145000,63000.0
Cadillac,SRX,2016,Black,Full,,Gas,Automatic,83000,70000.0
Kia,Cerato,2019,White,Standard,1.6,Gas,Automatic,43629,43500.0
Nissan,Sunny,2018,Silver,Standard,1.5,Gas,Automatic,106036,25900.0
Nissan,Sunny,2019,Silver,Standard,1.5,Gas,Automatic,104688,26000.0
Nissan,Sunny,2019,Grey,Standard,1.5,Gas,Automatic,86754,26000.0
Nissan,Sunny,2019,Silver,Standard,1.5,Gas,Automatic,105509,26000.0
Chevrolet,Traverse,2017,Silver,Semi Full,2.4,Gas,Automatic,110000,49000.0
Honda,Accord,2017,White,Standard,1.0,Gas,Automatic,63000,88000.0
Genesis,G80,2017,Grey,Semi Full,3.8,Gas,Automatic,183000,85000.0
Honda,Accord,2012,White,Standard,1.0,Gas,Automatic,251000,38000.0
Hyundai,Sonata,2018,Red,Standard,2.5,Gas,Automatic,63000,58000.0
Kia,Optima,2016,Black,Semi Full,2.4,Gas,Automatic,91000,45000.0
Hyundai,Sonata,2018,Brown,Standard,1.0,Gas,Automatic,130000,50000.0
GMC,Sierra,2011,Silver,Semi Full,,Gas,Automatic,258000,50000.0
Honda,Accord,2017,Grey,Semi Full,1.0,Gas,Automatic,126000,75000.0
Mercedes-Benz,S,2007,Black,Full,3.5,Gas,Automatic,243000,45000.0
Ford,F150,2012,Black,Standard,3.0,Gas,Automatic,352000,38000.0
Nissan,Maxima,2017,White,Full,1.0,Gas,Automatic,135000,73000.0
Toyota,Land Cruiser,2014,White,Full,4.0,Gas,Automatic,210600,120000.0
Hyundai,Sonata,2016,Brown,Full,2.0,Gas,Automatic,104000,58000.0
Ford,Explorer,2016,Silver,Semi Full,,Gas,Automatic,112000,83000.0
Hyundai,Genesis,2017,Blue,Standard,3.8,Gas,Automatic,128000,83000.0
Toyota,Corolla,2015,White,Semi Full,1.6,Gas,Automatic,370000,30000.0
Honda,Accord,2017,Navy,Semi Full,2.4,Gas,Automatic,223000,75000.0
Kia,Cerato,2017,White,Standard,1.6,Gas,Automatic,72000,37500.0
Ford,Taurus,2018,White,Standard,2.0,Gas,Automatic,71000,77000.0
Lexus,NX,2017,Black,Full,2.0,Gas,Automatic,63000,174000.0
Hyundai,Elantra,2019,White,Semi Full,1.6,Gas,Automatic,59700,54500.0
Hyundai,Senta fe,2020,Grey,Standard,2.4,Gas,Automatic,93000,82000.0
Mercedes-Benz,C,2015,Silver,Semi Full,2.0,Gas,Automatic,73000,90000.0
Nissan,Sunny,2019,Silver,Standard,1.5,Gas,Automatic,96341,26000.0
Nissan,Sunny,2019,White,Standard,1.5,Gas,Automatic,87775,26000.0
Nissan,Sunny,2019,White,Standard,1.5,Gas,Automatic,89136,26000.0
Nissan,Sunny,2019,Silver,Standard,1.5,Gas,Automatic,71913,26500.0
MG,RX5,2019,White,Full,1.5,Gas,Automatic,39000,56000.0
Genesis,G70,2019,Grey,Semi Full,2.0,Gas,Automatic,11000,109000.0
Ford,Flex,2012,Silver,Semi Full,3.5,Gas,Automatic,277000,30000.0
GMC,Yukon,2015,White,Full,5.3,Gas,Automatic,200000,150000.0
GMC,Yukon,2016,White,Full,6.2,Gas,Automatic,126000,176000.0
Mercedes-Benz,E,2021,White,Standard,,Gas,Automatic,4000,259000.0
Lexus,UX,2019,Blue,Full,2.0,Gas,Automatic,7000,165000.0
Toyota,Camry,2016,White,Semi Full,2.5,Gas,Automatic,238000,48500.0
Mercedes-Benz,C,2016,White,Full,2.0,Gas,Automatic,84000,129000.0
Land Rover,Range Rover,2019,Black,Unknown,,Gas,Automatic,1800,350000.0
Toyota,Yaris,2015,White,Standard,1.4,Gas,Automatic,193000,25000.0
Mercedes-Benz,S,2015,Navy,Full,3.0,Gas,Automatic,46000,210000.0
Kia,Picanto,2015,Another Color,Standard,1.0,Gas,Automatic,136000,18500.0
GMC,Yukon,2008,White,Full,5.3,Gas,Automatic,200000,38000.0
Hyundai,Sonata,2018,Grey,Standard,2.4,Gas,Automatic,55000,60000.0
Kia,Cores,2014,White,Full,3.5,Gas,Automatic,81000,78000.0
Honda,Accord,2018,White,Semi Full,1.6,Gas,Automatic,32000,97000.0
Toyota,Camry,2017,White,Standard,2.5,Gas,Automatic,97000,68000.0
Chevrolet,Tahoe,2019,Black,Standard,5.3,Gas,Automatic,117000,145000.0
Hyundai,Kona,2019,Black,Standard,2.0,Gas,Automatic,76000,56000.0
Hyundai,Creta,2017,Silver,Semi Full,1.6,Gas,Automatic,125000,57000.0
Chevrolet,Impala,2018,Silver,Standard,3.6,Gas,Automatic,75000,64000.0
GMC,Yukon,2011,White,Full,8.0,Gas,Automatic,200,70000.0
Nissan,Sunny,2019,Silver,Standard,1.5,Gas,Automatic,88795,26500.0
Kia,Rio,2016,Grey,Standard,1.4,Gas,Automatic,272232,26500.0
Nissan,Sunny,2017,White,Standard,1.5,Gas,Automatic,145161,27000.0
Nissan,Sunny,2018,Grey,Standard,1.5,Gas,Automatic,117081,27000.0
Honda,Odyssey,2015,Grey,Standard,3.5,Gas,Automatic,192000,58000.0
Geely,EC8,2016,Silver,Full,,Gas,Automatic,80000,22000.0
Mazda,6,2014,Black,Full,,Gas,Manual,201000,42000.0
Toyota,Prado,2018,White,Semi Full,4.0,Gas,Automatic,39000,131500.0
Nissan,Sylvian Bus,2018,White,Full,3.0,Gas,Manual,3000,107000.0
Toyota,Prado,2018,White,Semi Full,4.0,Gas,Automatic,86000,127000.0
Lexus,LX,2018,White,Full,1.0,Gas,Automatic,105000,355000.0
Land Rover,Range Rover,2014,White,Full,,Gas,Automatic,131000,230000.0
Hyundai,H1,2015,Black,Semi Full,,Gas,Automatic,131000,42000.0
Mercedes-Benz,S,2015,Black,Full,,Gas,Automatic,109000,199000.0
Toyota,Camry,2019,Black,Full,2.5,Gas,Automatic,13000,94000.0
Toyota,Camry,2020,Brown,Standard,2.5,Gas,Automatic,37000,80000.0
Toyota,Hilux,2014,White,Standard,2.5,Gas,Manual,125000,40000.0
Ford,Taurus,2019,Black,Standard,2.0,Gas,Automatic,49000,82000.0
Toyota,Camry,2019,Black,Standard,2.5,Gas,Automatic,48000,80000.0
Hyundai,Sonata,2018,White,Semi Full,2.0,Gas,Automatic,116000,55000.0
Ford,Expedition,2013,White,Standard,5.4,Gas,Automatic,235000,50000.0
Nissan,Patrol,2015,Another Color,Full,5.6,Gas,Automatic,228000,130000.0
Toyota,Ciocca,2009,Grey,Full,5.7,Gas,Automatic,343000,60000.0
Chevrolet,Tahoe,2015,Silver,Standard,5.3,Gas,Automatic,233000,98000.0
Toyota,Land Cruiser Pickup,2018,Another Color,Standard,4.0,Gas,Manual,98000,105000.0
Genesis,G80,2019,Another Color,Semi Full,3.3,Gas,Automatic,50000,125000.0
Toyota,Cressida,1996,White,Semi Full,,Gas,Manual,8000,13000.0
Lexus,LX,2018,Golden,Full,7.5,Gas,Automatic,122000,340000.0
Renault,Duster,2017,White,Standard,2.0,Gas,Automatic,49597,27500.0
Changan,Seven,2020,Silver,Standard,1.5,Gas,Automatic,37644,27500.0
Changan,Seven,2020,White,Standard,1.5,Gas,Automatic,55531,27500.0
Changan,Seven,2020,Silver,Standard,1.5,Gas,Automatic,49214,27500.0
Mercedes-Benz,GLC,2017,White,Full,,Gas,Manual,143000,155000.0
Chevrolet,Impala,2017,Black,Standard,3.5,Gas,Automatic,89000,62000.0
Kia,Carnival,2016,Golden,Semi Full,,Gas,Automatic,118000,59000.0
Honda,Accord,2018,Silver,Semi Full,1.5,Gas,Automatic,38000,87000.0
Toyota,Camry,2016,White,Full,2.4,Gas,Automatic,62000,75000.0
Mercedes-Benz,C,2015,White,Semi Full,2.0,Gas,Automatic,173000,108000.0
Geely,EC8,2012,Black,Full,2.3,Gas,Automatic,200000,11500.0
Lexus,ES,2016,White,Standard,3.5,Gas,Automatic,45000,112000.0
HAVAL,H6,2020,Black,Full,2.0,Gas,Automatic,2000,69000.0
Chrysler,300,2016,White,Full,3.5,Gas,Automatic,16000,90000.0
Ford,Flex,2017,White,Standard,2.5,Gas,Automatic,110000,67000.0
Nissan,Patrol,2016,Black,Full,4.0,Gas,Automatic,92000,175000.0
Mercedes-Benz,E,2016,White,Full,3.0,Gas,Automatic,114000,106000.0
Kia,Optima,2017,Brown,Standard,2.4,Gas,Automatic,75000,48000.0
GMC,Yukon,2017,Bronze,Semi Full,5.3,Gas,Automatic,96000,145000.0
BMW,The 7,2017,Navy,Full,2.0,Gas,Automatic,87000,175000.0
Chevrolet,Impala,2016,White,Standard,3.5,Gas,Automatic,114000,65000.0
Ford,Explorer,2016,Black,Standard,3.5,Gas,Automatic,111000,75000.0
Toyota,Camry,2016,White,Standard,2.5,Gas,Automatic,81000,62000.0
Toyota,Camry,2016,White,Semi Full,2.4,Gas,Automatic,78000,57000.0
Chevrolet,Tahoe,2016,Golden,Semi Full,,Gas,Automatic,97000,135000.0
Chevrolet,Spark,2019,Silver,Standard,1.4,Gas,Automatic,63744,25000.0
Nissan,Z370,2015,Red,Semi Full,3.7,Gas,Automatic,111075,80000.0
Ford,Victoria,2006,Oily,Standard,4.6,Gas,Automatic,320000,19500.0
Kia,Rio,2017,White,Standard,1.4,Gas,Automatic,180818,27500.0
Kia,Rio,2017,White,Standard,1.4,Gas,Automatic,144024,27500.0
Changan,Seven,2020,Red,Standard,1.5,Gas,Automatic,47528,28500.0
Changan,Seven,2020,White,Standard,1.5,Gas,Automatic,36833,28500.0
Hyundai,Accent,2018,White,Standard,1.4,Gas,Automatic,71000,38000.0
Hyundai,Sonata,2018,White,Full,2.0,Gas,Automatic,65239,67000.0
Toyota,Yaris,2018,Silver,Standard,1.5,Gas,Automatic,131000,35000.0
Ford,Expedition,2008,Blue,Semi Full,5.4,Gas,Automatic,346000,27000.0
Rolls-Royce,Ghost,2010,Blue,Full,6.0,Gas,Automatic,175000,310000.0
Genesis,G80,2016,White,Full,3.8,Gas,Automatic,124000,86000.0
Mercedes-Benz,E,2019,Black,Standard,,Gas,Automatic,38000,216000.0
Porsche,911,2013,Grey,Full,3.5,Gas,Automatic,26000,280000.0
Toyota,Corolla,2018,Grey,Standard,1.6,Gas,Automatic,121000,48000.0
Genesis,Royal,2015,Black,Full,5.0,Gas,Automatic,98000,111000.0
BMW,The 7,2020,Black,Full,2.0,Gas,Automatic,14000,349000.0
Kia,Carnival,2009,Another Color,Standard,3.5,Gas,Automatic,126000,20000.0
Lexus,ES,2019,Black,Full,3.5,Gas,Automatic,40000,185000.0
Mitsubishi,Attrage,2018,White,Standard,1.2,Gas,Automatic,68000,26500.0
Ford,Focus,2014,Black,Standard,1.5,Gas,Automatic,75000,21000.0
Chevrolet,Caprice,2013,Silver,Standard,6.0,Gas,Automatic,106000,79000.0
Chevrolet,Impala,2016,White,Standard,3.5,Gas,Automatic,91000,55000.0
Toyota,Furniture,2014,White,Standard,2.7,Gas,Automatic,127000,57000.0
Toyota,Land Cruiser,2020,White,Full,4.6,Gas,Automatic,21000,275000.0
Nissan,Sunny,2018,White,Standard,1.5,Gas,Automatic,79968,29000.0
Toyota,Yaris,2015,Black,Full,1.5,Gas,Automatic,203429,29000.0
Hyundai,Accent,2018,Grey,Standard,1.4,Gas,Automatic,93788,29000.0
Renault,Duster,2018,Black,Standard,2.0,Gas,Automatic,164169,29500.0
GMC,Sierra,2020,Navy,Standard,5.3,Gas,Automatic,17000,156000.0
Chevrolet,Tahoe,2019,Black,Standard,5.3,Gas,Automatic,34000,158000.0
Kia,Rio,2017,White,Standard,1.4,Gas,Automatic,170000,26000.0
Ford,Explorer,2015,Black,Semi Full,3.5,Gas,Automatic,160000,65000.0
Nissan,X-Trail,2006,White,Standard,2.5,Gas,Automatic,238000,13000.0
Toyota,Land Cruiser,2020,White,Semi Full,5.7,Gas,Automatic,124000,250000.0
Toyota,Land Cruiser,2015,Black,Full,5.7,Gas,Automatic,119000,180000.0
Chevrolet,Tahoe,2015,Black,Full,5.7,Gas,Automatic,168000,110000.0
Honda,Accord,2019,White,Full,2.0,Gas,Automatic,45000,102000.0
Mercedes-Benz,C,2017,Grey,Full,3.0,Gas,Automatic,210000,210000.0
Nissan,Land Cruiser Pickup,2016,White,Full,,Gas,Automatic,44000,95000.0
Toyota,Land Cruiser,2019,White,Full,4.6,Gas,Automatic,60000,240000.0
Lexus,LX,2020,White,Full,5.7,Gas,Automatic,455000,455000.0
Ford,F150,2017,Grey,Full,8.0,Gas,Automatic,140000,145000.0
Toyota,Hilux,2016,White,Full,2.7,Gas,Manual,388000,55000.0
Subaru,Forester,2010,White,Standard,2.4,Gas,Automatic,113000,18500.0
Zhengzhou Nissan,Pick up,2020,White,Semi Full,2.4,Gas,Manual,13800,35000.0
Toyota,Ciocca,2009,White,Semi Full,5.7,Gas,Automatic,275000,55000.0
Renault,Duster,2018,Oily,Standard,2.0,Gas,Automatic,53811,29500.0
Nissan,Sunny,2019,Grey,Standard,1.5,Gas,Automatic,93049,29500.0
Nissan,Sunny,2019,Grey,Standard,1.5,Gas,Automatic,87042,29500.0
Nissan,Sunny,2019,Grey,Standard,1.5,Gas,Automatic,85093,29500.0
Land Rover,Range Rover,2015,White,Full,,Gas,Automatic,140000,260000.0
BMW,The 4,2015,Blue,Full,,Gas,Automatic,122000,110000.0
Lexus,GS,2017,Black,Full,,Gas,Automatic,78000,170000.0
Mitsubishi,Pajero,2018,Silver,Full,3.5,Gas,Automatic,56525,78000.0
Hyundai,Sonata,2016,Blue,Full,,Gas,Automatic,76000,68000.0
Mercedes-Benz,C,2016,Grey,Full,,Gas,Automatic,119000,130000.0
Chrysler,C300,2018,Black,Full,,Gas,Automatic,49000,135000.0
Land Rover,Range Rover,2016,White,Full,,Gas,Automatic,110000,255000.0
Land Rover,Range Rover,2016,White,Full,,Gas,Automatic,132000,235000.0
MINI,Copper,2016,Black,Full,,Gas,Automatic,42000,95000.0
Chevrolet,Impala,2019,White,Semi Full,,Gas,Automatic,84000,77000.0
Toyota,Avalon,2017,White,Full,,Gas,Automatic,53000,118000.0
Nissan,Patrol,2019,White,Full,,Gas,Automatic,43000,225000.0
GMC,Acadia,2016,White,Semi Full,,Gas,Automatic,106000,75000.0
GMC,Sierra,2020,Grey,Full,,Gas,Automatic,32000,158000.0
Lexus,ES,2017,White,Full,,Gas,Automatic,95000,141000.0
Lexus,ES,2017,Black,Full,,Gas,Automatic,39000,160000.0
Honda,City,2016,Black,Full,,Gas,Automatic,51000,41000.0
Land Rover,Range Rover,2019,Black,Full,,Gas,Automatic,28000,450000.0
Lexus,LX,2018,White,Full,,Gas,Automatic,107000,365000.0
Mitsubishi,Pajero,2018,Golden,Full,3.5,Gas,Automatic,56000,76000.0
Chevrolet,Tahoe,2017,White,Full,,Gas,Automatic,73000,142000.0
Toyota,Prado,2017,White,Full,,Gas,Automatic,39000,151000.0
Kia,Cadenza,2019,White,Semi Full,,Gas,Manual,72000,88000.0
Ford,Echo Sport,2020,White,Semi Full,2.0,Gas,Automatic,2700,55000.0
Nissan,Sunny,2019,Silver,Standard,1.5,Gas,Automatic,123291,29500.0
Renault,Duster,2018,Grey,Standard,2.0,Gas,Automatic,117719,29500.0
Ford,Vego,2019,White,Standard,1.5,Gas,Automatic,51717,29500.0
Ford,Vego,2019,Black,Standard,1.5,Gas,Automatic,26323,29500.0
Mercedes-Benz,CLA,2017,Red,Full,,Gas,Automatic,103000,110000.0
Lexus,ES,2017,Black,Full,,Gas,Automatic,75000,125000.0
Lexus,ES,2017,Black,Full,,Gas,Automatic,24000,160000.0
Chevrolet,Tahoe,2017,Black,Full,,Gas,Automatic,55000,168000.0
Land Rover,Range Rover,2018,White,Full,,Gas,Automatic,26000,170000.0
BMW,The 5,2016,White,Full,,Gas,Automatic,105000,85000.0
Toyota,Camry,2016,Black,Semi Full,,Gas,Automatic,83000,72000.0
Hyundai,Sonata,2019,White,Standard,,Gas,Automatic,35000,64000.0
Land Rover,Range Rover,2016,White,Full,,Gas,Automatic,125000,245000.0
Chevrolet,Silverado,2017,Silver,Full,5.3,Gas,Automatic,110000,107000.0
Audi,A5,2016,Blue,Full,,Gas,Automatic,90000,115000.0
Hyundai,Senta fe,2016,White,Semi Full,,Gas,Automatic,12000,79000.0
Chevrolet,Tahoe,2016,White,Semi Full,,Gas,Automatic,197000,92000.0
Jeep,Cherokee,2016,Grey,Full,,Gas,Automatic,81000,88000.0
Toyota,Camry,2018,White,Full,,Gas,Automatic,42000,95000.0
Land Rover,Range Rover,2016,Black,Full,,Gas,Automatic,120000,235000.0
Nissan,Altima,2018,White,Semi Full,,Gas,Automatic,48000,68000.0
BMW,X,2016,White,Full,,Gas,Automatic,130000,160000.0
Nissan,Patrol,2015,Grey,Semi Full,,Gas,Automatic,134000,135000.0
Lexus,ES,2017,Black,Full,,Gas,Automatic,100000,115000.0
MINI,Copper,2018,Silver,Full,,Gas,Manual,59000,85000.0
Lexus,ES,2017,White,Full,,Gas,Automatic,85000,141000.0
Lexus,ES,2017,White,Full,,Gas,Automatic,75000,141000.0
Chevrolet,Impala,2019,Black,Standard,,Gas,Automatic,85000,68500.0
Toyota,FJ,2020,Grey,Standard,4.0,Gas,Automatic,46000,135000.0
Hyundai,Accent,2018,Silver,Standard,1.4,Gas,Automatic,106818,29500.0
Hyundai,Accent,2017,White,Semi Full,1.6,Gas,Automatic,103461,30000.0
Hyundai,Accent,2017,White,Semi Full,1.6,Gas,Automatic,110448,30000.0
Hyundai,Accent,2017,White,Semi Full,1.6,Gas,Automatic,143021,30000.0
Chevrolet,Suburban,2018,Black,Full,,Gas,Automatic,48000,163000.0
Chevrolet,Impala,2019,Black,Semi Full,,Gas,Automatic,85000,73000.0
Honda,Odyssey,2016,Black,Full,,Gas,Automatic,80000,72000.0
Nissan,Altima,2019,White,Full,2.5,Gas,Automatic,1000,115000.0
Genesis,G80,2017,Black,Full,,Gas,Automatic,66000,119000.0
Mercedes-Benz,S,2015,Grey,Full,,Gas,Automatic,53000,260000.0
Mercedes-Benz,C,2017,White,Full,,Gas,Automatic,120000,143000.0
Mercedes-Benz,E,2016,White,Full,,Gas,Automatic,120000,135000.0
Land Rover,Range Rover,2016,Grey,Full,,Gas,Automatic,58000,250000.0
Lexus,RX,2017,Black,Full,,Gas,Automatic,59000,188000.0
Hyundai,Sonata,2019,White,Semi Full,,Gas,Automatic,28000,68000.0
Mercedes-Benz,S,2019,Black,Full,,Gas,Automatic,6000,470000.0
Hyundai,Senta fe,2015,Silver,Full,,Gas,Automatic,350000,52000.0
Lexus,LX,2015,White,Full,,Gas,Automatic,94000,238000.0
Chevrolet,Tahoe,2010,Bronze,Full,,Gas,Automatic,292000,55000.0
Chevrolet,Suburban,2018,Black,Semi Full,,Gas,Automatic,58000,170000.0
Kia,Optima,2018,White,Standard,,Gas,Automatic,48000,67000.0
Jeep,Wrangler,2017,Green,Full,,Gas,Automatic,42000,110000.0
Mercedes-Benz,CLA,2019,White,Full,,Gas,Automatic,28000,149000.0
GMC,Yukon,2016,Bronze,Standard,,Gas,Automatic,88000,141000.0
Ford,Expedition,2016,White,Full,,Gas,Automatic,81000,88000.0
Hyundai,Sonata,2016,White,Full,,Gas,Automatic,38000,63000.0
Lexus,ES,2015,Black,Semi Full,,Gas,Automatic,104000,105000.0
Mercedes-Benz,G,2015,White,Full,8.8,Gas,Automatic,213000,240000.0
Chevrolet,Impala,2014,Black,Semi Full,,Gas,Automatic,189000,40000.0
Hyundai,Accent,2017,White,Semi Full,1.6,Gas,Automatic,173700,30000.0
Hyundai,Accent,2017,White,Semi Full,1.6,Gas,Automatic,207135,30000.0
Hyundai,Accent,2017,White,Semi Full,1.6,Gas,Automatic,114250,30000.0
Hyundai,Accent,2017,White,Semi Full,1.6,Gas,Automatic,197990,30000.0
Cadillac,XT5,2017,White,Full,,Gas,Automatic,91000,130000.0
Jeep,Wrangler,2018,Orange,Standard,,Gas,Manual,40000,115000.0
GMC,Acadia,2016,Black,Semi Full,,Gas,Automatic,148000,70000.0
GMC,Yukon,2016,Black,Full,,Gas,Automatic,55000,175000.0
Chevrolet,Cruze,2016,White,Semi Full,,Gas,Automatic,52000,45000.0
Mercedes-Benz,GLC,2018,White,Full,,Gas,Automatic,51000,185000.0
Kia,Optima,2015,White,Full,2.4,Gas,Automatic,79680,49000.0
Kia,Cadenza,2018,Silver,Full,,Gas,Automatic,69000,95000.0
GMC,Yukon,2016,Black,Full,,Gas,Automatic,61000,165000.0
GMC,Sierra,2011,White,Standard,,Gas,Automatic,231000,45000.0
Ford,Explorer,2016,Silver,Full,,Gas,Automatic,53000,113000.0
GMC,Sierra,2020,Silver,Full,,Gas,Automatic,37000,159000.0
Lexus,ES,2016,Grey,Semi Full,,Gas,Automatic,92000,115000.0
Toyota,Land Cruiser,2016,White,Full,,Gas,Automatic,42000,138000.0
Mercedes-Benz,C,2015,White,Full,,Gas,Automatic,54000,120000.0
Chevrolet,Tahoe,2016,White,Full,,Gas,Automatic,146000,118000.0
Land Rover,Range Rover,2016,Black,Full,,Gas,Automatic,102000,252000.0
Toyota,Camry,2007,Silver,Full,1.1,Gas,Manual,450000,11000.0
Nissan,Navara,2015,White,Full,,Gas,Manual,83000,45000.0
Toyota,Furniture,2013,Golden,Standard,2.7,Gas,Automatic,350000,50000.0
Lexus,LX,2018,Navy,Full,5.7,Gas,Automatic,94800,370000.0
Daihatsu,Gran Max,2014,White,Standard,,Gas,Manual,254000,25000.0
Toyota,Corolla,2020,Another Color,Standard,1.6,Gas,Automatic,16479,56000.0
Toyota,Avalon,2013,Red,Full,3.5,Gas,Automatic,169000,75000.0
Hyundai,Accent,2017,White,Semi Full,1.6,Gas,Automatic,125848,30000.0
Hyundai,Accent,2017,White,Semi Full,1.6,Gas,Automatic,132567,30000.0
Hyundai,Accent,2017,White,Semi Full,1.6,Gas,Automatic,76938,30000.0
Hyundai,Accent,2017,White,Semi Full,1.6,Gas,Automatic,114482,30000.0
Nissan,Sunny,2018,Grey,Standard,,Gas,Automatic,105499,25000.0
Toyota,Innova,2006,Black,Standard,2.5,Gas,Manual,498000,18000.0
Hyundai,Accent,2019,Silver,Standard,1.6,Gas,Automatic,105444,33000.0
Hyundai,Accent,2017,White,Standard,1.4,Gas,Automatic,183000,27000.0
Toyota,Furniture,2019,Grey,Full,3.0,Gas,Automatic,18448,130000.0
Chevrolet,Aveo,2017,White,Standard,1.5,Gas,Automatic,118000,20000.0
Toyota,Yaris,2018,White,Standard,1.5,Gas,Automatic,62000,35000.0
Chevrolet,Spark,2019,White,Standard,1.4,Gas,Automatic,96342,25000.0
Land Rover,Range Rover,2006,Blue,Full,4.4,Gas,Automatic,289000,20000.0
Honda,Civic,2019,White,Semi Full,1.6,Gas,Automatic,41000,67000.0
Hyundai,Accent,2017,White,Semi Full,1.6,Gas,Automatic,168347,30000.0
Nissan,Sunny,2019,Grey,Standard,1.5,Gas,Automatic,86871,30500.0
Kia,Soul,2014,Green,Semi Full,1.6,Gas,Automatic,157603,31500.0
Hyundai,Accent,2017,White,Standard,1.4,Gas,Automatic,87995,31500.0
Toyota,Furniture,2017,White,Semi Full,4.0,Gas,Automatic,37800,106000.0
Chevrolet,Tahoe,2007,Silver,Standard,,Gas,Automatic,440000,35000.0
Renault,Fluence,2015,White,Standard,1.6,Gas,Manual,280,18000.0
Toyota,Rav4,2018,White,Semi Full,2.5,Gas,Automatic,88000,77000.0
Hyundai,Azera,2019,Navy,Full,3.5,Gas,Automatic,64000,94000.0
Hyundai,Senta fe,2016,Grey,Semi Full,3.3,Gas,Automatic,149000,47000.0
Toyota,Hilux,2016,White,Full,,Gas,Manual,175000,77000.0
Hyundai,Sonata,2018,Black,Semi Full,2.4,Gas,Automatic,117000,63000.0
Kia,Sportage,2017,White,Semi Full,1.6,Gas,Automatic,190000,53000.0
Toyota,Rav4,2016,White,Full,2.0,Gas,Automatic,216000,60000.0
Honda,Accord,2014,White,Full,2.4,Gas,Automatic,223000,48000.0
Toyota,Furniture,2019,White,Semi Full,3.0,Gas,Automatic,40000,93000.0
Lexus,ES,2016,White,Semi Full,3.0,Gas,Automatic,78000,115000.0
Toyota,Hilux,2018,White,Standard,2.7,Gas,Manual,132000,77000.0
Mitsubishi,Montero,2017,Another Color,Full,3.3,Gas,Automatic,199000,73000.0
Genesis,Prestige,2016,Grey,Semi Full,3.5,Gas,Automatic,293000,77000.0
Hyundai,Tucson,2016,Grey,Semi Full,2.0,Gas,Automatic,190000,54000.0
Toyota,Innova,2018,Another Color,Semi Full,2.7,Gas,Automatic,340000,67000.0
Genesis,G80,2018,Navy,Semi Full,3.8,Gas,Automatic,160000,100000.0
Kia,Sportage,2017,Silver,Full,2.4,Gas,Automatic,125000,65000.0
Toyota,Land Cruiser Pickup,2014,Golden,Semi Full,3.0,Gas,Manual,175000,72000.0
Hyundai,Elantra,2017,White,Semi Full,2.0,Gas,Automatic,285000,36000.0
Mazda,CX9,2016,Another Color,Semi Full,3.0,Gas,Automatic,230000,50000.0
Toyota,Yaris,2018,Red,Standard,1.5,Gas,Automatic,117313,32500.0
Nissan,Sentra,2016,Bronze,Standard,1.6,Gas,Automatic,115480,32500.0
Renault,Dokker,2019,White,Standard,1.6,Gas,Manual,119588,34000.0
Toyota,Camry,2009,Blue,Full,,Gas,Automatic,317,22000.0
Genesis,Prestige,2016,Another Color,Semi Full,3.5,Gas,Automatic,203000,78000.0
Lexus,LX,2014,Black,Full,5.7,Gas,Automatic,220000,180000.0
Hyundai,Veloster,2019,Yellow,Full,2.0,Gas,Automatic,63000,62000.0
Kia,Cadenza,2017,White,Standard,3.0,Gas,Automatic,175000,50000.0
Mazda,6,2016,Brown,Standard,2.5,Gas,Automatic,140000,40000.0
Hyundai,Sonata,2020,Golden,Semi Full,2.5,Gas,Automatic,12000,78000.0
Hyundai,Senta fe,2016,White,Semi Full,3.3,Gas,Automatic,62000,55000.0
Hyundai,Genesis,2017,Bronze,Full,5.0,Gas,Automatic,106000,90000.0
Hyundai,Sonata,2018,Silver,Full,2.4,Gas,Automatic,135000,58000.0
Toyota,Yaris,2017,White,Standard,1.6,Gas,Automatic,167000,29000.0
Lexus,ES,2017,Black,Full,3.0,Gas,Automatic,85000,128000.0
Nissan,Maxima,2016,White,Full,3.5,Gas,Automatic,155000,65000.0
GMC,Yukon,2010,Black,Semi Full,5.0,Gas,Automatic,204000,44000.0
Hyundai,Tucson,2015,White,Full,2.0,Gas,Automatic,251000,49000.0
Nissan,X-Trail,2016,Another Color,Full,2.7,Gas,Automatic,65000,52000.0
Toyota,Yaris,2017,Grey,Standard,1.4,Gas,Automatic,125000,30000.0
Toyota,Camry,2019,Brown,Full,2.5,Gas,Automatic,49000,82000.0
Hyundai,Azera,2018,Red,Semi Full,3.5,Gas,Automatic,74000,77000.0
Lexus,ES,2017,White,Semi Full,3.0,Gas,Automatic,82000,110000.0
Ford,Fusion,2014,White,Semi Full,2.0,Gas,Automatic,260000,30000.0
Ford,Taurus,2015,Black,Semi Full,3.3,Gas,Automatic,446000,35000.0
Lexus,ES,2017,White,Full,3.5,Gas,Automatic,50000,127000.0
Nissan,Patrol,2010,White,Full,4.0,Gas,Automatic,208000,72000.0
GMC,Yukon,2007,Bronze,Semi Full,5.0,Gas,Automatic,303000,36000.0
Toyota,Camry,2010,White,Semi Full,,Gas,Automatic,145,25000.0
BMW,X,2015,Black,Full,,Gas,Automatic,98000,150000.0
Hyundai,Accent,2018,Silver,Standard,1.4,Gas,Automatic,124975,33000.0
Nissan,Sunny,2019,Another Color,Standard,1.5,Gas,Automatic,38920,33500.0
Nissan,Sunny,2019,Grey,Standard,1.5,Gas,Automatic,56991,33500.0
Hyundai,Accent,2017,White,Semi Full,1.6,Gas,Automatic,109746,34000.0
Chevrolet,Tahoe,2011,Black,Semi Full,5.3,Gas,Automatic,200000,42000.0
Honda,Accord,2012,White,Semi Full,2.4,Gas,Automatic,15000,58000.0
Chevrolet,Spark,2017,White,Standard,1.4,Gas,Automatic,101000,21000.0
Lexus,ES,2017,Another Color,Semi Full,3.0,Gas,Automatic,91000,112000.0
Toyota,Hilux,2016,White,Semi Full,2.7,Gas,Manual,258000,62000.0
Lexus,ES,2016,White,Semi Full,3.0,Gas,Automatic,72000,108000.0
Ford,Fusion,2015,Grey,Semi Full,2.5,Gas,Automatic,400000,26000.0
Hyundai,Elantra,2015,White,Full,2.0,Gas,Automatic,176000,35000.0
Hyundai,Elantra,2020,Grey,Standard,2.0,Gas,Automatic,56000,50000.0
Hyundai,Accent,2017,Brown,Standard,1.4,Gas,Automatic,112000,27000.0
Hyundai,Accent,2017,White,Standard,1.4,Gas,Automatic,110000,27000.0
Kia,Rio,2016,Red,Standard,1.4,Gas,Automatic,157000,25000.0
Hyundai,Elantra,2016,Another Color,Standard,2.0,Gas,Automatic,119000,33000.0
Mercedes-Benz,C,2018,Black,Full,2.0,Gas,Automatic,70000,177000.0
Hyundai,Accent,2010,Silver,Standard,,Gas,Manual,273000,12000.0
Toyota,FJ,2020,Grey,Semi Full,4.0,Gas,Automatic,17000,140000.0
Chevrolet,Tahoe,2007,White,Semi Full,5.3,Gas,Automatic,228400,39000.0
Toyota,FJ,2017,White,Full,7.5,Gas,Automatic,138000,118000.0
Ford,Expedition,2018,Grey,Standard,3.5,Gas,Automatic,55000,143000.0
Chevrolet,Tahoe,2019,Navy,Semi Full,,Gas,Automatic,33000,163000.0
Mercedes-Benz,GLC,2020,Black,Full,2.8,Gas,Automatic,13000,289000.0
Toyota,Corolla,2015,White,Full,2.0,Gas,Automatic,80000,39000.0
Hyundai,Accent,2019,Red,Standard,1.4,Gas,Automatic,89685,34500.0
Hyundai,Accent,2018,White,Standard,1.4,Gas,Automatic,102109,35000.0
Hyundai,Accent,2018,Grey,Standard,1.4,Gas,Automatic,93315,35500.0
Renault,Symbol,2016,Navy,Standard,1.6,Gas,Automatic,173000,16000.0
Lexus,LX,2013,Silver,Standard,5.7,Gas,Automatic,240000,145000.0
Chevrolet,Caprice,2013,Black,Semi Full,,Gas,Automatic,325000,53000.0
GMC,Yukon,2015,Another Color,Semi Full,5.3,Gas,Automatic,101060,125000.0
Toyota,FJ,2017,Grey,Full,1.6,Gas,Automatic,74658,135000.0
GMC,Sierra,2017,Red,Full,6.2,Gas,Automatic,124418,120000.0
Chevrolet,Tahoe,2015,Silver,Semi Full,5.3,Gas,Automatic,71000,125000.0
Chevrolet,Tahoe,2016,Another Color,Semi Full,5.3,Gas,Automatic,123496,130000.0
GMC,Yukon,2015,Black,Full,5.3,Gas,Automatic,166616,135000.0
GMC,Yukon,2016,Brown,Semi Full,5.3,Gas,Automatic,129356,140000.0
GMC,Sierra,2016,White,Full,5.3,Gas,Automatic,82576,120000.0
Ford,Taurus,2019,Silver,Standard,3.5,Gas,Automatic,54494,85000.0
GMC,Yukon,2015,White,Standard,5.3,Gas,Automatic,82343,125000.0
Chevrolet,Caprice,2014,White,Standard,,Gas,Automatic,180000,70000.0
Hyundai,H1,2016,White,Semi Full,,Gas,Automatic,179000,45000.0
Chevrolet,Tahoe,2014,Black,Semi Full,5.3,Gas,Automatic,160428,65000.0
Chevrolet,Caprice,2013,White,Standard,6.0,Gas,Automatic,330000,43000.0
Chevrolet,Tahoe,2015,White,Semi Full,5.7,Gas,Automatic,192036,110000.0
GMC,Yukon,2013,Red,Semi Full,,Gas,Automatic,77000,80000.0
Mazda,6,2018,White,Semi Full,2.0,Gas,Automatic,25712,78000.0
Hyundai,H1,2015,White,Semi Full,,Gas,Automatic,140000,55000.0
Chevrolet,Tahoe,2016,White,Full,5.3,Gas,Automatic,97955,145000.0
GMC,Yukon,2018,Black,Semi Full,6.0,Gas,Automatic,168000,150000.0
GMC,Yukon,2015,White,Full,6.2,Gas,Automatic,168576,150000.0
Honda,Accord,2016,White,Semi Full,2.5,Gas,Automatic,92034,67000.0
Hyundai,Accent,2018,Grey,Standard,1.4,Gas,Automatic,81967,35500.0
Hyundai,Elantra,2017,White,Standard,1.6,Gas,Automatic,229507,35500.0
Nissan,Altima,2014,Bronze,Semi Full,2.5,Gas,Automatic,139337,36500.0
Hyundai,Elantra,2017,White,Standard,1.6,Gas,Automatic,131889,36500.0
Chevrolet,Tahoe,2008,Black,Semi Full,5.7,Gas,Automatic,230000,38000.0
Nissan,Datsun,2015,White,Semi Full,2.5,Gas,Manual,174436,35000.0
Chevrolet,Caprice,2016,White,Standard,6.2,Gas,Automatic,155000,77000.0
Chevrolet,Tahoe,2016,Another Color,Semi Full,5.3,Gas,Automatic,105286,136000.0
GMC,Yukon,2015,White,Full,5.3,Gas,Automatic,133490,143000.0
Chevrolet,Caprice,2014,Another Color,Full,,Gas,Automatic,163000,82000.0
Chevrolet,Caprice,2011,Another Color,Full,,Gas,Automatic,200000,46000.0
Chevrolet,Caprice,2015,White,Standard,6.2,Gas,Automatic,268041,75000.0
GMC,Yukon,2015,Golden,Semi Full,5.3,Gas,Automatic,101060,125000.0
Chevrolet,Caprice,2012,Silver,Standard,,Gas,Automatic,260000,52000.0
Ford,Taurus,2017,White,Standard,3.5,Gas,Automatic,158039,75000.0
Ford,Taurus,2019,White,Standard,3.5,Gas,Automatic,62556,85000.0
Ford,Taurus,2019,White,Standard,3.5,Gas,Automatic,61817,85000.0
Chevrolet,Caprice,2013,White,Standard,6.2,Gas,Automatic,209861,65000.0
GMC,Yukon,2016,Another Color,Semi Full,5.3,Gas,Automatic,55106,150000.0
Chevrolet,Tahoe,2016,Another Color,Semi Full,5.3,Gas,Automatic,107320,130000.0
Chevrolet,Caprice,2015,Silver,Standard,,Gas,Automatic,105000,80000.0
Toyota,Land Cruiser 70,2016,White,Semi Full,,Gas,Manual,177000,90000.0
Chevrolet,Caprice,2015,White,Standard,,Gas,Automatic,244000,70000.0
Toyota,Land Cruiser,2014,White,Full,5.7,Gas,Automatic,175023,150000.0
Toyota,Land Cruiser Pickup,2015,Another Color,Full,4.0,Gas,Manual,203843,90000.0
Chevrolet,Caprice,2013,Silver,Standard,6.2,Gas,Automatic,55769,90000.0
Toyota,Camry,2017,Another Color,Full,2.5,Gas,Automatic,61000,77000.0
Toyota,Yaris,2018,Silver,Standard,1.5,Gas,Automatic,131099,36500.0
Hyundai,Accent,2018,White,Standard,1.4,Gas,Automatic,104681,36500.0
Hyundai,Accent,2019,Grey,Standard,1.4,Gas,Automatic,73567,36500.0
Toyota,Innova,2018,White,Semi Full,2.7,Gas,Automatic,14588,85000.0
Honda,Accord,2013,Grey,Semi Full,2.4,Gas,Automatic,250920,55000.0
Chevrolet,Tahoe,2015,Silver,Standard,5.3,Gas,Automatic,176332,120000.0
Nissan,Patrol,2019,Black,Full,4.0,Gas,Automatic,42527,170000.0
GMC,Yukon,2017,Bronze,Semi Full,6.0,Gas,Automatic,61339,155000.0
Nissan,Navara,2014,White,Semi Full,2.5,Gas,Automatic,178754,45000.0
Chevrolet,Caprice,2016,Grey,Semi Full,6.0,Gas,Automatic,208647,74000.0
Chevrolet,Caprice,2013,Silver,Standard,6.0,Gas,Automatic,55700,90000.0
Toyota,Hilux,2016,White,Full,2.7,Gas,Manual,55000,70000.0
Kia,Cerato,2017,White,Semi Full,1.6,Gas,Automatic,76000,38000.0
Hyundai,Sonata,2019,White,Full,2.4,Gas,Automatic,48000,68000.0
GMC,Yukon,2016,Brown,Semi Full,5.7,Gas,Automatic,48000,150000.0
Chevrolet,Caprice,2013,Grey,Standard,6.0,Gas,Automatic,130000,75000.0
Chevrolet,Caprice,2016,White,Standard,6.0,Gas,Automatic,230000,75000.0
Toyota,Land Cruiser,2005,Blue,Semi Full,4.0,Gas,Automatic,446,50000.0
Lexus,RX,2019,White,Full,3.5,Gas,Automatic,56000,203000.0
Jeep,Wrangler,2010,Black,Full,3.8,Gas,Manual,188,47000.0
Chevrolet,Tahoe,2020,Oily,Standard,5.3,Gas,Automatic,30800,166000.0
Chevrolet,Tahoe,2021,White,Full,5.3,Gas,Automatic,800,310000.0
Toyota,Yaris,2018,Silver,Standard,1.5,Gas,Automatic,134946,37500.0
Hyundai,Accent,2019,Another Color,Standard,1.4,Gas,Automatic,102650,37500.0
Hyundai,Accent,2019,White,Standard,1.4,Gas,Automatic,30302,38000.0
Hyundai,Accent,2018,White,Standard,1.4,Gas,Automatic,13081,38000.0
Ford,Focus,2013,Silver,Standard,1.6,Gas,Automatic,145000,14000.0
Mercedes-Benz,C,2019,Black,Semi Full,2.0,Gas,Automatic,22000,180000.0
BMW,X,2017,White,Semi Full,3.0,Gas,Automatic,71000,170000.0
Kia,Seltos,2020,Blue,Semi Full,1.6,Gas,Automatic,4800,73000.0
Mercedes-Benz,C,2019,Grey,Full,2.0,Gas,Automatic,40000,210000.0
GMC,Acadia,2014,Red,Full,3.6,Gas,Automatic,250000,50000.0
Mercedes-Benz,C,2017,Silver,Full,2.0,Gas,Automatic,96000,170000.0
Ford,Flex,2015,White,Standard,3.5,Gas,Automatic,93000,45000.0
Toyota,Innova,2016,White,Full,2.7,Gas,Automatic,190000,65000.0
Lexus,ES,2016,Black,Semi Full,,Gas,Automatic,89000,95000.0
GMC,Sierra,1984,Red,Standard,1.7,Gas,Automatic,238,55000.0
Ford,Victoria,2010,Blue,Semi Full,3.5,Gas,Automatic,280000,26000.0
Toyota,Camry,2020,White,Standard,2.5,Gas,Automatic,16500,86900.0
Hyundai,Sonata,2016,White,Full,,Gas,Automatic,76000,53000.0
Genesis,Prestige,2016,Silver,Standard,3.8,Gas,Automatic,131000,74000.0
Toyota,Corolla,2018,White,Standard,1.6,Gas,Automatic,87000,49000.0
Hyundai,Accent,2019,White,Standard,1.4,Gas,Automatic,74917,38500.0
Nissan,Sentra,2017,Silver,Standard,1.6,Gas,Automatic,105272,38500.0
Hyundai,Accent,2019,Silver,Standard,1.4,Gas,Automatic,84273,38500.0
Hyundai,Accent,2019,White,Standard,1.4,Gas,Automatic,33131,39500.0
Hyundai,Senta fe,2020,Black,Semi Full,2.4,Gas,Automatic,82000,88000.0
Genesis,G80,2016,White,Semi Full,3.5,Gas,Automatic,168000,80000.0
Toyota,Land Cruiser 70,2012,Another Color,Standard,4.0,Gas,Manual,94000,95000.0
Kia,Cadenza,2020,Silver,Semi Full,3.5,Gas,Automatic,23000,95000.0
Hyundai,Senta fe,2018,Another Color,Semi Full,3.3,Gas,Automatic,31000,75000.0
Lexus,ES,2016,White,Full,3.5,Gas,Automatic,188000,110000.0
Kia,Cadenza,2018,Silver,Standard,3.5,Gas,Automatic,128000,52000.0
Kia,Cadenza,2019,Silver,Semi Full,3.5,Gas,Automatic,94000,88000.0
Lexus,LX,2009,White,Full,5.7,Gas,Automatic,293000,122000.0
Hyundai,Azera,2019,Grey,Standard,3.0,Gas,Automatic,74000,80000.0
Toyota,Prado,2014,Another Color,Full,4.0,Gas,Automatic,314000,95000.0
Toyota,Prado,2017,Another Color,Semi Full,2.7,Gas,Automatic,175000,108000.0
Chevrolet,Suburban,2013,Brown,Semi Full,5.3,Gas,Automatic,358000,55000.0
Toyota,Land Cruiser,2010,White,Full,4.6,Gas,Automatic,344000,88000.0
Honda,Odyssey,2016,White,Semi Full,3.5,Gas,Automatic,339000,40000.0
GMC,Sierra,2015,Silver,Full,5.3,Gas,Automatic,255000,75000.0
Kia,Cadenza,2018,Silver,Semi Full,3.5,Gas,Automatic,172000,68000.0
Hyundai,Senta fe,2013,Another Color,Semi Full,3.3,Gas,Automatic,205000,48000.0
Nissan,Patrol,2013,Golden,Semi Full,5.6,Gas,Automatic,442000,85000.0
Honda,Accord,2018,White,Standard,1.5,Gas,Automatic,129000,68000.0
GMC,Yukon,2013,White,Full,5.3,Gas,Automatic,194000,80000.0
Toyota,Land Cruiser,2014,White,Full,4.0,Gas,Automatic,187000,125000.0
Ford,Expedition,2013,Silver,Semi Full,5.6,Gas,Automatic,336000,50000.0
GMC,Yukon,2016,Brown,Semi Full,5.3,Gas,Automatic,112000,110000.0
Kia,Cerato,2019,Another Color,Standard,1.6,Gas,Automatic,47000,46000.0
Hyundai,Accent,2019,Grey,Standard,1.4,Gas,Automatic,48521,39500.0
Nissan,Sentra,2018,Grey,Standard,1.6,Gas,Automatic,144039,39500.0
Hyundai,Accent,2019,Brown,Standard,1.4,Gas,Automatic,102113,39500.0
Hyundai,Accent,2019,Brown,Standard,1.4,Gas,Automatic,82903,39500.0
Honda,Accord,2018,White,Full,2.0,Gas,Automatic,105000,85000.0
Chevrolet,Tahoe,2013,Brown,Semi Full,5.3,Gas,Automatic,342000,53000.0
GMC,Yukon,2010,Golden,Standard,5.3,Gas,Automatic,352000,42000.0
Kia,Cadenza,2020,White,Standard,3.5,Gas,Automatic,38000,68000.0
GMC,Yukon,2011,Silver,Standard,5.3,Gas,Automatic,401000,52000.0
Genesis,Platinum,2016,White,Semi Full,3.5,Gas,Automatic,179000,82000.0
Nissan,Patrol,2010,Black,Full,5.6,Gas,Automatic,346000,70000.0
Hyundai,Sonata,2018,White,Semi Full,2.4,Gas,Automatic,108000,55000.0
Lexus,LS,2008,Another Color,Full,4.6,Gas,Automatic,130000,75000.0
Toyota,Camry,2017,Silver,Semi Full,2.5,Gas,Automatic,78000,60000.0
Ford,Taurus,2016,Another Color,Standard,3.5,Gas,Automatic,152000,60000.0
Toyota,Land Cruiser Pickup,2009,Another Color,Standard,4.5,Gas,Manual,468000,65000.0
Lexus,LX,2012,Another Color,Full,5.7,Gas,Automatic,346000,125000.0
Hyundai,Sonata,2020,Another Color,Semi Full,2.5,Gas,Automatic,22000,85000.0
Kia,Cadenza,2020,White,Standard,3.5,Gas,Automatic,96000,70000.0
Toyota,Corolla,2010,Oily,Standard,1.5,Gas,Manual,318800,18000.0
Honda,Accord,2019,Red,Semi Full,1.5,Gas,Automatic,49000,95000.0
Chevrolet,Tahoe,2015,Brown,Standard,5.3,Gas,Automatic,253000,99000.0
Chevrolet,Tahoe,2013,Golden,Semi Full,5.3,Gas,Automatic,363000,63000.0
Chevrolet,Tahoe,2016,White,Standard,5.3,Gas,Automatic,194000,116000.0
Mazda,CX5,2018,Another Color,Full,2.5,Gas,Automatic,151000,85000.0
Kia,Carnival,2015,Another Color,Standard,2.4,Gas,Automatic,132000,37000.0
Toyota,Camry,2020,Silver,Full,2.5,Gas,Automatic,22000,77000.0
Geely,Emgrand,2020,Navy,Semi Full,1.8,Gas,Automatic,15000,60000.0
Hyundai,Azera,2018,Another Color,Full,3.5,Gas,Automatic,127000,82000.0
Hyundai,Accent,2019,White,Standard,1.4,Gas,Automatic,39750,40000.0
Hyundai,Accent,2019,White,Standard,1.4,Gas,Automatic,33613,40000.0
Hyundai,Accent,2019,Silver,Standard,1.4,Gas,Automatic,48511,40000.0
Toyota,FJ,2016,White,Full,4.0,Gas,Automatic,184000,100000.0
Toyota,Ciocca,2016,Another Color,Standard,5.7,Gas,Automatic,348000,79000.0
Hyundai,Sonata,2017,Silver,Standard,2.4,Gas,Automatic,166000,43000.0
Hyundai,Sonata,2017,Silver,Standard,2.4,Gas,Automatic,127000,43000.0
Kia,Carenz,2008,Another Color,Standard,2.0,Gas,Manual,350,12000.0
Toyota,Camry,2007,Golden,Standard,,Gas,Manual,192000,20000.0
Mercedes-Benz,SEL,1995,Black,Semi Full,,Gas,Automatic,252611,10000.0
Toyota,Hilux,2021,White,Full,2.4,Diesel,Automatic,4000,158500.0
GMC,Yukon,2011,White,Full,5.3,Gas,Automatic,342000,55000.0
Chevrolet,Tahoe,2008,Black,Semi Full,5.7,Gas,Automatic,330000,27000.0
Hyundai,Sonata,2018,Grey,Full,2.0,Gas,Automatic,79000,36000.0
Lexus,ES,2015,Black,Full,3.6,Gas,Automatic,232000,90000.0
Kia,Rio,2016,Grey,Semi Full,1.4,Gas,Automatic,138000,30000.0
BMW,The 6,2014,Grey,Full,3.0,Gas,Automatic,206000,98000.0
Ford,Marquis,2011,Bronze,Semi Full,,Gas,Automatic,300000,22000.0
Toyota,FJ,2016,White,Semi Full,4.6,Gas,Automatic,272,85000.0
Mercedes-Benz,SL,2017,Grey,Full,4.7,Gas,Automatic,29000,280000.0
Mercedes-Benz,E,2016,Silver,Full,2.0,Gas,Automatic,93000,117000.0
Chevrolet,Impala,2015,Navy,Full,3.5,Gas,Automatic,200007,45000.0
Land Rover,Range Rover,2019,Another Color,Full,3.5,Gas,Automatic,38000,375000.0
Hyundai,Accent,2019,Silver,Standard,1.4,Gas,Automatic,93239,40500.0
Hyundai,Accent,2019,White,Standard,1.4,Gas,Automatic,33487,40500.0
Kia,Rio,2019,Silver,Standard,1.4,Gas,Automatic,66148,40500.0
Hyundai,Accent,2019,White,Standard,1.4,Gas,Automatic,49498,40500.0
Toyota,Hilux,2013,White,Full,,Gas,Manual,186,70000.0
Chevrolet,Malibu,2010,Navy,Full,3.6,Gas,Automatic,26000,17000.0
Ford,Marquis,2011,Golden,Full,,Gas,Automatic,114000,48000.0
Mazda,6,2019,White,Semi Full,2.5,Gas,Automatic,92000,70000.0
Toyota,Corolla,2014,White,Standard,2.0,Gas,Manual,276,23900.0
Nissan,Pathfinder,2006,Blue,Semi Full,,Gas,Automatic,300000,13000.0
HAVAL,H2,2020,Blue,Full,1.5,Gas,Automatic,15000,49000.0
Ford,Focus,2014,Blue,Standard,,Gas,Automatic,98000,23000.0
Nissan,Patrol,2016,White,Semi Full,5.6,Gas,Automatic,145000,128000.0
Toyota,Ciocca,2013,White,Semi Full,5.7,Gas,Automatic,235000,85000.0
Nissan,Sunny,2000,Oily,Standard,1.3,Gas,Manual,120000,7000.0
Ford,Taurus,2019,Silver,Standard,2.0,Gas,Automatic,34000,85000.0
GMC,Sierra,2020,Grey,Semi Full,5.3,Gas,Automatic,91000,135000.0
Hyundai,Accent,2018,White,Standard,1.4,Gas,Automatic,55893,40500.0
Hyundai,Elantra,2018,White,Standard,1.6,Gas,Automatic,120377,42000.0
Hyundai,Accent,2020,Silver,Standard,1.4,Gas,Automatic,19717,41500.0
Renault,Talisman,2017,Grey,Standard,2.0,Gas,Automatic,80151,41500.0
Toyota,Hilux,2017,White,Semi Full,2.7,Gas,Manual,83000,76000.0
Kia,Sportage,2014,Grey,Full,2.4,Gas,Automatic,140000,45000.0
Mitsubishi,Pajero,2016,Grey,Full,3.8,Gas,Automatic,205000,60000.0
Hyundai,Elantra,2017,Black,Semi Full,2.0,Gas,Automatic,51000,42000.0
Ford,Victoria,2002,Oily,Standard,4.6,Gas,Automatic,368000,10000.0
Toyota,Hilux,2014,White,Standard,1.0,Gas,Manual,160,50000.0
Toyota,Innova,2014,Blue,Standard,,Gas,Automatic,123000,33000.0
Chevrolet,Suburban,2017,Grey,Full,5.3,Gas,Automatic,153000,162000.0
Hyundai,H1,2012,Grey,Full,,Gas,Automatic,240,25000.0
Ford,Mustang,2016,Red,Semi Full,3.7,Gas,Automatic,79000,98000.0
Toyota,FJ,2020,White,Full,,Gas,Automatic,22300,132000.0
Hyundai,Sonata,2016,White,Standard,2.4,Gas,Automatic,10600,33000.0
Mitsubishi,Pajero,2012,White,Standard,3.8,Gas,Automatic,94484,41500.0
Mitsubishi,Pajero,2012,White,Standard,3.8,Gas,Automatic,86487,41500.0
Mitsubishi,Pajero,2012,White,Standard,3.8,Gas,Automatic,86213,41500.0
Mitsubishi,Pajero,2012,White,Standard,3.8,Gas,Automatic,88799,41500.0
Mitsubishi,Pajero,2016,White,Full,3.8,Gas,Automatic,146000,63000.0
Peugeot,5008,2012,Red,Standard,1.6,Gas,Automatic,12000,27000.0
BMW,The 7,2004,Black,Full,6.6,Gas,Automatic,70000,49000.0
Mitsubishi,Pajero,2012,White,Standard,3.8,Gas,Automatic,85175,41500.0
Mitsubishi,Pajero,2012,White,Standard,3.8,Gas,Automatic,91782,41500.0
Mitsubishi,Pajero,2012,White,Standard,3.8,Gas,Automatic,104330,41500.0
Mitsubishi,Pajero,2012,Silver,Standard,3.5,Gas,Automatic,65173,41500.0
Jeep,Grand Cherokee,2013,Another Color,Full,6.4,Gas,Automatic,118000,90000.0
Toyota,Land Cruiser Pickup,2015,Another Color,Semi Full,4.0,Gas,Manual,232,65000.0
GMC,Sierra,2021,Black,Full,,Gas,Automatic,2000,190000.0
GMC,Sierra,2021,Another Color,Full,8.0,Gas,Automatic,2800,180000.0
Mercedes-Benz,GLC,2020,Black,Standard,,Gas,Automatic,15391,265000.0
BMW,X,2020,Black,Standard,,Gas,Automatic,15900,270000.0
BMW,X,2020,White,Standard,,Gas,Automatic,11578,262000.0
Chevrolet,Suburban,2000,Grey,Full,,Gas,Automatic,2964,18000.0
BMW,X,2020,Black,Standard,,Gas,Automatic,55000,266000.0
BMW,X,2020,White,Standard,,Gas,Automatic,20000,257000.0
Mercedes-Benz,A,2020,Black,Standard,,Gas,Automatic,3710,173000.0
Mitsubishi,Pajero,2016,Grey,Full,3.8,Gas,Automatic,91000,67000.0
Mercedes-Benz,A,2020,White,Standard,,Gas,Automatic,10100,182000.0
FAW,T77,2021,Black,Full,1.2,Gas,Automatic,4000,73000.0
Mercedes-Benz,A,2021,Black,Standard,,Gas,Automatic,10000,179000.0
Mitsubishi,Pajero,2012,Silver,Standard,3.5,Gas,Automatic,78276,41500.0
Mitsubishi,Pajero,2012,Brown,Standard,3.5,Gas,Automatic,77556,41500.0
Kia,Sportage,2015,Red,Standard,2.4,Gas,Automatic,103885,41500.0
Hyundai,Accent,2020,White,Standard,1.4,Gas,Automatic,35547,41500.0
Mitsubishi,Pajero,2017,White,Full,3.5,Gas,Automatic,65400,58000.0
Toyota,Camry,2013,Black,Standard,2.5,Gas,Automatic,214,42000.0
Hyundai,Sonata,2019,Silver,Full,2.4,Gas,Automatic,5400,78000.0
Mercedes-Benz,C,2017,Grey,Full,2.0,Gas,Automatic,98000,148000.0
Kia,Cerato,2019,White,Standard,1.5,Gas,Automatic,30766,42000.0
Kia,Optima,2015,Another Color,Semi Full,2.4,Gas,Automatic,173000,36500.0
Chevrolet,Malibu,2019,Black,Standard,1.5,Gas,Automatic,127000,57000.0
Renault,Safrane,2012,White,Full,2.6,Gas,Automatic,144000,20000.0
Toyota,Camry,2017,Black,Standard,,Gas,Automatic,120,55000.0
Nissan,Patrol,2021,Black,Full,4.0,Gas,Automatic,4900,258000.0
Infiniti,QX,2014,Brown,Full,3.7,Gas,Automatic,32000,65000.0
Toyota,Land Cruiser,2013,White,Full,4.6,Gas,Automatic,300000,115000.0
Honda,Pilot,2012,Black,Full,,Gas,Automatic,225000,40000.0
Hyundai,Accent,2020,Silver,Standard,1.4,Gas,Automatic,22550,41500.0
Nissan,Navara,2016,White,Standard,2.5,Gas,Manual,132714,41500.0
Chery,Tiggo,2021,Grey,Standard,1.5,Gas,Automatic,4175,42500.0
Mercedes-Benz,S,2016,White,Full,3.0,Gas,Automatic,67000,235000.0
Kia,Sportage,2016,Grey,Semi Full,2.0,Gas,Automatic,163000,43000.0
Ford,Explorer,2010,Black,Standard,6.0,Gas,Automatic,35000,160000.0
Mercedes-Benz,C,2017,Blue,Full,2.5,Gas,Automatic,118000,119000.0
Hyundai,Accent,2017,White,Semi Full,1.4,Gas,Automatic,117000,23000.0
Kia,Optima,2017,White,Standard,2.4,Gas,Automatic,263400,40000.0
Toyota,Prado,2019,White,Full,4.0,Gas,Automatic,89000,151000.0
BMW,X,2007,White,Full,4.8,Gas,Automatic,260000,28000.0
Chevrolet,Tahoe,2016,Another Color,Semi Full,5.3,Gas,Automatic,147000,120000.0
Jeep,Cherokee,2016,Black,Standard,2.4,Gas,Automatic,90000,41000.0
Mazda,CX9,2015,Brown,Semi Full,3.7,Gas,Automatic,221000,48000.0
Dodge,Durango,2014,White,Standard,,Gas,Automatic,170000,44000.0
Toyota,Innova,2015,Black,Semi Full,,Gas,Automatic,216,39000.0
Toyota,Camry,2016,Another Color,Full,2.5,Gas,Automatic,222,55000.0
Nissan,Pathfinder,2014,White,Standard,3.5,Gas,Automatic,187390,43500.0
Toyota,Corolla,2018,Silver,Standard,1.6,Gas,Automatic,103966,43500.0
Hyundai,Accent,2020,Grey,Standard,1.4,Gas,Automatic,25234,44000.0
Changan,Eado,2020,Red,Semi Full,1.6,Gas,Automatic,94182,44000.0
Chevrolet,Impala,2015,Another Color,Semi Full,3.6,Gas,Automatic,145462,55000.0
Lincoln,MKS,2018,White,Semi Full,2.0,Gas,Automatic,14000,115000.0
Jeep,Wrangler,2018,Grey,Semi Full,4.4,Gas,Automatic,43000,135000.0
Jeep,Wrangler,2018,Black,Semi Full,4.0,Gas,Automatic,32000,129000.0
Mercedes-Benz,E,2015,White,Full,2.7,Gas,Automatic,23000,129000.0
Lexus,LS,2019,Brown,Full,4.6,Gas,Automatic,600,329000.0
Cadillac,CT5,2021,Black,Semi Full,4.5,Gas,Automatic,100,179000.0
BMW,X,2011,Black,Full,6.0,Gas,Automatic,160000,45000.0
Ford,Taurus,2011,Black,Standard,1.6,Gas,Automatic,268000,28000.0
Ford,Expedition,2014,Black,Semi Full,,Gas,Automatic,263000,48000.0
Kia,Optima,2015,Navy,Semi Full,2.4,Gas,Automatic,173544,37000.0
Kia,Rio,2016,Silver,Standard,1.4,Gas,Automatic,188000,21000.0
Hyundai,Accent,2018,Silver,Standard,1.4,Gas,Automatic,76000,37500.0
Nissan,Datsun,2016,White,Standard,2.4,Gas,Manual,2389,62000.0
Hyundai,Kona,2020,White,Semi Full,2.0,Gas,Automatic,21000,67000.0
Mazda,CX5,2020,White,Full,2.0,Gas,Automatic,26000,112000.0
Ford,Taurus,2014,White,Standard,3.5,Gas,Automatic,155000,57000.0
Toyota,Corolla,2017,Silver,Standard,1.6,Gas,Automatic,92412,44500.0
Toyota,Corolla,2016,White,Standard,1.6,Gas,Automatic,142478,44500.0
Kia,Cerato,2019,Navy,Standard,1.6,Gas,Automatic,85758,45000.0
Kia,Cerato,2019,White,Standard,1.6,Gas,Automatic,30799,45000.0
Porsche,Panamera,2011,Silver,Full,3.0,Gas,Automatic,141000,85000.0
Kia,Optima,2015,White,Semi Full,2.0,Gas,Automatic,82900,46000.0
Changan,CS35,2021,Blue,Full,1.6,Gas,Automatic,2400,51000.0
Toyota,Toyota 86,1988,White,Standard,,Gas,Manual,100000,8000.0
Geely,Coolray,2020,Red,Semi Full,1.5,Gas,Automatic,280,62000.0
Ford,Expedition,2012,White,Semi Full,2.1,Gas,Automatic,215000,25500.0
Chevrolet,Suburban,2011,Golden,Semi Full,4.0,Gas,Automatic,289,36000.0
Chevrolet,Impala,2019,Bronze,Semi Full,3.5,Gas,Automatic,91000,74000.0
Nissan,X-Trail,2018,Black,Full,2.5,Gas,Automatic,86500,74000.0
MINI,Countryman,2019,Black,Semi Full,2.0,Gas,Automatic,22000,125000.0
Jeep,Grand Cherokee,2014,White,Standard,,Gas,Automatic,233000,50000.0
Isuzu,D-MAX,2016,White,Standard,2.5,Diesel,Manual,275000,55500.0
Mercedes-Benz,S,1995,Silver,Full,,Gas,Automatic,200000,15000.0
Dodge,Charger,2013,Black,Semi Full,3.6,Gas,Automatic,205000,29000.0
Land Rover,Range Rover,2016,Black,Full,,Gas,Automatic,70000,288000.0
Chevrolet,Tahoe,2010,Black,Full,5.3,Gas,Automatic,250000,55000.0
Kia,Optima,2015,White,Semi Full,2.4,Gas,Automatic,68245,45000.0
Nissan,X-Trail,2017,White,Standard,2.5,Gas,Automatic,331612,46000.0
Kia,Cerato,2019,White,Standard,1.6,Gas,Automatic,43632,45500.0
Toyota,Corolla,2016,White,Standard,1.6,Gas,Automatic,76294,45500.0
Hyundai,Senta fe,2016,Navy,Full,3.3,Gas,Automatic,73115,85000.0
Toyota,Innova,2017,Black,Full,2.7,Gas,Automatic,247000,55000.0
Toyota,Camry,2014,White,Standard,,Gas,Automatic,220,46000.0
Mazda,CX9,2015,Blue,Full,,Gas,Automatic,115000,82000.0
Mercedes-Benz,A,2020,Black,Standard,2.0,Gas,Automatic,10770,165000.0
Chevrolet,Tahoe,2013,Brown,Semi Full,,Gas,Automatic,250000,70000.0
Ford,Flex,2015,Black,Full,1.0,Gas,Automatic,81000,66000.0
Hyundai,Azera,2018,Grey,Full,3.5,Gas,Automatic,50000,85000.0
Nissan,Altima,2017,Silver,Standard,2.5,Gas,Automatic,122000,44000.0
Renault,Fluence,2016,White,Standard,1.6,Gas,Automatic,105000,23000.0
Mazda,6,2017,Another Color,Semi Full,2.5,Gas,Automatic,106000,56000.0
Toyota,Land Cruiser,2014,White,Full,4.6,Gas,Automatic,156000,143000.0
Nissan,Patrol,2016,White,Full,4.8,Gas,Automatic,5448,90000.0
Nissan,Patrol,2016,White,Standard,4.8,Gas,Automatic,4700,88000.0
Mitsubishi,Pajero,2018,White,Full,3.5,Gas,Automatic,74715,76000.0
Toyota,Hilux,2016,White,Standard,2.0,Gas,Manual,202332,57000.0
Toyota,Yaris,2019,White,Standard,1.5,Gas,Automatic,33504,38000.0
Hyundai,Accent,2018,White,Standard,1.4,Gas,Automatic,110761,32000.0
Kia,Sportage,2018,Another Color,Semi Full,2.0,Gas,Automatic,46000,58600.0
Kia,Sportage,2018,Bronze,Semi Full,2.0,Gas,Automatic,46000,58600.0
Hyundai,Elantra,2019,White,Standard,1.6,Gas,Automatic,76095,45500.0
Hyundai,Elantra,2019,Navy,Standard,1.6,Gas,Automatic,56536,47000.0
Mitsubishi,Pajero,2014,White,Full,3.8,Gas,Automatic,271943,46500.0
GMC,Yukon,2012,Bronze,Semi Full,5.3,Gas,Automatic,410000,56600.0
Peugeot,Partner,2015,White,Semi Full,1.6,Gas,Manual,100000,25000.0
Toyota,Furniture,2018,Silver,Full,1.0,Gas,Automatic,68000,125000.0
Hyundai,Genesis,2016,White,Standard,3.8,Gas,Automatic,237000,77000.0
BMW,X,2020,White,Full,4.0,Gas,Automatic,1000,410000.0
Toyota,Camry,2018,Brown,Standard,2.5,Gas,Automatic,85000,75000.0
Hyundai,Azera,2018,Brown,Full,3.5,Gas,Automatic,44000,96000.0
Mercedes-Benz,S,2006,Oily,Full,5.0,Gas,Automatic,220,49000.0
Nissan,Patrol,2020,Silver,Full,4.0,Gas,Automatic,29000,238000.0
Lexus,ES,2021,Grey,Semi Full,3.5,Gas,Automatic,500,235000.0
Lexus,LX,2020,Black,Full,5.7,Gas,Automatic,35000,395000.0
Honda,Odyssey,2020,Navy,Semi Full,3.5,Gas,Automatic,1300,165000.0
Toyota,Furniture,2019,White,Semi Full,4.0,Gas,Automatic,47000,120000.0
Toyota,Furniture,2019,Black,Semi Full,2.7,Gas,Automatic,20000,102000.0
Mazda,6,2021,Grey,Standard,2.5,Gas,Automatic,115,93000.0
Renault,Captur,2017,Bronze,Semi Full,1.6,Gas,Automatic,56000,42000.0
Ford,Vego,2019,White,Standard,1.5,Gas,Automatic,51419,27500.0
Ford,Vego,2019,White,Standard,1.5,Gas,Automatic,47856,27500.0
Ford,Vego,2019,Black,Standard,1.5,Gas,Automatic,26315,27499.0
Peugeot,301,2015,Blue,Semi Full,1.6,Gas,Manual,278000,15000.0
Hyundai,Elantra,2019,White,Standard,1.6,Gas,Automatic,61374,46500.0
Hyundai,H1,2017,White,Standard,2.4,Gas,Automatic,209677,47500.0
Hyundai,Sonata,2015,Grey,Semi Full,2.4,Gas,Automatic,235575,47500.0
Toyota,Corolla,2016,White,Semi Full,1.6,Gas,Automatic,138661,47500.0
Mercedes-Benz,S,2018,Another Color,Full,3.5,Gas,Automatic,53700,320000.0
Mercedes-Benz,C,2015,Black,Standard,2.4,Gas,Automatic,127000,102000.0
Ford,Taurus,2017,Black,Full,3.5,Gas,Automatic,27000,83000.0
GMC,Yukon,2016,Black,Semi Full,5.2,Gas,Automatic,104000,124000.0
Chrysler,300,2016,Another Color,Semi Full,3.6,Gas,Automatic,85000,78000.0
Honda,Accord,2016,White,Standard,2.4,Gas,Automatic,90000,65000.0
Ford,Expedition,2016,Another Color,Semi Full,3.5,Gas,Automatic,63000,95000.0
Mercedes-Benz,CLA,2015,White,Full,2.0,Gas,Automatic,123000,78000.0
Toyota,Avalon,2016,Silver,Semi Full,3.5,Gas,Automatic,93000,75000.0
Mercedes-Benz,E,2016,White,Full,3.0,Gas,Automatic,117000,110000.0
Chrysler,300,2016,Black,Full,3.5,Gas,Automatic,18000,86000.0
Audi,A6,2021,White,Full,2.0,Gas,Automatic,1800,245000.0
Chevrolet,Suburban,2016,Golden,Standard,5.2,Gas,Automatic,96000,126000.0
Toyota,Camry,2016,White,Full,2.4,Gas,Automatic,75000,68000.0
Hyundai,Sonata,2015,Red,Standard,2.4,Gas,Automatic,80000,45000.0
Chevrolet,Impala,2018,Navy,Full,3.5,Gas,Automatic,113000,78000.0
Chevrolet,Tahoe,2016,Silver,Semi Full,5.2,Gas,Automatic,93000,130000.0
Lexus,ES,2018,Bronze,Standard,3.5,Gas,Automatic,65000,122000.0
Nissan,Altima,2018,Silver,Semi Full,2.5,Gas,Automatic,32000,66000.0
Honda,Odyssey,2016,White,Standard,2.4,Gas,Automatic,87000,65000.0
Hyundai,Elantra,2019,White,Standard,1.6,Gas,Automatic,78781,47500.0
Hyundai,Elantra,2019,Grey,Standard,1.6,Gas,Automatic,106787,48500.0
Hyundai,Elantra,2019,Silver,Standard,1.6,Gas,Automatic,116842,48500.0
Hyundai,Elantra,2019,White,Standard,1.6,Gas,Automatic,107133,48500.0
Chevrolet,Impala,2016,White,Full,3.5,Gas,Automatic,152000,70000.0
Honda,Pilot,2015,Silver,Full,3.5,Gas,Automatic,98000,75000.0
Chevrolet,Impala,2016,White,Full,3.5,Gas,Automatic,117000,72000.0
Toyota,Previa,2017,White,Semi Full,3.0,Gas,Automatic,101000,65000.0
Ford,Explorer,2016,Brown,Standard,3.8,Gas,Automatic,83000,85000.0
Chevrolet,Tahoe,2020,Red,Standard,5.3,Gas,Automatic,37000,165000.0
Hyundai,H1,2018,Blue,Semi Full,2.4,Gas,Automatic,49000,70000.0
Chevrolet,Tahoe,2016,Black,Semi Full,5.3,Gas,Automatic,109000,130000.0
GMC,Suburban,2016,Another Color,Standard,5.3,Gas,Automatic,98000,140000.0
Toyota,Hilux,2016,White,Semi Full,,Gas,Automatic,162500,84000.0
Ford,Flex,2012,Silver,Semi Full,,Gas,Automatic,282000,25000.0
Nissan,X-Terra,2014,Black,Full,4.0,Gas,Automatic,133000,80000.0
Toyota,Cressida,1996,White,Semi Full,,Gas,Manual,600,10000.0
Hyundai,Elantra,2019,White,Standard,1.6,Gas,Automatic,91959,48500.0
Hyundai,Elantra,2019,Silver,Standard,1.6,Gas,Automatic,103358,48500.0
Kia,Optima,2018,Red,Standard,2.0,Gas,Automatic,101381,48500.0
Hyundai,Sonata,2017,White,Standard,2.4,Gas,Automatic,165163,49000.0
Hyundai,Sonata,2016,Brown,Semi Full,2.4,Gas,Automatic,235000,46000.0
Renault,Duster,2016,Black,Standard,2.0,Gas,Automatic,55000,26000.0
Ford,Expedition,2017,Another Color,Standard,3.5,Gas,Automatic,123000,85000.0
Mercedes-Benz,C,2019,White,Semi Full,2.0,Gas,Automatic,35000,145000.0
Hyundai,Tucson,2017,Blue,Standard,1.6,Gas,Automatic,17005,70000.0
Chevrolet,Impala,2016,Black,Standard,3.0,Diesel,Manual,88000,61000.0
Mercedes-Benz,S,2019,Black,Full,4.0,Gas,Automatic,30000,320000.0
Kia,Sportage,2021,Grey,Standard,1.6,Gas,Automatic,4000,75000.0
Ford,Unknown,1982,Bronze,Full,5.0,Gas,Automatic,34000,180000.0
Lexus,RX,2017,White,Full,3.5,Gas,Automatic,94051,173000.0
Lexus,ES,2017,Golden,Full,3.5,Gas,Automatic,34593,148000.0
Toyota,Corolla,2018,Brown,Standard,1.6,Gas,Automatic,55398,49000.0
Nissan,Altima,2016,White,Standard,2.5,Gas,Automatic,112915,49000.0
Hyundai,Elantra,2019,White,Standard,1.6,Gas,Automatic,35093,50000.0
Hyundai,Elantra,2017,Grey,Full,1.6,Gas,Automatic,132310,49500.0
Ford,Explorer,2016,Black,Standard,2.5,Gas,Automatic,83000,86000.0
Mercedes-Benz,C,2018,Grey,Full,2.0,Gas,Automatic,82215,138000.0
Ford,Mustang,2019,White,Full,2.3,Gas,Automatic,52538,138000.0
Chevrolet,Tahoe,2016,Golden,Full,5.3,Gas,Automatic,128000,164000.0
Hyundai,Elantra,2011,White,Standard,,Gas,Manual,300000,13000.0
Nissan,Patrol,2015,Grey,Full,3.2,Gas,Automatic,125000,130000.0
Ford,Taurus,2011,Red,Semi Full,3.5,Gas,Automatic,281000,29500.0
Chevrolet,Suburban,2011,Golden,Semi Full,4.0,Gas,Automatic,270,37000.0
Ford,Mustang,2016,Red,Full,2.3,Gas,Automatic,84000,99000.0
Hyundai,Sonata,2016,Red,Standard,2.4,Gas,Automatic,220000,43000.0
Mercedes-Benz,E,2019,Grey,Full,2.0,Gas,Automatic,28000,230000.0
Hyundai,Accent,2018,White,Standard,1.4,Gas,Automatic,128000,28000.0
Nissan,Sentra,2016,White,Standard,1.6,Gas,Automatic,81000,38000.0
Nissan,Altima,2017,White,Full,2.5,Gas,Automatic,135988,49500.0
Ford,Expedition,2012,Grey,Semi Full,5.4,Gas,Automatic,266007,49500.0
Changan,Eado,2020,Brown,Semi Full,1.6,Gas,Automatic,24938,49500.0
Toyota,Camry,2015,White,Full,2.5,Gas,Automatic,237171,50000.0
Nissan,Sunny,2016,White,Standard,1.5,Gas,Automatic,211000,20000.0
Toyota,Hilux,2020,White,Full,2.4,Diesel,Manual,29000,142000.0
Toyota,Land Cruiser,2017,White,Full,4.6,Gas,Automatic,200000,180000.0
Toyota,Avalon,2016,Silver,Semi Full,3.5,Gas,Automatic,110000,73000.0
Audi,A6,2021,Black,Semi Full,2.0,Gas,Automatic,5000,230000.0
Lexus,LX,2013,White,Full,5.7,Gas,Automatic,252000,145000.0
Toyota,Camry,2016,Another Color,Standard,,Gas,Automatic,86000,60000.0
Kia,Seltos,2021,White,Standard,1.6,Gas,Automatic,1700,70000.0
BMW,The 7,2011,White,Full,,Gas,Automatic,115,65000.0
Toyota,Hilux,2019,White,Full,2.7,Diesel,Automatic,73577,135000.0
Toyota,Rav4,2020,White,Standard,2.0,Gas,Automatic,30000,93000.0
Toyota,Corolla,2018,Silver,Standard,1.6,Gas,Automatic,90084,50000.0
Nissan,Datsun,2016,White,Semi Full,2.7,Gas,Automatic,109766,50500.0
Hyundai,Elantra,2019,Navy,Standard,1.6,Gas,Automatic,101364,50500.0
Ford,Expedition,2012,White,Semi Full,5.4,Gas,Automatic,177078,51000.0
Mazda,CX9,2014,Black,Full,3.7,Gas,Automatic,388000,37000.0
Dodge,Challenger,2018,Another Color,Full,4.5,Gas,Automatic,90000,113000.0
Ford,Taurus,2016,Another Color,Full,3.5,Gas,Automatic,105,83000.0
Kia,Optima,2015,Navy,Semi Full,2.4,Gas,Automatic,359000,32000.0
Porsche,Panamera,2011,White,Full,4.8,Gas,Automatic,49000,125000.0
Chevrolet,Impala,2018,Black,Standard,3.6,Gas,Automatic,112000,67000.0
Renault,Duster,2017,Silver,Standard,2.0,Gas,Automatic,83000,26000.0
Genesis,Prestige,2016,Black,Standard,3.8,Gas,Automatic,165000,84000.0
Hyundai,Elantra,2017,White,Semi Full,2.0,Gas,Automatic,150000,40000.0
Toyota,Land Cruiser,2011,White,Full,4.6,Gas,Automatic,211000,115000.0
Hyundai,Elantra,2016,White,Standard,1.6,Gas,Automatic,172600,35000.0
Toyota,Camry,2016,White,Standard,2.5,Gas,Automatic,148254,59000.0
Chevrolet,Tahoe,2021,Bronze,Semi Full,5.3,Gas,Automatic,700,229000.0
Toyota,Land Cruiser,2003,Golden,Full,,Gas,Automatic,225,35000.0
Chevrolet,Tahoe,2013,Red,Semi Full,,Gas,Automatic,211257,60000.0
Kia,Optima,2006,White,Standard,1.3,Gas,Manual,290000,6000.0
Lexus,ES,2009,White,Standard,3.6,Gas,Automatic,300000,43000.0
Toyota,Camry,2017,Grey,Standard,2.5,Gas,Automatic,380000,43000.0
Lexus,ES,2018,White,Full,,Gas,Automatic,66000,139000.0
Mitsubishi,Pajero,2015,White,Standard,3.5,Gas,Automatic,135063,52000.0
Kia,Optima,2016,Grey,Semi Full,2.4,Gas,Automatic,233124,51500.0
Changan,Eado,2020,Blue,Full,1.6,Gas,Automatic,36748,51500.0
Changan,CS75,2019,Grey,Full,1.8,Gas,Automatic,83425,51500.0
Bentley,Flying Spur,2015,Black,Full,6.0,Gas,Automatic,47000,310000.0
Chevrolet,Impala,2019,White,Standard,3.6,Gas,Automatic,144000,77000.0
Mitsubishi,Outlander,2017,White,Semi Full,2.4,Gas,Automatic,102000,42000.0
Toyota,Furniture,2013,White,Standard,4.0,Gas,Automatic,248500,58000.0
Toyota,Rav4,2012,White,Standard,2.5,Gas,Automatic,234000,30000.0
GMC,Sierra,2020,White,Standard,5.3,Gas,Automatic,17000,135000.0
Nissan,Datsun,2016,White,Standard,2.4,Gas,Manual,866,53000.0
Honda,Accord,2016,White,Full,1.6,Gas,Automatic,81000,63000.0
Dodge,Charger,2013,Grey,Full,5.7,Gas,Automatic,198000,39000.0
Hyundai,Sonata,2012,White,Semi Full,2.4,Gas,Automatic,487000,19000.0
Toyota,Camry,2017,White,Standard,2.5,Gas,Automatic,175000,45000.0
Hyundai,Elantra,2019,White,Standard,1.6,Gas,Automatic,76014,48000.0
Nissan,Sunny,2019,White,Standard,,Gas,Automatic,147008,28000.0
Hyundai,Tucson,2017,Brown,Semi Full,2.0,Gas,Automatic,105237,58000.0
Toyota,Land Cruiser,2018,White,Full,5.7,Gas,Automatic,125000,245000.0
Mercedes-Benz,GT,2020,Black,Standard,,Gas,Automatic,35211,463000.0
Lexus,ES,2016,Grey,Full,3.5,Gas,Automatic,50000,126000.0
Toyota,Corolla,2018,White,Standard,1.6,Gas,Automatic,88288,51500.0
Hyundai,Elantra,2019,Silver,Standard,2.0,Gas,Automatic,70568,51500.0
Mazda,CX9,2014,Grey,Semi Full,3.7,Gas,Automatic,289903,51500.0
Kia,Sorento,2015,Grey,Full,3.5,Gas,Automatic,116731,52000.0
Toyota,Yaris,2019,Silver,Standard,1.5,Gas,Automatic,59000,41000.0
Ford,Explorer,2016,Brown,Full,3.5,Gas,Automatic,106115,122000.0
Nissan,Sunny,2014,Red,Standard,1.5,Gas,Automatic,139740,20000.0
Aston Martin,Vanquish,2013,Another Color,Full,6.0,Gas,Automatic,32000,400000.0
Toyota,Hilux,2017,White,Full,,Gas,Manual,100000,90000.0
Mazda,CX9,2020,Brown,Full,3.5,Gas,Automatic,25182,120000.0
Mitsubishi,Unknown,2006,White,Standard,2.5,Diesel,Manual,140000,45000.0
Hyundai,Elantra,2016,Another Color,Full,2.0,Gas,Automatic,4000,48000.0
Toyota,Land Cruiser,2013,White,Full,,Gas,Automatic,275000,125000.0
Toyota,Camry,2020,Silver,Standard,2.5,Gas,Automatic,25000,95000.0
Ford,F150,2013,White,Standard,5.0,Gas,Automatic,222000,38000.0
Ford,F150,2018,Brown,Full,5.0,Gas,Automatic,59790,135000.0
Toyota,Camry,2017,Silver,Full,2.5,Gas,Automatic,253641,62000.0
Chrysler,C300,2015,White,Semi Full,3.6,Gas,Automatic,109000,70000.0
Hyundai,Sonata,2019,Grey,Semi Full,2.4,Gas,Automatic,100000,50000.0
Chevrolet,Tahoe,2019,Black,Semi Full,,Gas,Automatic,10000,140000.0
Toyota,Land Cruiser,2019,White,Full,4.6,Gas,Automatic,6000,267000.0
Mitsubishi,Attrage,2020,Silver,Standard,,Gas,Automatic,15000,25000.0
Toyota,Rav4,2018,Black,Full,1.8,Gas,Automatic,63000,90000.0
Hyundai,Sonata,2016,White,Standard,2.4,Gas,Automatic,159000,38000.0
Volkswagen,Touareg,2012,Another Color,Semi Full,,Gas,Automatic,243000,50000.0
Kia,Optima,2015,White,Standard,,Gas,Manual,104000,25000.0
Hyundai,Elantra,2019,White,Standard,1.6,Gas,Automatic,75392,52500.0
Hyundai,Elantra,2019,White,Standard,2.0,Gas,Automatic,18197,53000.0
Hyundai,Elantra,2019,Silver,Standard,2.0,Gas,Automatic,22999,53000.0
Mazda,6,2015,Blue,Standard,2.0,Gas,Automatic,82914,53000.0
Toyota,Camry,2017,White,Semi Full,2.4,Gas,Automatic,190000,54000.0
BMW,The 5,2014,Black,Standard,2.0,Gas,Automatic,150000,57000.0
Chevrolet,Impala,2016,Silver,Standard,3.6,Gas,Automatic,118000,48000.0
Hyundai,Accent,2018,White,Standard,1.4,Gas,Automatic,137175,32000.0
Mazda,CX9,2020,Navy,Full,,Gas,Automatic,22000,143000.0
Hyundai,Accent,2017,White,Standard,1.4,Gas,Automatic,168000,29000.0
BMW,The 7,2016,Bronze,Full,2.0,Gas,Automatic,134000,150000.0
Nissan,Urvan,2016,White,Standard,2.5,Gas,Automatic,89000,57000.0
Mercedes-Benz,GT,2020,Grey,Full,,Gas,Automatic,44880,456000.0
Mercedes-Benz,E,2017,White,Full,2.0,Gas,Automatic,65000,163000.0
Hyundai,Elantra,2014,Black,Full,2.0,Gas,Automatic,288051,28000.0
Mercedes-Benz,C,2019,Black,Full,2.0,Gas,Automatic,14000,195000.0
Nissan,Sunny,2019,Silver,Standard,1.5,Gas,Automatic,98000,27500.0
Hyundai,Accent,2018,Silver,Standard,1.4,Gas,Automatic,69000,35000.0
Toyota,Hilux,2014,White,Full,,Gas,Manual,221000,70000.0
GMC,Safari,2005,Another Color,Semi Full,5.3,Gas,Automatic,84000,22000.0
Mitsubishi,Pajero,2018,White,Full,3.8,Gas,Automatic,60000,85000.0
Land Rover,Range Rover,2016,White,Full,3.0,Gas,Automatic,100000,135000.0
Ford,F150,2020,Grey,Full,5.0,Gas,Automatic,2061,155000.0
Isuzu,D-MAX,2014,White,Standard,,Diesel,Manual,125000,45000.0
Land Rover,Range Rover,2016,Black,Full,4.3,Gas,Automatic,87000,167000.0
Cadillac,CT5,2021,Black,Semi Full,2.0,Gas,Automatic,100,179000.0
Hyundai,Elantra,2016,Grey,Standard,2.0,Gas,Automatic,117000,39000.0
Hyundai,Sonata,2017,Silver,Standard,2.4,Gas,Automatic,61184,54000.0
Toyota,Camry,2016,Silver,Standard,2.5,Gas,Automatic,183541,53000.0
Chevrolet,Impala,2017,Navy,Semi Full,3.6,Gas,Automatic,122102,53500.0
Toyota,Camry,2016,Brown,Standard,2.5,Gas,Automatic,136111,53500.0
Toyota,Innova,2018,Grey,Semi Full,2.0,Gas,Automatic,99000,64000.0
Kia,Cerato,2018,Silver,Semi Full,1.6,Gas,Automatic,161000,33000.0
Toyota,Camry,2008,White,Standard,2.4,Gas,Manual,388000,17000.0
Hyundai,Elantra,2015,Blue,Standard,1.6,Gas,Automatic,227000,28000.0
Aston Martin,Vantage,2008,White,Full,,Gas,Automatic,18000,190000.0
Honda,HRV,2021,Black,Standard,1.8,Gas,Automatic,6000,60000.0
Toyota,Hilux,2016,White,Standard,2.7,Gas,Manual,155000,61000.0
Toyota,Hilux,2018,White,Full,2.7,Gas,Manual,175000,63000.0
Toyota,Hilux,2018,White,Full,2.7,Gas,Manual,111000,63000.0
Hyundai,Accent,2019,Silver,Standard,1.4,Gas,Automatic,70900,40000.0
Hyundai,Accent,2018,White,Standard,1.5,Gas,Automatic,90400,32000.0
Hyundai,Senta fe,2018,White,Semi Full,3.3,Gas,Automatic,84000,75000.0
Hyundai,Accent,2019,Brown,Standard,,Gas,Automatic,56400,38000.0
Toyota,Land Cruiser,2017,White,Full,4.0,Gas,Automatic,78000,182000.0
Toyota,Hilux,2016,White,Semi Full,2.7,Gas,Manual,70000,77000.0
Toyota,Hilux,2016,White,Semi Full,2.7,Gas,Manual,210800,62000.0
Toyota,Hilux,2017,White,Semi Full,2.7,Gas,Manual,150000,70000.0
Renault,Duster,2017,Silver,Standard,2.0,Gas,Automatic,124000,27000.0
Ford,Fusion,2016,Another Color,Standard,2.5,Gas,Automatic,107590,54500.0
Toyota,Camry,2017,White,Standard,2.5,Gas,Automatic,190144,54000.0
Hyundai,Sonata,2018,Grey,Standard,2.4,Gas,Automatic,161796,54500.0
Hyundai,Creta,2020,White,Standard,1.6,Gas,Automatic,65357,55000.0
GMC,Sierra,2015,Another Color,Standard,5.3,Gas,Automatic,259000,75000.0
Toyota,Corolla,2013,White,Standard,1.6,Gas,Automatic,290000,30000.0
Mercedes-Benz,CLA,2020,White,Standard,,Gas,Automatic,14000,217000.0
Ford,Mustang,2016,Red,Semi Full,3.7,Gas,Automatic,103000,94000.0
Mazda,3,2016,Silver,Semi Full,2.0,Gas,Automatic,104800,39000.0
Audi,Q5,2018,Grey,Full,2.0,Gas,Automatic,60000,155000.0
Renault,Fluence,2016,Silver,Semi Full,1.8,Gas,Automatic,67000,22000.0
Lexus,LX,2013,White,Full,5.7,Gas,Automatic,98000,200000.0
Changan,CS75,2020,Red,Standard,1.6,Gas,Automatic,8000,62000.0
Toyota,Land Cruiser,2019,White,Full,5.7,Gas,Automatic,101000,220000.0
Honda,Accord,2018,Grey,Full,1.5,Gas,Automatic,40804,95000.0
Chevrolet,Silverado,2018,Silver,Semi Full,,Gas,Automatic,112000,77000.0
BMW,The 7,2021,White,Full,2.0,Gas,Automatic,2000,450000.0
Ford,Explorer,2017,Black,Standard,1.4,Gas,Automatic,187000,73500.0
Cadillac,CT4,2020,White,Semi Full,3.7,Gas,Automatic,100,159000.0
Renault,Fluence,2014,Silver,Semi Full,1.6,Gas,Automatic,135000,18000.0
Jeep,Grand Cherokee,2014,Grey,Full,5.7,Gas,Automatic,76300,85000.0
Ford,Taurus,2015,White,Full,3.1,Gas,Automatic,96000,81000.0
Ford,Taurus,2015,Grey,Full,3.5,Gas,Automatic,92000,72000.0
Ford,Taurus,2017,Grey,Standard,,Gas,Automatic,123000,69000.0
Mazda,6,2017,White,Standard,2.5,Gas,Automatic,48004,55000.0
Kia,Sorento,2015,Brown,Standard,3.3,Gas,Automatic,94283,55500.0
Hyundai,Elantra,2019,White,Standard,1.6,Gas,Automatic,67610,55500.0
Hyundai,Elantra,2019,White,Standard,1.6,Gas,Automatic,64788,55500.0
Ford,Flex,2014,Brown,Semi Full,,Gas,Automatic,180000,47000.0
Ford,Taurus,2015,Red,Full,,Gas,Automatic,122000,69000.0
Ford,Taurus,2016,White,Full,3.5,Gas,Automatic,129000,74000.0
Honda,Odyssey,2016,Black,Semi Full,,Gas,Automatic,71000,63000.0
Ford,Taurus,2016,White,Full,,Gas,Automatic,72000,75000.0
Ford,Taurus,2016,Another Color,Full,3.5,Gas,Automatic,123000,77000.0
GMC,Yukon,2016,White,Full,5.3,Gas,Automatic,213000,146000.0
Ford,Mustang,2016,Silver,Full,3.7,Gas,Automatic,240000,89000.0
Chevrolet,Traverse,2016,White,Full,3.4,Gas,Automatic,154000,79000.0
Mazda,CX9,2017,Grey,Full,3.0,Gas,Automatic,93000,111000.0
Kia,Cerato,2016,Black,Standard,1.6,Gas,Automatic,114000,34000.0
GMC,Yukon,2014,Black,Full,5.3,Gas,Automatic,242000,73000.0
GMC,Sierra,2017,Silver,Full,5.3,Gas,Automatic,174000,99000.0
Fiat,Fiorino,2016,White,Standard,,Gas,Manual,45000,27000.0
Lincoln,MKX,2016,White,Full,3.7,Gas,Automatic,99000,99000.0
Lexus,ES,2017,White,Full,3.0,Gas,Automatic,69000,142000.0
Dodge,Challenger,2016,Silver,Full,3.6,Gas,Automatic,160000,89000.0
Mercedes-Benz,E,2017,Grey,Full,2.0,Gas,Automatic,66000,162000.0
Dodge,Charger,2016,Red,Full,3.6,Gas,Automatic,100000,99000.0
Mercedes-Benz,C,2017,White,Full,2.0,Gas,Automatic,50000,175000.0
Lexus,ES,2019,Grey,Full,3.5,Gas,Automatic,68000,179000.0
Chevrolet,Malibu,2017,White,Semi Full,2.5,Gas,Automatic,176000,49000.0
Nissan,Sunny,2016,White,Standard,1.5,Gas,Automatic,130000,25000.0
Hyundai,Creta,2019,Blue,Standard,1.6,Gas,Automatic,24516,56500.0
Ford,Taurus,2013,Silver,Standard,3.5,Gas,Automatic,87108,56500.0
Toyota,Corolla,2020,Grey,Standard,1.6,Gas,Automatic,67839,56500.0
Toyota,Camry,2015,Black,Standard,2.5,Gas,Automatic,130020,56500.0
Ford,Taurus,2016,White,Semi Full,,Gas,Automatic,114000,75000.0
Ford,Mustang,2016,Red,Full,3.7,Gas,Automatic,103000,94000.0
Ford,Taurus,2018,White,Semi Full,,Gas,Automatic,75000,96000.0
Mercedes-Benz,GLC,2017,White,Full,2.0,Gas,Automatic,92000,173000.0
Hyundai,Senta fe,2015,Grey,Semi Full,1.6,Gas,Automatic,158000,54000.0
Ford,Taurus,2018,Bronze,Full,3.5,Gas,Automatic,59000,91000.0
Hyundai,Accent,2017,Silver,Standard,1.4,Gas,Automatic,181000,29000.0
Chevrolet,Suburban,2016,Bronze,Full,5.3,Gas,Automatic,192000,143000.0
Chevrolet,Suburban,2017,Bronze,Full,5.3,Gas,Automatic,133000,159000.0
Ford,Taurus,2019,Red,Semi Full,3.5,Gas,Automatic,108000,97000.0
Chevrolet,Impala,2015,Silver,Full,,Gas,Automatic,106000,79000.0
Honda,Accord,2017,White,Standard,2.4,Gas,Automatic,104000,79000.0
Mazda,3,2017,Grey,Full,1.6,Gas,Automatic,92000,59000.0
Ford,Mustang,2016,Red,Full,5.0,Gas,Automatic,92000,129000.0
Toyota,Camry,2017,White,Standard,,Gas,Automatic,125000,66000.0
Toyota,Prado,2018,White,Semi Full,4.0,Gas,Automatic,79000,139000.0
Kia,Carnival,2016,White,Semi Full,2.5,Gas,Automatic,85000,62000.0
Ford,Mustang,2016,Red,Full,,Gas,Automatic,84000,97000.0
Toyota,Land Cruiser,2013,White,Full,,Gas,Automatic,101000,150000.0
Kia,Cerato,2014,White,Standard,1.6,Gas,Automatic,155000,21000.0
Lincoln,Navigator,2015,Black,Full,3.7,Gas,Automatic,80000,110000.0
Lincoln,Navigator,2016,Brown,Full,3.7,Gas,Automatic,79000,115000.0
Toyota,Corolla,2019,Silver,Standard,1.6,Gas,Automatic,52443,56500.0
Hyundai,Azera,2018,Blue,Standard,3.5,Gas,Automatic,98530,56500.0
Hyundai,Senta fe,2014,Black,Full,3.3,Gas,Automatic,201421,57500.0
Toyota,Corolla,2020,White,Standard,1.6,Gas,Automatic,109885,57000.0
Toyota,Land Cruiser,2019,White,Full,3.2,Gas,Automatic,43000,236000.0
MG,ZS,2020,Red,Full,1.5,Gas,Automatic,33000,55000.0
Mitsubishi,Pajero,2016,White,Full,3.5,Gas,Automatic,132000,56000.0
Ford,Expedition,2012,White,Full,,Gas,Automatic,289000,57000.0
Kia,Carnival,2018,White,Standard,,Gas,Automatic,100000,69000.0
Hyundai,Sonata,2018,Grey,Standard,,Gas,Automatic,65000,64000.0
Hyundai,Elantra,2018,Silver,Semi Full,1.6,Gas,Automatic,86000,49000.0
Toyota,Camry,2016,White,Full,,Gas,Automatic,145000,67000.0
Mazda,6,2018,Brown,Standard,,Gas,Automatic,188000,59000.0
GMC,Sierra,2011,White,Standard,,Gas,Automatic,272000,41000.0
MINI,Copper,2016,Another Color,Semi Full,,Gas,Automatic,107000,59000.0
Ford,Expedition,2016,Grey,Standard,,Gas,Automatic,172000,76000.0
Lexus,ES,2016,Navy,Semi Full,,Gas,Automatic,200000,80000.0
Ford,Marquis,2002,Grey,Full,4.5,Gas,Automatic,438074,10000.0
Mercedes-Benz,C,2016,Silver,Full,2.0,Gas,Automatic,92000,120000.0
Nissan,Pathfinder,2006,White,Full,,Gas,Automatic,300,21000.0
Toyota,Camry,2001,Green,Standard,1.4,Gas,Manual,300,13500.0
Nissan,Pathfinder,2014,White,Semi Full,3.5,Gas,Automatic,198000,50000.0
Toyota,Corolla,2013,White,Semi Full,1.6,Gas,Automatic,296,30000.0
Hyundai,Sonata,2019,White,Standard,2.4,Gas,Automatic,94000,58000.0
Hyundai,Sonata,2019,Silver,Standard,2.4,Gas,Automatic,129413,57500.0
Mitsubishi,Pajero,2016,White,Full,3.5,Gas,Automatic,161353,57500.0
Hyundai,Elantra,2020,Grey,Standard,1.6,Gas,Automatic,20939,57500.0
Ford,Expedition,2013,Navy,Semi Full,,Gas,Automatic,94000,60000.0
Toyota,Camry,2016,White,Full,4.0,Gas,Automatic,260000,53000.0
Ford,Expedition,2015,Black,Unknown,,Gas,Unknown,125000,75000.0
Chrysler,C300,2013,Silver,Full,5.7,Gas,Automatic,241000,41000.0
Chevrolet,Caprice,2009,Black,Standard,3.5,Gas,Automatic,320000,27000.0
Mercedes-Benz,S,1993,Navy,Full,,Gas,Automatic,138,22000.0
Chevrolet,Tahoe,2014,Golden,Semi Full,,Gas,Automatic,157000,68500.0
GMC,Yukon,2012,Another Color,Standard,,Gas,Automatic,65000,80000.0
Toyota,Hilux,2016,White,Semi Full,2.7,Gas,Automatic,211000,66000.0
Dodge,Charger,2020,Black,Semi Full,3.6,Gas,Automatic,21000,120000.0
Ford,Taurus,2010,Black,Semi Full,,Gas,Automatic,406593,19000.0
Toyota,Hilux,2018,White,Full,2.7,Gas,Manual,122000,65000.0
BMW,X,2015,White,Full,1.6,Gas,Automatic,72000,170000.0
Toyota,Land Cruiser Pickup,2015,Brown,Semi Full,4.0,Gas,Manual,96000,95000.0
Ford,Explorer,2010,Silver,Full,,Gas,Automatic,250000,21000.0
Lexus,LX,2017,Bronze,Full,5.7,Gas,Automatic,51000,340000.0
Honda,Unknown,2009,Orange,Full,1.0,Gas,Manual,32743,27500.0
Hyundai,Elantra,2020,Grey,Standard,1.6,Gas,Automatic,24348,57500.0
Hyundai,Elantra,2020,White,Standard,1.6,Gas,Automatic,16925,57500.0
Ford,Taurus,2013,Silver,Standard,3.5,Gas,Automatic,53393,57500.0
Hyundai,Elantra,2019,White,Standard,1.6,Gas,Automatic,31595,58000.0
BMW,X,2012,Grey,Full,3.0,Gas,Automatic,294000,45000.0
Audi,S5,2018,White,Full,3.0,Gas,Automatic,79800,160000.0
Ford,F150,2012,Black,Standard,3.6,Gas,Automatic,235000,55000.0
Audi,A6,2016,Another Color,Full,,Gas,Automatic,77000,90000.0
Mercedes-Benz,S,2014,Grey,Full,4.0,Gas,Automatic,29000,260000.0
Mercedes-Benz,S,2015,White,Full,3.0,Gas,Automatic,96500,220000.0
Mercedes-Benz,GLC,2019,Grey,Full,2.0,Gas,Automatic,56000,223000.0
Land Rover,Range Rover,2014,White,Full,5.0,Gas,Automatic,97500,195000.0
Nissan,Sunny,2008,White,Standard,1.5,Gas,Manual,275000,10000.0
Toyota,Camry,2001,White,Full,1.4,Gas,Manual,399000,10000.0
Toyota,Yaris,2017,White,Standard,1.3,Gas,Automatic,100000,27000.0
Dodge,Charger,2019,Grey,Full,3.6,Gas,Automatic,78000,124000.0
Hyundai,Sonata,2013,White,Semi Full,,Gas,Automatic,344506,30000.0
Lexus,LX,2014,White,Full,,Gas,Automatic,342,150000.0
Hyundai,Accent,2016,White,Standard,1.4,Gas,Automatic,111,22000.0
Hyundai,H1,2013,White,Semi Full,2.4,Gas,Automatic,318000,26000.0
Chevrolet,Caprice,2013,Blue,Full,5.5,Gas,Automatic,184000,36000.0
Jeep,Grand Cherokee,2020,White,Full,3.6,Gas,Automatic,27150,165000.0
Hyundai,H1,2018,Silver,Standard,2.4,Gas,Automatic,106336,58500.0
Geely,X7,2019,Red,Full,2.4,Gas,Automatic,27817,58500.0
Geely,GS,2020,Golden,Semi Full,1.8,Gas,Automatic,8400,58500.0
Hyundai,H1,2018,Silver,Standard,2.4,Gas,Automatic,79237,58500.0
Chevrolet,Suburban,2011,White,Full,,Gas,Automatic,282000,60000.0
Ford,Taurus,2013,Silver,Standard,1.6,Gas,Automatic,251,35000.0
Mercedes-Benz,S,1995,Another Color,Semi Full,,Gas,Automatic,115,21000.0
Hyundai,Senta fe,2016,Silver,Semi Full,2.0,Diesel,Automatic,105000,76000.0
GMC,Suburban,2004,Bronze,Semi Full,,Gas,Automatic,111878,15000.0
Toyota,Rush,2021,Red,Semi Full,1.5,Gas,Automatic,9000,59500.0
Mazda,6,2021,Silver,Full,,Gas,Automatic,14500,106000.0
Mazda,2,2011,Silver,Standard,1.5,Gas,Automatic,37000,14000.0
Hyundai,Veloster,2013,Orange,Full,2.0,Gas,Automatic,248000,25000.0
Hyundai,Sonata,2019,Grey,Standard,2.4,Gas,Manual,3400,58000.0
GMC,Suburban,2004,Black,Full,,Gas,Automatic,452800,18000.0
Toyota,Camry,2018,Red,Full,3.5,Gas,Automatic,24000,106000.0
Hyundai,Azera,2012,White,Semi Full,3.0,Gas,Automatic,433000,30000.0
Daihatsu,Delta,2014,White,Full,3.7,Gas,Manual,100,35000.0
Hyundai,Creta,2020,White,Standard,1.6,Gas,Automatic,16576,59500.0
Chevrolet,Impala,2018,Silver,Standard,3.6,Gas,Automatic,110519,58500.0
Hyundai,Creta,2020,White,Standard,1.6,Gas,Automatic,13736,60000.0
Toyota,Corolla,2018,White,Standard,1.6,Gas,Automatic,28449,59500.0
Nissan,VTC,2009,White,Semi Full,4.8,Gas,Manual,251000,60000.0
Toyota,Furniture,2021,White,Standard,2.7,Gas,Automatic,11000,100000.0
Toyota,Land Cruiser,2021,White,Semi Full,4.5,Diesel,Automatic,20000,265000.0
Dodge,Durango,2013,Grey,Full,5.7,Gas,Automatic,213000,40000.0
Toyota,Furniture,2013,Silver,Semi Full,4.1,Gas,Automatic,285000,55000.0
Lexus,IS,2016,Silver,Full,3.5,Gas,Automatic,132000,90000.0
Porsche,Cayenne,2006,Grey,Full,,Gas,Automatic,195,18000.0
Ford,Taurus,2019,White,Semi Full,2.0,Gas,Automatic,89500,76000.0
Ford,Expedition,2014,Another Color,Standard,,Gas,Automatic,143000,60000.0
Honda,Odyssey,2015,Silver,Semi Full,2.5,Gas,Automatic,296000,43000.0
Kia,Cerato,2017,Grey,Standard,1.6,Gas,Automatic,20000,41000.0
Ford,Mustang,2015,Silver,Full,6.0,Gas,Automatic,121000,85000.0
Mercedes-Benz,A,2021,Bronze,Semi Full,4.0,Gas,Automatic,250,179000.0
Chevrolet,Blazer,2006,Grey,Standard,,Gas,Automatic,457000,10000.0
Toyota,Camry,2017,White,Standard,2.5,Gas,Automatic,109862,59500.0
Hyundai,Elantra,2020,White,Standard,1.6,Gas,Automatic,9495,59500.0
Hyundai,Sonata,2019,Grey,Standard,2.4,Gas,Automatic,70676,59500.0
Changan,CS35 Plus,2020,Silver,Full,1.4,Gas,Automatic,67095,60000.0
MG,3,2013,White,Standard,1.3,Gas,Manual,41000,15000.0
Toyota,Hilux,2013,White,Semi Full,2.7,Gas,Manual,290,55000.0
BMW,X,2019,Black,Full,,Gas,Automatic,14000,220000.0
Ford,Marquis,2009,Black,Semi Full,,Gas,Automatic,140000,22000.0
Mercedes-Benz,SE,2006,Another Color,Full,,Gas,Automatic,286000,55000.0
Ford,F150,2016,White,Semi Full,,Gas,Automatic,138,90000.0
Hyundai,Elantra,2017,Another Color,Standard,1.6,Gas,Automatic,99000,38500.0
Toyota,Avalon,2021,Silver,Full,3.5,Gas,Automatic,1800,182000.0
Nissan,KICKS,2020,White,Standard,,Gas,Automatic,17000,52000.0
Mitsubishi,Pajero,2016,White,Full,3.8,Gas,Automatic,216000,58000.0
Infiniti,Q,2020,Brown,Full,3.7,Gas,Automatic,2000,155000.0
Toyota,Innova,2015,Grey,Standard,2.7,Gas,Automatic,122000,43000.0
Changan,CS85,2021,Red,Full,2.0,Gas,Automatic,2500,98000.0
Lincoln,MKX,2017,Grey,Semi Full,3.5,Gas,Automatic,75000,125000.0
Nissan,Armada,2006,Grey,Full,5.6,Gas,Automatic,266000,25000.0
Lexus,NX,2020,Blue,Standard,2.0,Gas,Automatic,30000,160000.0
Changan,CS35 Plus,2020,Silver,Full,1.4,Gas,Automatic,64355,60000.0
Hyundai,Azera,2017,Another Color,Standard,3.0,Gas,Automatic,107154,61000.0
Hyundai,H1,2018,Silver,Standard,2.4,Gas,Automatic,88826,60500.0
Mazda,6,2017,Red,Standard,2.5,Gas,Automatic,91170,60500.0
GMC,Suburban,2006,Black,Standard,2.0,Gas,Automatic,230000,29000.0
Lexus,ES,2020,Grey,Standard,2.5,Gas,Automatic,30000,142500.0
Chevrolet,Tahoe,2003,Another Color,Full,,Gas,Automatic,488000,13000.0
Cadillac,Escalade,2018,Grey,Full,6.2,Gas,Automatic,22200,230000.0
Toyota,Echo,2001,Another Color,Standard,1.5,Gas,Manual,480000,10000.0
Ford,Taurus,2017,Grey,Standard,6.0,Gas,Automatic,75000,65000.0
Lexus,ES,2017,White,Semi Full,3.5,Gas,Automatic,96906,116000.0
Dodge,Charger,2016,Blue,Full,5.7,Gas,Automatic,142000,89000.0
Toyota,Furniture,2009,Brown,Standard,,Gas,Automatic,250,40000.0
Mercedes-Benz,S,2002,White,Full,,Gas,Automatic,101000,38000.0
Mercedes-Benz,E,2016,White,Semi Full,,Gas,Automatic,73000,125000.0
Hyundai,Sonata,2018,Brown,Standard,2.4,Gas,Automatic,120966,49000.0
Kia,Sportage,2019,Blue,Standard,1.6,Gas,Automatic,69358,60500.0
Kia,Sportage,2019,Blue,Standard,1.6,Gas,Automatic,73406,60500.0
Geely,X7,2019,Golden,Full,2.4,Gas,Automatic,32209,61000.0
MG,6,2020,White,Full,2.0,Gas,Automatic,29814,61500.0
Jeep,Grand Cherokee,2020,Blue,Full,3.6,Gas,Automatic,52000,162000.0
Lexus,LS,2003,Bronze,Full,,Gas,Automatic,1869,22000.0
Mazda,6,2018,Brown,Standard,2.5,Gas,Automatic,198,55000.0
Toyota,Yaris,2016,Blue,Semi Full,,Gas,Automatic,130000,30000.0
Lexus,IS,2016,Grey,Full,,Gas,Automatic,166,90000.0
Mercedes-Benz,C,2020,White,Full,,Gas,Automatic,24000,267000.0
Chevrolet,Cruze,2014,Grey,Semi Full,,Gas,Automatic,135020,24000.0
Porsche,Cayenne,2017,Black,Full,3.0,Gas,Automatic,93000,210000.0
Chevrolet,Malibu,2017,White,Semi Full,2.5,Gas,Automatic,175000,49000.0
Renault,Symbol,2020,White,Standard,1.6,Gas,Automatic,27000,25000.0
Lexus,LX,2017,Bronze,Full,5.7,Gas,Automatic,68000,342000.0
Land Rover,Range Rover,2015,White,Semi Full,3.0,Gas,Automatic,125000,165000.0
BMW,The 7,2008,Black,Semi Full,,Gas,Automatic,176000,26000.0
Toyota,Camry,2004,Golden,Full,3.5,Gas,Automatic,322000,23000.0
Toyota,Avanza,2015,White,Standard,2.4,Gas,Automatic,233000,28000.0
GMC,Sierra,2014,White,Full,6.2,Gas,Automatic,118000,100000.0
Nissan,Sunny,2018,Grey,Standard,1.5,Gas,Automatic,69000,28000.0
HAVAL,H2,2021,Brown,Full,1.5,Gas,Automatic,2800,57000.0
Nissan,Maxima,2017,Red,Standard,3.5,Gas,Automatic,158543,61500.0
Hyundai,Sonata,2019,Black,Standard,2.4,Gas,Automatic,127974,61500.0
Hyundai,Tucson,2018,Blue,Standard,2.0,Gas,Automatic,143479,61500.0
Toyota,Camry,2017,Silver,Standard,2.5,Gas,Automatic,101732,61500.0
Toyota,Toyota 86,2013,Yellow,Full,,Gas,Automatic,56000,50000.0
Chevrolet,Tahoe,2016,White,Standard,5.3,Gas,Automatic,139000,110000.0
Kia,Rio,2019,Silver,Standard,1.4,Gas,Automatic,55000,36000.0
Lexus,LS,2010,White,Semi Full,1.8,Gas,Automatic,120000,77000.0
Lexus,LS,2012,Grey,Full,1.8,Gas,Automatic,150000,95000.0
Mercedes-Benz,S,2015,White,Full,1.8,Gas,Automatic,113,240000.0
Chrysler,C300,2005,Black,Full,5.7,Gas,Automatic,300000,20000.0
Chevrolet,Silverado,2014,Red,Semi Full,,Gas,Automatic,213000,70000.0
Mercedes-Benz,GLB,2020,White,Standard,,Gas,Automatic,10998,255000.0
Mercedes-Benz,C,2016,White,Full,2.0,Gas,Automatic,99000,129000.0
Kia,Rio,2020,White,Full,1.4,Gas,Automatic,300,57000.0
Daihatsu,Terios Ground,2015,Red,Full,1.5,Gas,Automatic,98000,35000.0
Hyundai,Sonata,2017,White,Full,2.5,Gas,Automatic,154,49000.0
Mercedes-Benz,A,2020,White,Standard,,Gas,Automatic,12500,150000.0
Lexus,RX,2015,Brown,Full,,Gas,Automatic,73000,110000.0
Toyota,Land Cruiser,2015,White,Full,4.7,Gas,Automatic,137000,150000.0
Ford,Flex,2014,White,Standard,3.5,Gas,Automatic,128500,49000.0
Toyota,Land Cruiser,2007,White,Semi Full,,Gas,Manual,315,60000.0
Ford,Victoria,2011,Silver,Full,,Gas,Automatic,129000,25000.0
Toyota,Corolla,2009,White,Semi Full,2.5,Gas,Manual,360,15000.0
Mercedes-Benz,E,2010,Navy,Full,3.5,Gas,Automatic,168000,58000.0
Hyundai,H1,2018,Silver,Standard,2.4,Gas,Automatic,106327,61500.0
Hyundai,H1,2018,Silver,Standard,2.4,Gas,Automatic,90706,61500.0
Mitsubishi,Pajero,2016,White,Semi Full,3.5,Gas,Automatic,153042,61500.0
Hyundai,Sonata,2018,Grey,Standard,2.4,Gas,Automatic,84655,61500.0
Chevrolet,Traverse,2016,White,Unknown,,Gas,Automatic,56500,65000.0
Mercedes-Benz,GLB,2020,Black,Standard,,Gas,Automatic,10362,219000.0
Infiniti,QX,2017,Black,Standard,2.0,Gas,Automatic,54000,70000.0
GMC,Yukon,2016,Black,Full,5.3,Gas,Automatic,48000,145000.0
Toyota,Land Cruiser,2016,White,Full,5.7,Gas,Automatic,1900,255000.0
GMC,Sierra,2018,Another Color,Standard,5.3,Gas,Automatic,61000,145000.0
Lexus,ES,2017,White,Full,3.5,Gas,Automatic,62000,136000.0
Ford,Expedition,2018,Another Color,Full,3.5,Gas,Automatic,103458,186000.0
Dodge,Charger,2016,Grey,Full,5.7,Gas,Automatic,123000,109000.0
Pontiac,Bonneville,1978,White,Unknown,,Gas,Automatic,240000,25000.0
Toyota,Prado,2016,Grey,Full,,Gas,Automatic,174000,120000.0
Lexus,IS,2016,White,Full,2.0,Gas,Automatic,96000,108000.0
Kia,Rio,2008,Blue,Standard,1.0,Gas,Manual,323880,9000.0
Ford,Victoria,1997,Green,Full,4.8,Gas,Automatic,377,12000.0
Chrysler,C300,2013,White,Full,1.0,Gas,Automatic,220,42000.0
Mercedes-Benz,S,2013,White,Full,3.0,Gas,Automatic,110000,113000.0
Ford,Explorer,2016,White,Full,3.5,Gas,Automatic,128644,118000.0
Dodge,Charger,2017,Grey,Semi Full,5.7,Gas,Automatic,141000,108000.0
Chevrolet,Tahoe,2017,Another Color,Semi Full,6.2,Gas,Automatic,105920,149000.0
Mazda,CX3,2019,Navy,Standard,2.0,Gas,Automatic,40301,61500.0
Honda,Civic,2017,White,Standard,1.6,Gas,Automatic,20258,61500.0
Honda,HRV,2021,Grey,Standard,1.8,Gas,Automatic,6018,62000.0
Hyundai,Sonata,2019,Grey,Standard,2.4,Gas,Automatic,113057,62500.0
Chrysler,300,2017,White,Semi Full,3.6,Gas,Automatic,108828,94000.0
Chevrolet,Camaro,2016,Blue,Full,3.6,Gas,Automatic,118993,107000.0
Mercedes-Benz,C,2015,White,Full,2.0,Gas,Automatic,51201,119000.0
Mercedes-Benz,C,2017,Grey,Full,2.0,Gas,Automatic,62000,186000.0
Land Rover,Range Rover,2016,White,Full,5.0,Gas,Automatic,101839,220000.0
Mercedes-Benz,E,2017,Grey,Full,3.4,Gas,Automatic,72000,178000.0
Ford,Explorer,2013,White,Full,3.5,Gas,Automatic,111251,74000.0
Toyota,Innova,2013,Silver,Unknown,,Gas,Automatic,286000,38000.0
Ford,Mustang,2018,Navy,Full,2.3,Gas,Automatic,79000,122000.0
Chevrolet,Tahoe,2016,White,Full,5.3,Gas,Automatic,149000,149000.0
Dodge,Durango,2011,Grey,Full,,Gas,Automatic,199000,40000.0
Chevrolet,Camaro,2018,Black,Full,3.6,Gas,Automatic,118000,119000.0
Chevrolet,Cruze,2013,White,Standard,,Gas,Automatic,120000,18000.0
Toyota,Hilux,2015,White,Full,2.7,Gas,Manual,234000,56000.0
GMC,Yukon,2014,Bronze,Semi Full,5.3,Gas,Automatic,235000,72000.0
Toyota,Rav4,2017,White,Semi Full,2.5,Gas,Automatic,162000,60000.0
Mercedes-Benz,CLA,2020,White,Standard,,Gas,Automatic,10000,195000.0
Chrysler,C300,2016,White,Full,3.5,Gas,Automatic,83000,86000.0
Toyota,Hilux,2016,White,Semi Full,2.7,Gas,Manual,156495,62500.0
Toyota,Innova,2017,White,Standard,2.7,Gas,Automatic,203312,62500.0
Kia,Sportage,2018,Red,Standard,2.4,Gas,Automatic,57073,63500.0
Nissan,Maxima,2016,Blue,Semi Full,3.5,Gas,Automatic,100943,63500.0
Chrysler,S300,2018,Silver,Full,3.5,Gas,Automatic,105000,112000.0
Toyota,Land Cruiser,2018,White,Full,5.7,Gas,Automatic,59000,275000.0
Lexus,ES,2021,Grey,Semi Full,2.5,Gas,Automatic,3000,177000.0
Volkswagen,Touareg,2015,Brown,Semi Full,4.0,Gas,Automatic,183000,69000.0
GMC,Yukon,2019,Red,Semi Full,5.3,Gas,Automatic,60000,175000.0
Toyota,Camry,2020,Bronze,Full,2.5,Gas,Automatic,1700,115000.0
Mercedes-Benz,C,2019,Black,Full,2.0,Gas,Automatic,15000,175000.0
Mercedes-Benz,E,2020,Grey,Full,2.0,Gas,Automatic,10000,285000.0
Lexus,NX,2018,White,Standard,2.0,Gas,Automatic,1800,161000.0
Toyota,Land Cruiser Pickup,2019,Brown,Full,4.0,Gas,Manual,67000,95000.0
Toyota,Land Cruiser,2019,White,Full,4.5,Diesel,Automatic,95000,233000.0
Lexus,ES,2019,White,Full,2.5,Gas,Automatic,16000,191000.0
Toyota,Rav4,2017,Silver,Full,2.5,Gas,Automatic,174000,77000.0
Hyundai,Sonata,2016,Blue,Full,1.5,Gas,Automatic,73000,63000.0
Hyundai,H1,2008,White,Full,,Gas,Manual,1000,17000.0
GMC,Suburban,2005,Another Color,Semi Full,5.3,Gas,Automatic,420000,25000.0
Chevrolet,Impala,2015,Silver,Full,3.6,Gas,Automatic,169000,72000.0
Renault,Koleos,2017,Black,Full,2.5,Gas,Automatic,103503,64000.0
Ford,Flex,2013,Black,Full,3.5,Gas,Automatic,71927,64000.0
Toyota,Hilux,2018,White,Semi Full,2.7,Gas,Manual,111362,64500.0
Toyota,Camry,2017,Blue,Full,2.5,Gas,Automatic,215735,64500.0
Mercedes-Benz,S,2019,Black,Semi Full,3.5,Gas,Automatic,80000,355000.0
Lexus,LX,2020,White,Full,5.7,Gas,Automatic,14000,420000.0
Toyota,Land Cruiser,2018,White,Full,5.7,Gas,Automatic,126000,260000.0
Toyota,Land Cruiser,2019,White,Full,4.6,Gas,Automatic,101000,260000.0
Toyota,Land Cruiser,2019,White,Full,4.6,Gas,Automatic,38000,248000.0
Toyota,Land Cruiser,2019,White,Full,4.6,Gas,Automatic,52000,248000.0
Toyota,Land Cruiser,2020,White,Full,4.6,Gas,Automatic,59000,248000.0
Toyota,Land Cruiser Pickup,2016,Another Color,Full,4.0,Gas,Manual,26000,115000.0
Hyundai,Tucson,2018,Grey,Semi Full,2.0,Gas,Automatic,60000,70000.0
Hyundai,Sonata,2018,Grey,Standard,2.4,Gas,Automatic,125000,57000.0
Hyundai,Elantra,2018,Grey,Standard,1.6,Gas,Automatic,144000,45000.0
Toyota,Camry,2014,Red,Semi Full,2.5,Gas,Automatic,117000,43000.0
Toyota,Yaris,2018,White,Standard,1.5,Gas,Automatic,98000,35000.0
Toyota,Yaris,2018,Grey,Standard,1.5,Gas,Automatic,68000,35000.0
Hyundai,Accent,2018,Silver,Standard,1.4,Gas,Automatic,96000,34000.0
Hyundai,Accent,2018,White,Standard,1.4,Gas,Automatic,127000,33000.0
Hyundai,Accent,2018,White,Standard,1.4,Gas,Automatic,120000,32000.0
Hyundai,Sonata,2019,White,Standard,2.4,Gas,Automatic,94000,58500.0
Lexus,UX,2020,White,Full,2.0,Gas,Automatic,10000,176000.0
Mercedes-Benz,C,2017,White,Full,2.0,Gas,Automatic,54000,153000.0
Toyota,Land Cruiser,2019,White,Full,5.7,Gas,Automatic,6000,298000.0
Hyundai,Elantra,2018,White,Standard,1.6,Diesel,Automatic,45000,54000.0
Toyota,Camry,2019,White,Standard,2.5,Gas,Automatic,124004,65000.0
Mazda,CX3,2020,Blue,Standard,2.0,Gas,Automatic,14501,66000.0
Ford,Taurus,2018,Black,Standard,2.0,Gas,Automatic,78508,65000.0
Peugeot,308,2012,Navy,Standard,,Gas,Automatic,290000,12000.0
Honda,Accord,2017,Navy,Full,3.5,Gas,Automatic,25400,90000.0
Lexus,ES,2016,Golden,Semi Full,1.6,Gas,Automatic,12472,91200.0
Nissan,Sunny,2011,White,Standard,1.4,Gas,Automatic,108000,19000.0
Chevrolet,Silverado,2019,White,Full,5.3,Gas,Automatic,33000,170000.0
Ford,Expedition,2016,Black,Full,,Gas,Automatic,100000,98000.0
Lexus,ES,2016,White,Full,3.5,Gas,Automatic,103000,102000.0
Hyundai,Senta fe,2015,White,Full,,Gas,Automatic,246000,60000.0
Honda,MR-V,2003,White,Semi Full,,Gas,Automatic,480000,17500.0
Toyota,Ciocca,2013,Black,Full,,Gas,Automatic,53000,90000.0
Toyota,Land Cruiser,2020,White,Semi Full,4.0,Gas,Automatic,10000,200000.0
MG,RX5,2020,Silver,Full,2.0,Gas,Automatic,7855,65500.0
Jeep,Compass,2019,Brown,Semi Full,2.4,Gas,Automatic,43834,66000.0
Ford,Edge,2016,Black,Standard,3.5,Gas,Automatic,105344,66500.0
Hyundai,Azera,2016,White,Full,3.0,Gas,Automatic,91747,66500.0
Kia,Carnival,2015,Silver,Full,3.3,Gas,Automatic,34200,50000.0
Kia,Rio,2019,Red,Standard,,Gas,Automatic,17500,37000.0
Ford,Marquis,2009,Blue,Semi Full,4.0,Gas,Automatic,377000,21000.0
Hyundai,Sonata,2018,White,Semi Full,2.4,Gas,Automatic,78000,63000.0
Nissan,Z370,2020,Grey,Full,3.7,Gas,Manual,3000,129000.0
Peugeot,Partner,2016,White,Standard,1.6,Gas,Manual,114000,22000.0
Chevrolet,Camaro,2017,Red,Full,2.0,Gas,Automatic,81633,120000.0
Chevrolet,Tahoe,2020,Black,Semi Full,5.3,Gas,Automatic,67000,176000.0
Nissan,Sunny,2018,White,Semi Full,1.5,Gas,Automatic,58244,30000.0
Audi,A8,2016,Bronze,Full,3.0,Gas,Automatic,42000,165000.0
Ford,Taurus,2016,White,Semi Full,,Gas,Automatic,108000,79000.0
Toyota,Yaris,2018,Silver,Standard,1.5,Gas,Automatic,134000,36000.0
Hyundai,Accent,2017,White,Standard,1.4,Gas,Automatic,91000,30000.0
Chevrolet,Malibu,2015,Red,Full,2.4,Gas,Automatic,175500,32000.0
Toyota,Prado,2011,White,Standard,,Gas,Automatic,263000,55000.0
Ford,Mustang,2019,Red,Full,2.3,Gas,Automatic,52000,139000.0
Ford,Taurus,2016,White,Full,3.5,Gas,Automatic,91815,86000.0
Mitsubishi,Pajero,2017,White,Semi Full,3.5,Gas,Automatic,161709,66500.0
Hyundai,Kona,2020,White,Standard,2.0,Gas,Automatic,10239,66500.0
Mazda,6,2018,Red,Standard,2.5,Gas,Automatic,68263,66500.0
Nissan,Armada,2006,Black,Full,5.6,Gas,Automatic,184000,30000.0
Jaguar,X Type,2006,Navy,Full,,Gas,Automatic,200000,30000.0
Chevrolet,Tahoe,2010,Silver,Full,5.8,Gas,Automatic,340000,40000.0
Toyota,Ciocca,2013,White,Standard,5.7,Gas,Automatic,114000,89000.0
Toyota,Yaris,2016,White,Standard,1.4,Gas,Automatic,128000,25000.0
Kia,Rio,2016,White,Standard,1.4,Gas,Automatic,237000,21000.0
Ford,Taurus,2015,Brown,Full,3.5,Gas,Automatic,104000,74000.0
Toyota,Ciocca,2015,Silver,Semi Full,5.7,Gas,Automatic,85000,125000.0
Ford,Expedition,2013,Black,Standard,5.4,Gas,Automatic,84000,72000.0
Kia,Sportage,2016,White,Standard,2.0,Diesel,Automatic,55000,68000.0
GMC,Yukon,2008,Black,Semi Full,1.6,Gas,Automatic,250000,22000.0
Cadillac,CT-S,2011,Another Color,Full,3.0,Gas,Automatic,101000,40000.0
Toyota,Previa,2004,Another Color,Semi Full,1.0,Gas,Automatic,300,12000.0
Mazda,6,2020,White,Standard,,Gas,Automatic,78000,76000.0
Chevrolet,Lumina,2008,Black,Semi Full,3.6,Gas,Automatic,205000,12000.0
Chrysler,C300,2005,Black,Full,,Gas,Automatic,275000,18000.0
Toyota,Camry,2017,White,Semi Full,2.5,Gas,Automatic,119550,66500.0
Toyota,Furniture,2015,Black,Standard,2.7,Gas,Automatic,164277,66500.0
Ford,Expedition,2013,Grey,Full,5.4,Gas,Manual,225299,66587.0
Hyundai,Sonata,2019,White,Standard,2.4,Gas,Automatic,49515,68000.0
Nissan,Urvan,2010,White,Full,2.7,Gas,Manual,2012,14500.0
Chevrolet,Suburban,2016,Golden,Full,6.2,Gas,Automatic,156000,290000.0
Ford,Expedition,2013,Grey,Standard,5.4,Gas,Automatic,121000,40000.0
Mitsubishi,Pajero,2016,Another Color,Full,3.8,Gas,Automatic,132000,63000.0
Chevrolet,Malibu,2013,White,Full,3.6,Gas,Automatic,177000,30000.0
Hyundai,Elantra,2019,White,Standard,1.6,Gas,Automatic,102000,48000.0
Chevrolet,Impala,2018,Black,Standard,3.6,Gas,Automatic,52000,75000.0
Mercedes-Benz,S,2018,White,Full,4.5,Gas,Automatic,83000,315000.0
Chevrolet,Camaro,2017,Red,Full,6.2,Gas,Automatic,116000,129000.0
Ford,Taurus,2018,Another Color,Standard,3.5,Gas,Automatic,63000,80000.0
Toyota,Ciocca,2016,White,Semi Full,5.7,Gas,Automatic,92000,108000.0
Ford,Taurus,2017,Silver,Standard,3.5,Gas,Automatic,132000,65000.0
Chevrolet,Impala,2014,White,Semi Full,3.6,Gas,Automatic,181000,60000.0
Ford,Taurus,2015,White,Semi Full,2.5,Gas,Automatic,172000,52000.0
Toyota,Furniture,2015,White,Standard,,Gas,Automatic,250000,55000.0
Nissan,Sentra,2018,White,Standard,1.6,Gas,Automatic,97000,39000.0
Mercedes-Benz,ML,2013,Another Color,Full,5.5,Gas,Automatic,140000,120000.0
GMC,Suburban,2005,Black,Semi Full,,Gas,Automatic,260000,20000.0
GMC,Sierra,2016,Silver,Full,5.7,Gas,Automatic,109000,100000.0
Honda,Accord,2016,Grey,Standard,2.4,Gas,Automatic,106214,67500.0
Toyota,Rav4,2017,Grey,Standard,2.5,Gas,Automatic,235614,67500.0
Nissan,Altima,2018,White,Semi Full,2.5,Gas,Automatic,48096,68000.0
Hyundai,Accent,2008,White,Standard,1.6,Gas,Manual,250000,4000.0
Lincoln,MKX,2016,White,Full,3.7,Gas,Automatic,99000,100000.0
Fiat,500,2019,Black,Full,1.4,Gas,Automatic,19000,70000.0
Chevrolet,Malibu,2013,Silver,Full,3.6,Gas,Automatic,165000,30000.0
Chevrolet,Malibu,2016,Silver,Semi Full,2.5,Gas,Automatic,203000,32000.0
Changan,CS35,2019,Grey,Full,1.6,Gas,Automatic,150000,40000.0
Chevrolet,Camaro,2017,Yellow,Full,3.6,Gas,Automatic,118000,113000.0
Porsche,Macan,2015,Another Color,Full,3.5,Gas,Automatic,93000,138000.0
Mazda,CX9,2015,Silver,Full,3.7,Gas,Automatic,260000,63000.0
Toyota,Hiace,2016,White,Standard,2.4,Gas,Manual,307000,60000.0
Toyota,Camry,2018,Silver,Standard,2.5,Gas,Automatic,109000,80000.0
Hyundai,Senta fe,2014,Black,Full,1.4,Gas,Automatic,265000,52000.0
Nissan,Patrol,2020,Grey,Full,4.0,Gas,Automatic,26000,235000.0
Lexus,ES,2007,Another Color,Full,,Gas,Automatic,250000,25000.0
Hyundai,Accent,2015,White,Standard,1.4,Gas,Automatic,500000,22000.0
Volkswagen,Passat,2014,Brown,Standard,2.5,Gas,Automatic,88673,50000.0
Isuzu,D-MAX,2018,White,Standard,2.5,Diesel,Manual,203957,68500.0
Mazda,CX9,2015,White,Full,3.7,Gas,Automatic,217162,68500.0
Kia,Sorento,2016,White,Full,3.5,Gas,Automatic,93914,68500.0
Toyota,Hiace,2017,White,Standard,2.7,Gas,Manual,192692,68500.0
Chevrolet,Tahoe,2007,Bronze,Semi Full,5.5,Gas,Automatic,450,27500.0
Ford,Explorer,2014,Black,Standard,3.6,Gas,Automatic,158000,55000.0
Lexus,LX,2015,White,Full,5.7,Gas,Automatic,105000,213000.0
Kia,Cadenza,2016,Another Color,Full,3.0,Gas,Automatic,33212,66000.0
Lexus,ES,2017,White,Full,3.5,Gas,Automatic,69000,142000.0
Lexus,GS,2017,Bronze,Full,3.5,Gas,Automatic,80000,175000.0
Isuzu,D-MAX,2014,White,Standard,2.5,Diesel,Manual,288000,42000.0
Chevrolet,Suburban,2019,Grey,Standard,5.3,Gas,Automatic,37000,148000.0
Lexus,LX,2018,Navy,Full,5.7,Gas,Automatic,95000,355000.0
Toyota,Yaris,2019,Silver,Semi Full,1.5,Gas,Automatic,42628,38500.0
Mercedes-Benz,CLS,2016,Black,Full,3.0,Gas,Automatic,45000,168000.0
Chevrolet,Camaro,2018,Blue,Full,3.6,Gas,Automatic,79000,113000.0
Kia,Stinger,2020,Grey,Full,3.3,Gas,Automatic,7000,160000.0
Ford,Taurus,2015,White,Standard,2.5,Gas,Automatic,247000,55000.0
Cadillac,CT-S,2013,Blue,Semi Full,3.8,Gas,Automatic,137000,45000.0
Toyota,Land Cruiser,2015,White,Full,,Gas,Automatic,264000,140000.0
Nissan,Sentra,2014,Silver,Semi Full,1.4,Gas,Automatic,165000,18500.0
Mitsubishi,Pajero,2018,Golden,Semi Full,3.5,Gas,Automatic,108000,77000.0
Audi,A8,2013,Black,Full,4.0,Gas,Automatic,100000,108000.0
Toyota,Camry,2016,Grey,Semi Full,2.4,Gas,Automatic,77000,63000.0
Hyundai,Accent,2017,White,Standard,,Gas,Automatic,69000,34000.0
Toyota,Land Cruiser,2020,White,Semi Full,4.0,Gas,Automatic,35000,210000.0
Toyota,Hiace,2017,White,Standard,2.7,Gas,Manual,143594,69000.0
Mazda,6,2019,Grey,Standard,2.5,Gas,Automatic,64970,69500.0
Isuzu,D-MAX,2018,White,Standard,2.5,Diesel,Manual,52849,69500.0
Hyundai,Sonata,2018,Black,Semi Full,2.4,Gas,Automatic,84795,69500.0
Chevrolet,Caprice,2015,Black,Full,6.0,Gas,Automatic,172000,108000.0
Honda,Accord,2016,Red,Semi Full,2.4,Gas,Automatic,80000,69000.0
Toyota,Prado,2020,White,Semi Full,2.7,Gas,Automatic,5000,153000.0
Lexus,IS,2018,Black,Semi Full,3.5,Gas,Automatic,131,166000.0
Honda,Accord,2017,Blue,Full,2.5,Gas,Automatic,75000,90000.0
Ford,Expedition,2017,White,Standard,3.5,Gas,Automatic,90000,97000.0
Lexus,ES,2018,Brown,Full,2.4,Gas,Automatic,20000,126000.0
Ford,Edge,2017,Blue,Standard,3.5,Gas,Automatic,82000,80000.0
Lexus,RX,2016,Golden,Full,3.5,Gas,Automatic,104000,148000.0
Ford,Flex,2015,Grey,Semi Full,3.5,Gas,Automatic,167000,53000.0
Nissan,Altima,2017,White,Standard,,Gas,Automatic,40000,59000.0
Ford,Explorer,2017,White,Standard,3.5,Gas,Automatic,94000,82000.0
Ford,Expedition,2016,White,Standard,3.5,Gas,Automatic,103000,83000.0
Toyota,Hiace,2016,White,Standard,,Gas,Manual,99999,69000.0
Chevrolet,Impala,2019,White,Standard,3.5,Gas,Automatic,16000,95000.0
Mercedes-Benz,C,2017,Black,Full,2.0,Gas,Automatic,86000,105000.0
Nissan,Datsun,1984,White,Standard,,Gas,Manual,248000,7000.0
Toyota,Corolla,2018,White,Standard,1.6,Gas,Automatic,65000,57000.0
Honda,Civic,2017,Silver,Standard,1.6,Gas,Automatic,122,43000.0
Mercedes-Benz,Viano,2013,Black,Semi Full,3.5,Gas,Automatic,154000,45000.0
Hyundai,Senta fe,2016,Brown,Standard,3.3,Gas,Automatic,134000,48000.0
Toyota,Prado,2013,White,Semi Full,,Gas,Manual,186000,55000.0
Mazda,CX9,2014,White,Semi Full,3.5,Gas,Automatic,123000,42000.0
Ford,Taurus,2015,Black,Semi Full,3.5,Gas,Automatic,154706,69500.0
Nissan,X-Trail,2018,Brown,Standard,2.5,Gas,Automatic,30507,69500.0
Audi,A3,2016,Red,Semi Full,1.4,Gas,Automatic,70278,69500.0
Toyota,Innova,2017,White,Standard,2.7,Gas,Automatic,57482,69500.0
Hyundai,Accent,2014,Another Color,Standard,,Gas,Manual,252000,20000.0
Chevrolet,Tahoe,2015,Black,Standard,5.3,Gas,Automatic,121000,92000.0
GMC,Yukon,2015,Silver,Standard,5.3,Gas,Automatic,170000,102000.0
Hyundai,Sonata,2017,Black,Semi Full,1.7,Diesel,Automatic,82190,63000.0
Land Rover,Range Rover,2019,White,Unknown,,Gas,Automatic,36000,400000.0
Kia,Cores,2015,Another Color,Full,3.5,Gas,Automatic,75000,75000.0
Isuzu,D-MAX,2010,White,Standard,2.5,Diesel,Manual,380000,29000.0
Lexus,IS,2018,Another Color,Full,3.5,Gas,Automatic,54000,275000.0
Geely,Emgrand,2014,Silver,Full,1.6,Gas,Automatic,108800,12000.0
Audi,S8,2016,White,Full,4.0,Gas,Automatic,42000,229000.0
Hyundai,Azera,2016,White,Full,3.0,Gas,Automatic,111000,86000.0
GMC,Yukon,2007,Black,Full,5.3,Gas,Automatic,235000,65000.0
Hyundai,Elantra,2016,White,Standard,1.6,Diesel,Automatic,55000,48000.0
Hyundai,Senta fe,2016,White,Full,3.3,Gas,Automatic,157000,69000.0
Toyota,Rav4,2016,Black,Standard,,Gas,Automatic,231000,52000.0
GMC,Yukon,2016,Golden,Semi Full,5.5,Gas,Automatic,145000,100000.0
Toyota,Camry,2017,Another Color,Full,,Gas,Automatic,166,55000.0
Toyota,Innova,2017,White,Standard,2.7,Gas,Automatic,106377,69500.0
Toyota,Hiace,2017,White,Standard,2.7,Gas,Manual,133148,70000.0
Toyota,Hiace,2017,White,Standard,2.7,Gas,Manual,134007,70000.0
Hyundai,Kona,2020,Grey,Semi Full,2.0,Gas,Automatic,30271,70000.0
Hyundai,H1,2016,White,Standard,2.4,Gas,Automatic,154000,54000.0
Chevrolet,Tahoe,2016,Silver,Semi Full,5.3,Gas,Automatic,104000,112000.0
Ford,Edge,2017,Black,Semi Full,,Gas,Automatic,92000,81000.0
Toyota,Land Cruiser,2018,White,Full,5.7,Gas,Automatic,142000,245000.0
Hyundai,Elantra,2016,White,Full,1.6,Diesel,Automatic,101715,52000.0
Nissan,Urvan,2009,White,Standard,2.5,Gas,Manual,173000,25000.0
Chevrolet,Caprice,2013,Black,Full,5.7,Gas,Automatic,148316,65000.0
MG,RX8,2020,Grey,Semi Full,2.0,Gas,Automatic,19000,88000.0
Ford,Expedition,2013,Black,Standard,,Gas,Automatic,145000,38000.0
Audi,A8,2018,Red,Full,3.0,Gas,Automatic,44500,310000.0
GMC,Yukon,2019,Another Color,Standard,5.3,Gas,Automatic,83000,165000.0
Toyota,Hilux,2016,White,Full,2.7,Gas,Automatic,2500,105000.0
Chevrolet,Tahoe,2012,White,Standard,5.3,Gas,Automatic,61000,80000.0
Jaguar,XJR,2013,Black,Full,,Gas,Automatic,130000,85000.0
Toyota,Land Cruiser,2020,Black,Full,,Gas,Automatic,18000,285000.0
GMC,Savana,2007,Blue,Standard,,Gas,Automatic,63000,75000.0
Toyota,Yaris,2016,White,Standard,1.5,Gas,Automatic,119000,32000.0
Hyundai,Tucson,2018,Blue,Standard,2.0,Gas,Automatic,17002,70500.0
Honda,Accord,2017,Black,Full,2.4,Gas,Automatic,139806,71500.0
Toyota,Hilux,2016,White,Semi Full,2.7,Gas,Manual,122084,71500.0
Hyundai,Sonata,2018,Navy,Semi Full,2.4,Gas,Automatic,65325,71500.0
Lexus,ES,2016,Bronze,Semi Full,3.4,Gas,Automatic,154000,88000.0
Ford,Taurus,2016,White,Semi Full,,Gas,Automatic,102000,72000.0
Dodge,Charger,2015,Blue,Full,5.7,Gas,Automatic,119000,105000.0
Ford,Taurus,2018,Black,Semi Full,3.5,Gas,Automatic,107000,77000.0
Mercedes-Benz,S,2006,White,Full,3.0,Gas,Automatic,435000,39000.0
Ford,Taurus,2016,Brown,Full,,Gas,Automatic,91000,70000.0
Toyota,Avalon,2015,White,Semi Full,,Gas,Automatic,80000,86000.0
Lexus,ES,2016,Another Color,Full,3.5,Gas,Automatic,87000,119000.0
GMC,Acadia,2014,Black,Full,3.6,Gas,Automatic,193000,58000.0
GMC,Yukon,2014,White,Full,5.3,Gas,Automatic,327000,77000.0
Lexus,RC,2015,White,Full,3.3,Gas,Automatic,139000,121000.0
Ford,Taurus,2018,Black,Full,3.5,Gas,Automatic,92000,93000.0
Ford,Mustang,2019,Red,Full,2.3,Gas,Automatic,41000,123000.0
Ford,Mustang,2016,Yellow,Full,5.0,Gas,Manual,50000,127000.0
GMC,Yukon,2013,Silver,Standard,5.3,Gas,Automatic,292000,74000.0
Porsche,Panamera,2011,Brown,Full,3.0,Gas,Automatic,113000,99000.0
Toyota,Prado,2018,White,Semi Full,4.0,Gas,Automatic,77000,139000.0
Cadillac,Escalade,2016,Grey,Full,,Gas,Automatic,114000,179000.0
Chevrolet,Camaro,2018,Silver,Full,3.6,Gas,Automatic,89000,109000.0
Ford,Marquis,2010,Silver,Full,5.0,Gas,Automatic,270000,19000.0
Mazda,CX9,2016,White,Full,2.5,Gas,Automatic,104000,105000.0
Cadillac,Escalade,2016,Grey,Full,6.2,Gas,Automatic,114000,175000.0
Toyota,Prado,2018,White,Semi Full,4.0,Gas,Automatic,19000,143000.0
Chevrolet,Camaro,2017,Silver,Full,3.6,Gas,Automatic,99000,109000.0
Chevrolet,Caprice,2015,Silver,Standard,6.0,Gas,Automatic,147374,71500.0
Audi,A6,2013,Grey,Semi Full,3.0,Gas,Automatic,74924,71500.0
Lincoln,MKZ,2013,Black,Semi Full,3.7,Gas,Automatic,98100,71500.0
Hyundai,Sonata,2018,Silver,Full,2.4,Gas,Automatic,84315,72500.0
Ford,Taurus,2015,Grey,Full,3.5,Gas,Automatic,100000,79000.0
Chevrolet,Traverse,2016,White,Full,3.5,Gas,Automatic,154000,85000.0
Chevrolet,Silverado,2018,White,Standard,5.3,Gas,Automatic,57000,89000.0
Ford,Fusion,2015,Black,Semi Full,2.5,Gas,Automatic,157000,47000.0
Ford,Taurus,2015,White,Full,3.5,Gas,Automatic,96000,85000.0
Ford,Taurus,2015,Red,Full,3.5,Gas,Automatic,122000,69000.0
Ford,Taurus,2018,Black,Semi Full,3.5,Gas,Automatic,100000,89000.0
Chrysler,S300,2018,Silver,Full,3.6,Gas,Automatic,105000,119000.0
Chevrolet,Malibu,2016,Black,Standard,,Gas,Automatic,170,20000.0
Infiniti,QX,2019,Grey,Full,,Gas,Automatic,19800,130000.0
Hyundai,Elantra,2015,Silver,Full,2.0,Gas,Automatic,270000,27000.0
Nissan,Armada,2006,Navy,Semi Full,,Gas,Automatic,100000,12000.0
Toyota,Land Cruiser 70,2019,White,Full,,Gas,Manual,89000,90000.0
Chevrolet,Blazer,2015,Silver,Standard,,Gas,Automatic,180000,40000.0
Mitsubishi,Pajero,2016,Brown,Semi Full,3.5,Gas,Automatic,122000,50000.0
Mercedes-Benz,S,2003,White,Full,,Gas,Automatic,440000,16000.0
Lexus,LX,2015,Grey,Full,5.7,Gas,Automatic,97000,192000.0
Kia,Cadenza,2018,Navy,Full,3.3,Gas,Automatic,148884,65000.0
Kia,Cadenza,2018,White,Standard,3.3,Gas,Automatic,155652,72500.0
Chevrolet,Impala,2018,Silver,Standard,3.6,Gas,Automatic,63118,73500.0
Ford,Taurus,2018,Blue,Standard,3.5,Gas,Automatic,81165,74000.0
Hyundai,Senta fe,2018,Brown,Semi Full,3.3,Gas,Automatic,143405,74500.0
Hyundai,Azera,2019,White,Standard,3.0,Gas,Automatic,56000,77000.0
Chevrolet,Spark,2020,White,Standard,,Gas,Automatic,16000,27000.0
Volkswagen,CC,2012,Black,Full,2.0,Gas,Automatic,210000,27000.0
Chevrolet,Silverado,2018,White,Semi Full,8.0,Gas,Automatic,97000,83000.0
Hyundai,Elantra,2018,White,Semi Full,2.0,Gas,Automatic,70000,57000.0
Hyundai,Elantra,2021,Silver,Full,1.7,Gas,Automatic,2600,95000.0
Ford,Marquis,2001,White,Standard,4.6,Gas,Automatic,350000,6000.0
Mercedes-Benz,E,2017,Red,Semi Full,,Gas,Automatic,33000,185000.0
Nissan,Patrol,2015,White,Full,4.8,Gas,Automatic,130000,82000.0
Nissan,Sunny,2020,Grey,Full,1.5,Gas,Automatic,1300,43000.0
Toyota,C-HR,2020,Silver,Full,2.0,Gas,Automatic,11000,90000.0
Toyota,Camry,2017,White,Full,2.5,Gas,Automatic,95794,74500.0
Ford,Taurus,2018,Blue,Standard,3.5,Gas,Automatic,91355,74500.0
Chevrolet,Caprice,2013,Silver,Standard,6.0,Gas,Automatic,79159,75000.0
Chevrolet,Caprice,2013,Silver,Standard,6.0,Gas,Automatic,124628,75000.0
Nissan,Datsun,2013,White,Standard,,Gas,Manual,340,26000.0
Mercedes-Benz,C,2020,White,Full,3.0,Gas,Automatic,33000,235000.0
GMC,Yukon,2012,Another Color,Semi Full,1.5,Gas,Automatic,65000,80000.0
Hyundai,Elantra,2016,Grey,Full,2.0,Gas,Automatic,97000,42000.0
Nissan,Sunny,2007,Grey,Semi Full,2.8,Gas,Manual,300020,15000.0
Toyota,Hilux,2007,White,Full,,Diesel,Manual,445250,50000.0
Toyota,Innova,2020,Silver,Standard,2.7,Gas,Automatic,24552,76500.0
Toyota,Hilux,2018,White,Semi Full,2.7,Gas,Manual,105558,76500.0
Dodge,Charger,2017,Black,Standard,3.6,Gas,Automatic,122178,76500.0
Chevrolet,Caprice,2013,Silver,Standard,6.0,Gas,Automatic,92132,76500.0
GMC,Yukon,2011,Brown,Standard,5.3,Gas,Automatic,293,47000.0
Mitsubishi,Pajero,2016,White,Full,3.8,Gas,Automatic,200,56000.0
Jeep,Grand Cherokee,2014,Silver,Semi Full,3.6,Gas,Automatic,245000,55000.0
GMC,Terrain,2013,Grey,Semi Full,,Gas,Automatic,240000,30000.0
Mercedes-Benz,E,2014,Grey,Semi Full,3.5,Gas,Automatic,95000,98000.0
Kia,Mohave,2014,White,Full,3.8,Gas,Automatic,200350,40000.0
Lexus,LX,2014,White,Full,,Gas,Automatic,88000,207000.0
Chevrolet,Colorado,2013,Brown,Standard,,Gas,Manual,202000,23000.0
Kia,Rio,2015,White,Standard,1.6,Gas,Automatic,182000,21000.0
GMC,Savana,1999,Red,Full,1.5,Gas,Automatic,200000,11500.0
GMC,Yukon,2017,Brown,Standard,5.3,Gas,Automatic,39000,142000.0
Toyota,Avalon,2013,Red,Full,3.5,Gas,Automatic,101000,70000.0
Mazda,6,2019,Blue,Standard,2.5,Gas,Automatic,71187,76500.0
Honda,Accord,2014,Red,Semi Full,2.4,Gas,Automatic,59200,76500.0
Dodge,Charger,2016,Red,Semi Full,3.6,Gas,Automatic,165407,76500.0
Ford,Expedition,2014,Grey,Standard,5.4,Gas,Automatic,16682,76500.0
Hyundai,Tucson,2015,Grey,Standard,2.0,Gas,Automatic,69000,45000.0
Nissan,Maxima,2011,Black,Semi Full,,Gas,Automatic,355000,20000.0
Ford,Fusion,2015,Brown,Full,2.5,Gas,Automatic,200000,49000.0
Chevrolet,Traverse,2011,Silver,Standard,,Gas,Automatic,100000,20000.0
Kia,Optima,2015,White,Full,2.4,Gas,Automatic,129744,49500.0
Toyota,Yaris,2019,Brown,Semi Full,1.6,Gas,Automatic,50000,40000.0
Lexus,IS,2018,Black,Semi Full,3.5,Gas,Automatic,131000,166000.0
Ford,Taurus,2016,Grey,Full,3.5,Gas,Automatic,115000,71000.0
Hyundai,Elantra,2015,Grey,Full,2.0,Gas,Automatic,169,30000.0
Genesis,G80,2019,Silver,Semi Full,3.8,Gas,Automatic,35000,220000.0
Mercedes-Benz,C,2019,Silver,Semi Full,3.0,Gas,Automatic,5000,187000.0
Lexus,LX,2020,Grey,Full,5.7,Gas,Automatic,12000,430000.0
Honda,Accord,2008,Golden,Standard,2.4,Gas,Automatic,197000,20000.0
GMC,Suburban,2004,Oily,Standard,1.1,Gas,Automatic,212,14000.0
Mercedes-Benz,S,2006,Black,Full,,Gas,Automatic,228000,45000.0
Porsche,Macan,2018,Another Color,Semi Full,2.0,Gas,Automatic,36000,210000.0
Chevrolet,Silverado,2018,Silver,Standard,5.3,Gas,Automatic,88000,85000.0
Mercedes-Benz,C,2017,Grey,Full,4.0,Gas,Automatic,80000,270000.0
Mercedes-Benz,CL,2011,Navy,Full,4.0,Gas,Automatic,60000,170000.0
Ford,Taurus,2017,Blue,Standard,3.5,Gas,Automatic,128439,76500.0
Dodge,Durango,2017,White,Standard,3.6,Gas,Automatic,102608,76500.0
Toyota,Innova,2017,White,Full,2.7,Gas,Automatic,175559,76500.0
Hyundai,Azera,2019,White,Standard,3.0,Gas,Automatic,61294,76500.0
Mercedes-Benz,G,2017,White,Full,4.0,Gas,Automatic,113000,330000.0
Jeep,Cherokee,2010,Golden,Standard,3.4,Gas,Automatic,400,15000.0
Lexus,LS,2008,Navy,Full,4.6,Gas,Automatic,299000,38000.0
Hyundai,Senta fe,2014,Another Color,Semi Full,3.3,Gas,Automatic,215000,41000.0
Toyota,Land Cruiser,2008,White,Full,5.7,Gas,Automatic,476000,68000.0
Toyota,Camry,2017,Golden,Standard,2.5,Gas,Automatic,362000,38000.0
Toyota,Land Cruiser,2015,Grey,Full,5.7,Gas,Automatic,240000,158000.0
Ford,Taurus,2013,White,Semi Full,3.5,Gas,Automatic,280000,46000.0
Nissan,Maxima,2018,White,Full,3.5,Gas,Automatic,48000,85000.0
Hyundai,Accent,2017,Silver,Standard,1.4,Gas,Automatic,168000,26000.0
Mazda,6,2017,Silver,Standard,2.5,Gas,Automatic,175000,50000.0
Jeep,Wrangler,2018,White,Full,3.0,Gas,Automatic,70000,108000.0
Toyota,Hilux,2016,White,Full,2.7,Gas,Manual,106000,73000.0
Toyota,Hilux,2011,White,Standard,1.4,Gas,Manual,300000,20000.0
Hyundai,Tucson,2018,Another Color,Standard,2.0,Gas,Automatic,85000,65000.0
Mazda,6,2018,Grey,Full,2.4,Gas,Automatic,42000,86000.0
Mazda,3,2018,Silver,Standard,1.6,Gas,Automatic,90000,41000.0
GMC,Yukon,2013,Golden,Standard,4.0,Gas,Automatic,141000,80000.0
Mazda,CX3,2019,White,Standard,2.0,Gas,Automatic,64000,55000.0
Mazda,CX9,2020,White,Standard,2.5,Gas,Automatic,20000,115000.0
Ford,Expedition,2015,White,Standard,3.5,Gas,Automatic,110790,77000.0
Toyota,Rav4,2018,White,Standard,2.5,Gas,Automatic,133578,77500.0
Toyota,Avalon,2015,White,Standard,3.5,Gas,Automatic,249539,77500.0
Hyundai,Tucson,2020,Silver,Standard,2.0,Gas,Automatic,16458,78500.0
Mazda,CX3,2019,Another Color,Standard,2.0,Gas,Automatic,57000,55000.0
Mazda,CX3,2018,Navy,Standard,2.0,Gas,Automatic,70000,48000.0
Mazda,3,2018,Black,Standard,1.6,Gas,Automatic,105000,38000.0
Lexus,ES,2016,White,Full,3.5,Gas,Automatic,86000,125000.0
Hyundai,Accent,2017,White,Standard,1.4,Gas,Automatic,150000,31000.0
Kia,Rio,2016,Another Color,Standard,1.4,Gas,Automatic,270000,25000.0
Lexus,LS,2016,White,Full,4.6,Gas,Automatic,90000,200000.0
Lexus,ES,2021,White,Standard,2.5,Gas,Automatic,700,183000.0
Toyota,Avalon,2020,White,Full,3.5,Gas,Automatic,33000,164000.0
Mercedes-Benz,E,2018,White,Semi Full,2.0,Gas,Automatic,102000,155000.0
Dodge,Charger,2017,Red,Full,5.7,Gas,Automatic,64000,145000.0
Toyota,Furniture,2019,White,Standard,2.7,Gas,Automatic,60000,97000.0
Audi,A8,2013,White,Full,3.0,Gas,Automatic,134000,85000.0
Ford,Taurus,2018,Silver,Standard,2.0,Gas,Automatic,91000,77000.0
Ford,Taurus,2016,Black,Standard,3.5,Gas,Automatic,103000,70000.0
Hyundai,Sonata,2020,Black,Full,2.5,Gas,Automatic,3000,118000.0
Toyota,FJ,2017,Blue,Full,4.0,Gas,Automatic,158200,105000.0
Nissan,Maxima,2010,Black,Full,3.0,Gas,Automatic,280000,22000.0
Mazda,CX9,2015,Navy,Full,2.7,Gas,Automatic,78000,57000.0
Hyundai,Elantra,2021,Grey,Semi Full,2.0,Gas,Automatic,9974,78500.0
Toyota,Hilux,2016,White,Full,2.7,Gas,Automatic,78102,78500.0
Dodge,Charger,2016,Red,Semi Full,3.6,Gas,Automatic,129477,78500.0
Dodge,Charger,2016,Blue,Semi Full,5.7,Gas,Automatic,236335,78500.0
Kia,Cerato,2016,White,Standard,1.6,Gas,Automatic,34000,32000.0
Renault,Dokker,2016,White,Standard,1.8,Gas,Manual,143000,20000.0
Toyota,Camry,2017,Silver,Full,2.5,Gas,Automatic,75000,73000.0
Hyundai,Sonata,2018,Black,Semi Full,2.5,Gas,Automatic,84000,68000.0
BMW,The 7,2004,Silver,Full,3.6,Gas,Automatic,297000,11500.0
Toyota,Avalon,2012,White,Full,,Gas,Automatic,225000,75000.0
Land Rover,Range Rover,2017,Grey,Full,,Gas,Automatic,150000,115000.0
Dodge,Ram,2019,White,Standard,2.5,Diesel,Manual,65000,50000.0
Toyota,Corolla,2016,White,Standard,1.6,Gas,Automatic,238000,40500.0
Toyota,Corolla,2016,White,Standard,1.6,Gas,Automatic,123213,40500.0
Toyota,Corolla,2016,White,Standard,1.6,Gas,Automatic,148000,39500.0
Toyota,Corolla,2016,White,Standard,1.6,Gas,Automatic,294000,38500.0
GMC,Yukon,2018,Silver,Standard,5.3,Gas,Automatic,196600,130000.0
GMC,Yukon,2018,Grey,Semi Full,5.3,Gas,Automatic,195000,125000.0
Toyota,Hilux,2017,White,Full,2.7,Gas,Manual,62000,87000.0
Toyota,Prado,2015,White,Standard,2.7,Gas,Automatic,250000,78000.0
Toyota,Hiace,2017,White,Standard,2.7,Gas,Manual,223000,77000.0
Mazda,CX9,2016,Another Color,Full,2.5,Gas,Automatic,91000,75000.0
Chevrolet,Silverado,2016,Brown,Semi Full,5.3,Gas,Automatic,270000,75000.0
Toyota,Furniture,2017,White,Semi Full,2.7,Gas,Automatic,270337,70000.0
Toyota,Avalon,2014,Brown,Semi Full,3.5,Gas,Automatic,188257,78500.0
Chevrolet,Caprice,2013,Silver,Standard,6.0,Gas,Automatic,74522,79500.0
Mercedes-Benz,C,2014,White,Full,1.8,Gas,Automatic,148925,79500.0
Chevrolet,Caprice,2013,Silver,Standard,6.0,Gas,Automatic,70375,80500.0
Toyota,Hilux,2013,White,Semi Full,2.4,Diesel,Manual,300000,70000.0
Toyota,Hilux,2016,White,Standard,2.7,Gas,Manual,129000,69000.0
Toyota,Innova,2018,White,Standard,2.7,Gas,Automatic,275916,67000.0
Toyota,Hilux,2017,White,Semi Full,2.7,Gas,Manual,384000,66000.0
Toyota,Camry,2017,Bronze,Standard,2.5,Gas,Automatic,90000,66000.0
Toyota,Hiace,2016,White,Standard,2.4,Gas,Manual,245743,65000.0
Mazda,6,2018,White,Standard,2.5,Gas,Automatic,42885,65000.0
Toyota,Hiace,2016,White,Standard,2.4,Gas,Manual,210000,65000.0
Toyota,Hiace,2016,White,Standard,2.4,Gas,Manual,205812,65000.0
Mazda,6,2018,White,Standard,2.5,Gas,Automatic,71169,65000.0
Toyota,Innova,2017,White,Standard,2.7,Gas,Automatic,85218,64000.0
Toyota,Innova,2017,White,Standard,2.7,Gas,Automatic,145997,64000.0
Toyota,Camry,2017,White,Standard,2.5,Gas,Automatic,126000,63000.0
Toyota,Hiace,2017,Red,Standard,2.7,Gas,Manual,61000,63000.0
Toyota,Hilux,2016,White,Standard,2.7,Gas,Manual,266949,63000.0
Mazda,6,2018,White,Standard,2.5,Gas,Automatic,79795,63000.0
Toyota,Hilux,2015,White,Standard,2.7,Gas,Manual,183000,60000.0
Toyota,Hiace,2015,White,Standard,2.7,Gas,Manual,178000,60000.0
Toyota,Hilux,2016,White,Standard,2.4,Gas,Manual,250000,58000.0
Isuzu,D-MAX,2016,White,Standard,2.5,Diesel,Manual,245599,55000.0
Isuzu,D-MAX,2015,White,Standard,2.5,Diesel,Manual,445539,53000.0
Isuzu,D-MAX,2015,White,Standard,2.5,Diesel,Manual,299967,53000.0
Isuzu,D-MAX,2015,White,Standard,2.5,Diesel,Manual,251662,53000.0
Hyundai,Elantra,2018,White,Standard,1.6,Gas,Automatic,79882,50500.0
Toyota,Corolla,2018,Golden,Standard,1.6,Gas,Automatic,85258,50000.0
Ford,Taurus,2019,White,Standard,2.0,Gas,Automatic,85828,80500.0
Ford,Taurus,2019,White,Standard,2.0,Gas,Automatic,82569,80500.0
Toyota,Furniture,2015,Grey,Semi Full,4.0,Gas,Manual,70346,80500.0
Toyota,Corolla,2018,White,Standard,1.5,Gas,Automatic,98257,49000.0
Toyota,Camry,2015,White,Standard,2.5,Gas,Automatic,120000,48000.0
Hyundai,Elantra,2018,Brown,Standard,1.6,Gas,Automatic,91700,48000.0
Toyota,Corolla,2018,Silver,Standard,1.6,Gas,Automatic,85884,46500.0
Toyota,Corolla,2017,Silver,Standard,1.6,Gas,Automatic,84289,46000.0
Toyota,Corolla,2017,White,Standard,1.6,Gas,Automatic,86782,46000.0
Toyota,Corolla,2017,Silver,Standard,1.6,Gas,Automatic,72609,46000.0
GMC,Sierra,2013,White,Standard,5.3,Gas,Automatic,300000,45000.0
Toyota,Innova,2015,Grey,Standard,2.7,Gas,Automatic,230000,45000.0
Hyundai,Elantra,2017,Another Color,Standard,1.6,Gas,Automatic,91000,43500.0
Toyota,Corolla,2017,White,Standard,1.6,Gas,Automatic,249410,43000.0
Kia,Sportage,2016,Another Color,Standard,2.0,Gas,Automatic,155000,42000.0
Toyota,Land Cruiser,2002,White,Semi Full,4.0,Gas,Manual,3000,42000.0
Toyota,Corolla,2016,Silver,Standard,1.6,Gas,Manual,83000,38500.0
Toyota,Corolla,2016,Another Color,Standard,1.6,Gas,Automatic,141195,37000.0
Hyundai,Azera,2015,White,Full,3.0,Gas,Automatic,272783,36000.0
Hyundai,Accent,2018,White,Standard,1.4,Gas,Automatic,81000,35500.0
Toyota,Corolla,2015,Red,Standard,1.6,Gas,Manual,128333,33000.0
Hyundai,Accent,2018,Silver,Standard,1.4,Gas,Automatic,63012,32000.0
Hyundai,Accent,2018,Grey,Standard,1.4,Gas,Automatic,67000,32000.0
Hyundai,Accent,2018,Silver,Standard,1.4,Gas,Automatic,65700,32000.0
Suzuki,APV,2017,Yellow,Standard,1.6,Gas,Manual,80000,30000.0
Hyundai,Accent,2017,White,Standard,1.6,Gas,Automatic,212000,29500.0
Hyundai,Accent,2017,Another Color,Standard,1.4,Gas,Automatic,59933,29500.0
Toyota,Yaris,2017,Green,Standard,1.5,Gas,Automatic,133000,29000.0
Mitsubishi,Pajero,2019,Golden,Standard,3.5,Gas,Automatic,8968,81500.0
Toyota,Camry,2019,Red,Standard,2.5,Gas,Automatic,105285,81500.0
Hyundai,Sonata,2018,Grey,Full,2.4,Gas,Automatic,49271,81500.0
Toyota,Avalon,2016,White,Standard,3.5,Gas,Automatic,110864,81500.0
Hyundai,Accent,2017,White,Standard,1.4,Gas,Automatic,112972,29000.0
Toyota,Yaris,2016,White,Standard,1.5,Gas,Automatic,166000,28500.0
Daihatsu,Gran Max,2014,White,Standard,1.5,Gas,Manual,95000,28000.0
Suzuki,APV,2016,White,Standard,1.6,Gas,Manual,329000,28000.0
Suzuki,APV,2016,White,Standard,1.6,Gas,Manual,162000,28000.0
Nissan,Sunny,2017,Silver,Standard,1.5,Gas,Automatic,76672,28000.0
Toyota,Yaris,2015,Silver,Standard,1.5,Gas,Automatic,193265,26500.0
Toyota,Yaris,2016,White,Standard,1.5,Gas,Automatic,133300,26000.0
Mitsubishi,Attrage,2018,White,Standard,1.2,Gas,Automatic,102000,24500.0
Nissan,VTC,1998,Another Color,Standard,4.0,Gas,Manual,415000,21000.0
Toyota,Coaster,2014,White,Standard,3.0,Gas,Manual,195000,75000.0
Ford,Taurus,2017,Silver,Standard,3.5,Gas,Automatic,131408,69000.0
Ford,Taurus,2017,Another Color,Standard,3.5,Gas,Automatic,153889,68000.0
Toyota,Hilux,2016,White,Full,2.7,Gas,Manual,174172,65000.0
Toyota,Hilux,2016,White,Standard,2.7,Gas,Manual,97173,64000.0
Toyota,Hilux,2016,White,Standard,2.7,Gas,Manual,166085,63000.0
Toyota,Hilux,2016,White,Standard,2.7,Gas,Manual,172632,63000.0
Toyota,Hilux,2016,White,Standard,2.7,Gas,Manual,165000,63000.0
Toyota,Hilux,2016,White,Standard,2.7,Gas,Manual,157051,63000.0
Toyota,Hilux,2016,White,Standard,2.7,Gas,Manual,213557,63000.0
Toyota,Camry,2017,Grey,Standard,2.5,Gas,Automatic,102637,62500.0
Toyota,Hilux,2016,White,Standard,2.7,Gas,Manual,182774,62000.0
Honda,Accord,2017,Another Color,Full,2.4,Gas,Automatic,93990,83500.0
Ford,Explorer,2013,Black,Full,3.5,Gas,Automatic,14606,83500.0
Toyota,Camry,2020,White,Standard,2.5,Gas,Automatic,4443,84500.0
Dodge,Charger,2018,Grey,Standard,3.6,Gas,Automatic,99288,84500.0
Toyota,Hilux,2016,White,Standard,2.7,Gas,Manual,220424,62000.0
Toyota,Hilux,2016,White,Standard,1.5,Gas,Manual,131006,58000.0
Hyundai,Sonata,2017,Silver,Standard,2.4,Gas,Automatic,109191,54000.0
Toyota,Camry,2015,White,Standard,2.5,Gas,Automatic,179622,48000.0
Toyota,Camry,2015,White,Standard,2.5,Gas,Automatic,216902,48000.0
Hyundai,Accent,2018,Silver,Standard,1.4,Gas,Automatic,64126,32000.0
Hyundai,Accent,2017,White,Standard,1.4,Gas,Automatic,112000,28500.0
Toyota,Yaris,2016,Blue,Standard,1.5,Gas,Automatic,180000,28500.0
Toyota,Yaris,2016,White,Standard,1.5,Gas,Automatic,126000,28000.0
Hyundai,Accent,2016,White,Standard,1.4,Gas,Automatic,159626,27500.0
Hyundai,Accent,2015,Silver,Standard,1.4,Gas,Automatic,181802,25500.0
Chevrolet,Tahoe,2008,Another Color,Semi Full,,Gas,Automatic,300000,35000.0
Toyota,Prado,2003,White,Semi Full,,Gas,Manual,450000,30000.0
Mitsubishi,Pajero,2016,White,Standard,,Gas,Automatic,84000,42000.0
Suzuki,Vitara,2020,Another Color,Full,1.6,Gas,Automatic,5900,77500.0
GMC,Yukon,2013,Another Color,Full,,Gas,Automatic,206000,90000.0
Nissan,Juke,2014,Grey,Semi Full,1.5,Gas,Automatic,225000,26000.0
Dodge,Charger,2016,Black,Full,3.6,Gas,Automatic,101000,95000.0
Toyota,Yaris,2018,Red,Standard,1.5,Gas,Automatic,195000,31000.0
Chevrolet,Caprice,2009,White,Full,6.2,Gas,Automatic,200,70000.0
Toyota,Hilux,2020,White,Full,2.4,Diesel,Manual,24000,120000.0
Honda,Odyssey,2010,Bronze,Full,,Gas,Automatic,260000,33000.0
Dodge,Charger,2016,Grey,Semi Full,3.6,Gas,Automatic,157136,84500.0
Kia,Cadenza,2017,Another Color,Full,3.3,Gas,Automatic,88331,84500.0
Genesis,G80,2016,Black,Semi Full,3.8,Gas,Automatic,165061,85500.0
Hyundai,Sonata,2017,White,Full,1.6,Gas,Automatic,240000,45000.0
Ford,Taurus,2013,Silver,Standard,3.6,Gas,Automatic,353000,39500.0
Chevrolet,Caprice,2010,Silver,Standard,3.6,Gas,Automatic,283000,33000.0
Ford,Expedition,2014,White,Standard,5.4,Gas,Automatic,97000,55000.0
Kia,Cerato,2017,Grey,Standard,1.6,Gas,Automatic,97000,38500.0
GMC,Yukon,2007,Black,Semi Full,5.3,Gas,Automatic,359000,38000.0
Toyota,Yaris,2015,Black,Full,1.5,Gas,Automatic,204000,27500.0
Kia,Optima,2017,Black,Full,2.0,Gas,Automatic,104000,47500.0
Toyota,Ciocca,2012,Navy,Standard,5.7,Gas,Automatic,376000,65000.0
Nissan,X-Trail,2018,Brown,Standard,,Gas,Automatic,30000,68000.0
Toyota,Furniture,2015,Grey,Full,4.0,Gas,Manual,70000,79000.0
Toyota,Avalon,2015,White,Standard,3.5,Gas,Automatic,249000,76000.0
Mazda,6,2017,Red,Semi Full,2.5,Gas,Automatic,91000,56000.0
Toyota,Camry,2017,Grey,Standard,2.4,Gas,Automatic,209000,57000.0
Ford,Taurus,2014,Black,Standard,3.6,Gas,Automatic,322000,47500.0
Kia,Rio,2016,Grey,Standard,1.4,Gas,Automatic,270000,25000.0
Mazda,CX9,2014,Grey,Semi Full,2.5,Gas,Manual,289000,50000.0
Hyundai,Accent,2017,White,Semi Full,1.6,Gas,Automatic,138000,31000.0
Ford,Expedition,2013,Black,Standard,5.4,Gas,Automatic,300000,49500.0
Nissan,Sentra,2018,Grey,Standard,1.6,Gas,Automatic,143000,38000.0
Toyota,Rav4,2018,White,Standard,2.5,Gas,Automatic,56000,71000.0
Toyota,Corolla,2016,White,Semi Full,,Gas,Automatic,138000,46000.0
Kia,Cerato,2018,White,Standard,1.6,Gas,Automatic,127000,41500.0
Hyundai,Accent,2017,White,Semi Full,1.6,Gas,Automatic,103000,31000.0
Hyundai,Kona,2020,White,Full,2.0,Gas,Automatic,3109,89000.0
Toyota,Furniture,2019,White,Standard,2.7,Gas,Automatic,100665,88500.0
Ford,Expedition,2016,Red,Standard,3.5,Gas,Automatic,70263,89000.0
Hyundai,Accent,2017,White,Semi Full,1.6,Gas,Automatic,109000,31000.0
Hyundai,Elantra,2017,Silver,Standard,2.0,Gas,Automatic,96000,43000.0
Nissan,Sentra,2016,White,Standard,1.6,Gas,Automatic,188000,32000.0
Toyota,Aurion,2009,Black,Full,3.5,Gas,Automatic,373000,33500.0
Toyota,Rav4,2018,White,Standard,2.5,Gas,Automatic,153000,66000.0
Toyota,Coaster,2008,White,Standard,,Gas,Manual,323000,46000.0
Honda,Accord,2014,Another Color,Semi Full,2.4,Gas,Automatic,59000,72000.0
Geely,X7,2019,Another Color,Full,2.4,Gas,Automatic,32000,59500.0
Honda,Accord,2014,White,Semi Full,2.4,Gas,Automatic,202000,54000.0
Hyundai,Elantra,2017,Grey,Standard,1.6,Gas,Automatic,156000,40000.0
Chrysler,C200,2016,Another Color,Full,2.4,Gas,Automatic,163000,42000.0
Toyota,Camry,2016,Another Color,Semi Full,2.4,Gas,Automatic,268000,58000.0
Kia,Optima,2015,Red,Standard,2.4,Gas,Automatic,156000,36000.0
Toyota,Rav4,2018,White,Standard,2.5,Gas,Automatic,82000,71000.0
Toyota,Rav4,2018,White,Standard,2.5,Gas,Automatic,163000,69500.0
Toyota,Hiace,2017,White,Standard,2.7,Gas,Manual,81000,79000.0
Kia,Carnival,2015,White,Standard,,Gas,Automatic,89000,38000.0
Nissan,Sylvian Bus,2002,White,Standard,2.5,Gas,Manual,37000,42000.0
Toyota,Coaster,2008,White,Standard,,Gas,Manual,323000,46500.0
Renault,Dokker,2016,White,Standard,1.5,Gas,Manual,122000,21500.0
Toyota,Rav4,2018,White,Standard,2.5,Gas,Automatic,173000,69500.0
Infiniti,FX,2012,Black,Full,5.3,Gas,Automatic,235000,59500.0
Kia,Soul,2014,Oily,Semi Full,1.6,Gas,Automatic,157000,30000.0
Hyundai,Sonata,2020,Grey,Semi Full,2.5,Gas,Automatic,44590,89500.0
Toyota,Hilux,2018,White,Full,2.7,Gas,Manual,94458,91500.0
Honda,Accord,2018,White,Semi Full,1.5,Gas,Automatic,53146,91500.0
Genesis,G80,2018,White,Standard,3.8,Gas,Automatic,52329,93500.0
Chevrolet,Aveo,2016,White,Standard,,Gas,Automatic,56000,22000.0
Hyundai,Accent,2017,Silver,Standard,1.4,Gas,Automatic,166000,29500.0
Nissan,Datsun,2016,White,Standard,2.5,Gas,Manual,151000,37000.0
Ford,Taurus,2015,Brown,Full,6.3,Gas,Automatic,113220,82500.0
MINI,Copper,2016,Navy,Full,6.3,Gas,Automatic,104,88500.0
Audi,A8,2013,Navy,Full,3.0,Gas,Automatic,130,91000.0
MINI,Copper,2016,Navy,Full,5.7,Gas,Automatic,105000,65500.0
Kia,Cerato,2017,Red,Semi Full,1.6,Gas,Automatic,78000,37500.0
Kia,Cerato,2016,Black,Standard,1.6,Gas,Automatic,62000,29750.0
Toyota,Yaris,2017,White,Standard,1.4,Gas,Automatic,50000,33000.0
Ford,Taurus,2010,Silver,Full,3.5,Gas,Automatic,258000,35000.0
Toyota,Yaris,2018,Silver,Standard,1.5,Gas,Automatic,114000,32000.0
Lexus,RX,2016,White,Full,3.5,Hybrid,Automatic,121000,130000.0
GMC,Sierra,2016,Silver,Semi Full,6.0,Gas,Automatic,450000,71000.0
Toyota,Camry,2000,White,Semi Full,1.3,Gas,Manual,4000,10000.0
Honda,Accord,2017,Another Color,Semi Full,2.4,Gas,Automatic,43925,93000.0
Toyota,Land Cruiser Pickup,2016,Another Color,Full,4.0,Gas,Manual,243038,93500.0
Toyota,Furniture,2020,White,Semi Full,2.7,Gas,Automatic,76192,93500.0
Nissan,Sunny,2018,White,Semi Full,,Gas,Automatic,75000,29000.0
Cadillac,CT-S,2012,Blue,Semi Full,3.0,Gas,Automatic,70000,50000.0
Chevrolet,Impala,2019,White,Standard,3.5,Gas,Automatic,53000,80000.0
Toyota,FJ,2017,White,Full,,Gas,Automatic,114000,115000.0
Land Rover,Range Rover,2015,Black,Semi Full,,Gas,Automatic,103000,225000.0
Chrysler,C300,2008,White,Semi Full,6.0,Gas,Automatic,212,12500.0
Toyota,Hilux,2016,White,Full,2.7,Gas,Manual,161000,68000.0
Mitsubishi,Pajero,2016,White,Full,3.8,Gas,Automatic,75000,70000.0
Cadillac,Fleetwood,1990,White,Full,5.0,Gas,Automatic,109000,48000.0
Honda,Pilot,2016,Silver,Semi Full,1.6,Gas,Automatic,103000,85000.0
Mazda,3,2015,Grey,Semi Full,2.0,Gas,Automatic,186,28000.0
Mercury,Milan,2010,White,Full,1.4,Gas,Automatic,194,27000.0
Toyota,Hilux,2018,White,Semi Full,2.7,Gas,Manual,75335,78000.0
Toyota,Corolla,2020,Silver,Standard,1.6,Gas,Automatic,81000,55000.0
Honda,Odyssey,2015,White,Full,,Gas,Automatic,143000,74000.0
Ford,Taurus,2018,White,Standard,,Gas,Automatic,65000,76000.0
Hyundai,Sonata,2017,Grey,Semi Full,2.0,Gas,Automatic,130,40000.0
Ford,Taurus,2014,White,Full,3.5,Gas,Automatic,269177,60000.0
GMC,Yukon,2013,Brown,Standard,3.5,Gas,Automatic,157000,72000.0
Land Rover,Range Rover,2020,White,Full,2.0,Gas,Automatic,4200,290000.0
Nissan,VTC,2016,White,Semi Full,4.8,Gas,Manual,307801,99000.0
Toyota,Camry,2019,Black,Full,2.5,Gas,Automatic,13136,99500.0
GMC,Sierra,2016,Red,Standard,5.3,Gas,Automatic,205544,99500.0
Toyota,Furniture,2021,Grey,Standard,2.7,Gas,Automatic,16444,104500.0
Ford,Expedition,2014,Black,Standard,5.4,Gas,Automatic,120000,65000.0
GMC,Yukon,2015,Silver,Standard,5.3,Gas,Automatic,39000,145000.0
Isuzu,Dyna,2013,White,Full,3.0,Diesel,Manual,300000,85000.0
Jeep,Wrangler,2018,Black,Semi Full,4.6,Gas,Automatic,32000,129000.0
Toyota,Hilux,2018,White,Standard,2.7,Gas,Manual,16700,72000.0
Ford,Taurus,2015,Black,Full,3.5,Gas,Automatic,90000,67000.0
Nissan,Sunny,2019,Another Color,Standard,1.5,Gas,Automatic,89000,29000.0
Toyota,Land Cruiser,2015,White,Full,4.6,Gas,Automatic,83000,160000.0
Kia,Carnival,2020,Grey,Standard,3.3,Gas,Automatic,200,106000.0
Mazda,6,2014,White,Full,2.5,Gas,Automatic,232000,38000.0
Chevrolet,Malibu,2013,Silver,Standard,2.5,Gas,Automatic,168000,22000.0
Hyundai,Elantra,2011,White,Standard,2.0,Gas,Manual,337000,10000.0
GMC,Sierra,1992,White,Standard,3.5,Gas,Automatic,445000,8000.0
Hyundai,Tucson,2016,Grey,Standard,2.0,Gas,Automatic,72000,54000.0
Toyota,Corolla,2009,Blue,Standard,1.6,Gas,Automatic,480000,15000.0
Hyundai,Senta fe,2014,Black,Semi Full,3.0,Gas,Automatic,11111,49000.0
Ford,Expedition,2016,Black,Semi Full,3.5,Gas,Automatic,89531,104500.0
Chevrolet,Caprice,2014,White,Standard,6.0,Gas,Automatic,35481,106500.0
Toyota,Avalon,2017,Grey,Full,3.5,Gas,Automatic,104159,106500.0
Chevrolet,Tahoe,2017,Grey,Standard,5.3,Gas,Automatic,136517,107000.0
Ford,Expedition,2014,Navy,Standard,,Gas,Automatic,75000,60000.0
Mercedes-Benz,S,2016,White,Standard,3.0,Gas,Automatic,60000,210000.0
Ford,Edge,2013,White,Standard,3.6,Gas,Automatic,240000,35000.0
Mazda,CX9,2015,White,Full,2.5,Gas,Automatic,314000,59000.0
Toyota,Camry,2017,White,Full,2.5,Gas,Automatic,135000,73000.0
Audi,Q5,2018,Another Color,Standard,2.5,Gas,Automatic,17000,138000.0
Hyundai,Tucson,2016,White,Full,2.4,Gas,Automatic,97000,63000.0
Nissan,Datsun,2015,White,Standard,2.4,Gas,Manual,77000,53000.0
Toyota,Land Cruiser,2013,White,Full,4.6,Gas,Automatic,276000,131000.0
Hyundai,Accent,2019,Bronze,Semi Full,1.4,Gas,Automatic,25000,39000.0
GMC,Yukon,2003,Silver,Full,,Gas,Automatic,222000,27000.0
Toyota,Prado,2018,White,Semi Full,4.0,Gas,Automatic,74000,150000.0
Porsche,Cayman,2015,Yellow,Full,3.0,Gas,Automatic,120000,155000.0
Land Rover,Range Rover,2020,White,Unknown,,Gas,Automatic,65000,435000.0
Toyota,Rav4,2015,White,Standard,2.0,Gas,Automatic,129000,55000.0
Toyota,Innova,2017,White,Standard,2.7,Gas,Automatic,135000,58000.0
BMW,The 7,2015,Grey,Full,3.0,Gas,Automatic,110000,107000.0
Ford,Taurus,2019,Grey,Full,3.5,Gas,Automatic,32714,109000.0
Toyota,Land Cruiser 70,2018,White,Standard,4.0,Gas,Manual,86852,109000.0
Kia,Cadenza,2021,Black,Semi Full,3.5,Gas,Automatic,32031,111500.0
Porsche,Macan,2016,Blue,Full,3.0,Gas,Automatic,86000,158000.0
Hyundai,Sonata,2018,Brown,Full,2.4,Gas,Automatic,97000,65000.0
GMC,Yukon,2015,White,Full,4.8,Gas,Automatic,320000,120000.0
Honda,Accord,2005,White,Full,2.4,Gas,Automatic,300000,11000.0
Mercedes-Benz,C,2019,White,Full,2.0,Gas,Automatic,15000,175000.0
Jeep,Compass,2014,Brown,Full,2.4,Gas,Automatic,217000,25000.0
Toyota,Ciocca,2016,White,Semi Full,5.7,Gas,Automatic,390,90000.0
Nissan,Patrol,2014,Golden,Full,,Gas,Automatic,158000,110000.0
Mercedes-Benz,A,2020,White,Full,1.3,Gas,Automatic,4700,165000.0
Mercedes-Benz,S,2017,Navy,Full,3.0,Gas,Automatic,53000,260000.0
Ford,Expedition,2013,White,Full,5.0,Gas,Automatic,195000,70000.0
Ford,Edge,2013,White,Full,3.5,Gas,Automatic,317125,32000.0
Land Rover,Range Rover,2016,Red,Full,3.5,Gas,Automatic,122000,176000.0
Hyundai,Senta fe,2017,Another Color,Semi Full,3.3,Gas,Automatic,147,65000.0
Renault,Fluence,2015,White,Semi Full,1.6,Gas,Automatic,93470,23000.0
Peugeot,Boxer,2016,White,Standard,2.8,Diesel,Manual,287000,59000.0
Toyota,Land Cruiser,2007,White,Full,4.5,Gas,Automatic,315000,63000.0
Lexus,LX,2017,Navy,Full,5.7,Gas,Automatic,161000,290000.0
Nissan,Sunny,2018,Silver,Standard,1.5,Gas,Automatic,97000,28000.0
Honda,Accord,2017,White,Full,3.5,Gas,Automatic,46179,111500.0
Ford,Explorer,2016,Grey,Full,3.5,Gas,Automatic,76677,111500.0
Chevrolet,Suburban,2015,Golden,Standard,5.3,Gas,Automatic,198506,111500.0
Nissan,Patrol,2015,White,Semi Full,5.6,Gas,Automatic,219175,113500.0
Dodge,Charger,2013,Grey,Full,5.7,Gas,Automatic,198000,42000.0
Porsche,911,2005,Another Color,Full,3.5,Gas,Automatic,37000,350000.0
Honda,Odyssey,2009,Black,Standard,3.5,Gas,Automatic,200000,38000.0
Honda,Odyssey,2012,Brown,Standard,2.4,Gas,Automatic,178000,32000.0
Ford,Taurus,2015,Brown,Full,,Gas,Automatic,104000,72000.0
Kia,Picanto,2017,White,Standard,1.0,Gas,Automatic,141000,22500.0
Hyundai,Accent,2018,White,Standard,1.4,Gas,Automatic,199000,31000.0
Cadillac,ATS,2018,Black,Standard,2.0,Gas,Automatic,78000,85000.0
Toyota,Rav4,2017,White,Full,2.4,Gas,Automatic,148000,80000.0
Toyota,Land Cruiser,2019,White,Full,4.5,Diesel,Automatic,82808,230000.0
Mazda,6,2019,Silver,Semi Full,2.5,Gas,Automatic,108000,75000.0
Hyundai,Accent,2017,Grey,Standard,1.4,Gas,Automatic,200000,30000.0
Chevrolet,Tahoe,2016,Silver,Standard,5.2,Gas,Automatic,144000,112000.0
GMC,Yukon,2014,Red,Full,6.2,Gas,Automatic,36000,95000.0
Nissan,Datsun,2007,White,Full,1.6,Gas,Manual,432000,27000.0
Kia,Rio,2014,White,Standard,1.4,Gas,Automatic,78000,24000.0
Toyota,Prado,2016,White,Semi Full,4.0,Gas,Automatic,192901,114500.0
Ford,Explorer,2015,Black,Full,3.5,Gas,Automatic,105407,115000.0
Toyota,Land Cruiser 70,2019,White,Semi Full,4.0,Gas,Manual,131592,116000.0
Toyota,Furniture,2019,White,Semi Full,4.0,Gas,Automatic,73909,116500.0
Dodge,Charger,2019,Blue,Semi Full,3.6,Gas,Automatic,70910,116500.0
Chevrolet,Tahoe,2016,Red,Semi Full,5.3,Gas,Automatic,131929,116500.0
Genesis,G70,2018,Black,Full,2.0,Gas,Automatic,86867,116500.0
Toyota,Furniture,2020,White,Semi Full,2.7,Gas,Automatic,11571,116500.0
Ford,Explorer,2016,Grey,Full,3.6,Gas,Automatic,131000,113000.0
Dodge,Charger,2017,Black,Full,3.6,Gas,Automatic,101000,107000.0
Lexus,RX,2016,Bronze,Full,2.5,Hybrid,Automatic,81000,154000.0
Chevrolet,Silverado,2016,Brown,Full,5.3,Gas,Automatic,112000,92000.0
Chevrolet,Tahoe,2011,Brown,Semi Full,5.3,Gas,Automatic,266000,56000.0
Ford,Taurus,2015,Black,Full,,Gas,Automatic,117000,69000.0
Ford,Taurus,2018,Grey,Full,3.7,Gas,Automatic,88000,95000.0
Chevrolet,Tahoe,2018,Black,Semi Full,5.3,Gas,Automatic,127000,155000.0
Mercedes-Benz,E,1983,White,Full,,Gas,Automatic,500000,8500.0
Toyota,Furniture,2017,Another Color,Full,4.0,Gas,Automatic,102000,116500.0
Toyota,Furniture,2019,White,Semi Full,4.0,Gas,Automatic,82496,119500.0
Toyota,Prado,2018,White,Semi Full,4.0,Gas,Automatic,179858,121500.0
Toyota,FJ,2017,White,Standard,4.0,Gas,Automatic,100329,121500.0
Unknown,Unknown,1995,Red,Full,8.0,Gas,Automatic,119,25000.0
Ford,Explorer,2016,White,Full,3.6,Gas,Automatic,151000,106000.0
Mercury,Grand Marquis,2007,Silver,Full,,Gas,Unknown,179000,24000.0
Ford,Explorer,2010,White,Standard,6.0,Gas,Automatic,244,17500.0
Nissan,Patrol,2013,Another Color,Standard,,Gas,Manual,200,80000.0
Hyundai,Azera,2016,Silver,Full,3.0,Gas,Automatic,350000,41000.0
Lexus,GX,2015,White,Full,4.6,Gas,Automatic,137000,133000.0
Toyota,Rav4,2021,White,Standard,4.0,Gas,Automatic,5000,103000.0
Hummer,H3,2009,Orange,Full,5.2,Gas,Automatic,200000,38000.0
Toyota,Hilux,2017,White,Full,,Gas,Manual,168000,81000.0
Ford,Victoria,2003,Another Color,Full,,Gas,Automatic,500,13000.0
Ford,Expedition,2007,Golden,Semi Full,3.5,Gas,Automatic,241271,25000.0
Jeep,Grand Cherokee,2017,Grey,Full,5.7,Gas,Automatic,102000,99000.0
Chevrolet,Tahoe,2016,Golden,Standard,5.3,Gas,Automatic,114344,121500.0
Genesis,G80,2019,Silver,Semi Full,3.8,Gas,Automatic,35449,121500.0
Toyota,Land Cruiser Pickup,2018,Brown,Full,4.0,Gas,Manual,81499,123000.0
Lexus,ES,2018,Bronze,Standard,2.5,Gas,Automatic,35080,123500.0
Dodge,Charger,2018,Black,Standard,3.6,Gas,Automatic,38000,90000.0
Toyota,Yaris,2019,White,Standard,1.5,Gas,Automatic,50000,35000.0
Chevrolet,Tahoe,2016,Brown,Standard,,Gas,Automatic,194000,108000.0
Hyundai,Tucson,2016,Grey,Full,,Gas,Automatic,230,50000.0
Toyota,Yaris,2015,Grey,Standard,,Gas,Automatic,185000,15000.0
Mercedes-Benz,C,2015,Grey,Semi Full,2.0,Gas,Automatic,187000,94000.0
Lexus,LX,2012,White,Full,,Gas,Automatic,394,136000.0
Toyota,FJ,2016,White,Full,4.0,Gas,Automatic,208000,100000.0
Toyota,FJ,2016,White,Standard,,Gas,Automatic,130,100000.0
Hyundai,H1,2014,Silver,Full,,Gas,Automatic,146000,40000.0
Ford,Mustang,2007,Black,Full,,Gas,Manual,300000,28000.0
Hyundai,Accent,2011,Silver,Standard,1.5,Gas,Manual,230000,15000.0
Toyota,Land Cruiser Pickup,2012,Brown,Semi Full,,Gas,Manual,333000,65000.0
Hyundai,Senta fe,2020,Grey,Semi Full,3.5,Gas,Automatic,3773,124500.0
Toyota,Prado,2017,White,Semi Full,4.0,Gas,Automatic,67357,126000.0
Lexus,GS,2016,White,Full,3.5,Gas,Automatic,216158,126500.0
Mercedes-Benz,CLA,2017,Black,Semi Full,2.0,Gas,Automatic,80273,126500.0
Hyundai,Sonata,2017,White,Semi Full,,Gas,Automatic,171000,43000.0
Jeep,Grand Cherokee,2011,Golden,Full,5.7,Gas,Automatic,266000,36000.0
Toyota,Land Cruiser,1993,Another Color,Semi Full,,Gas,Manual,196671,30000.0
Changan,CS35,2021,Grey,Full,1.6,Gas,Automatic,5000,44000.0
BMW,The 5,2015,Brown,Semi Full,2.0,Gas,Automatic,89000,80000.0
Ford,Taurus,2011,Silver,Standard,,Gas,Automatic,22000,50000.0
Lexus,LX,2018,Silver,Full,5.7,Gas,Automatic,90000,350000.0
Toyota,Tundra,2015,White,Full,,Gas,Automatic,330000,107000.0
Ford,F150,2019,White,Standard,5.0,Gas,Automatic,22000,110000.0
GMC,Envoy,2005,White,Full,,Gas,Automatic,500000,20000.0
Toyota,Furniture,2021,White,Standard,2.7,Gas,Automatic,980,120000.0
GMC,Sierra,2020,Another Color,Semi Full,5.3,Gas,Automatic,15800,150000.0
Lexus,RX,2015,Brown,Full,3.5,Gas,Automatic,80885,126500.0
BMW,The 4,2015,White,Semi Full,2.0,Gas,Automatic,88335,126500.0
Chrysler,C300,2018,Black,Full,5.7,Gas,Automatic,70276,126500.0
GMC,Yukon,2017,Silver,Standard,5.3,Gas,Automatic,148450,128500.0
Lexus,GS,2019,Grey,Semi Full,,Gas,Automatic,62000,170000.0
Ford,Explorer,2017,Navy,Standard,3.6,Gas,Automatic,150000,73000.0
Honda,Accord,2009,Another Color,Semi Full,2.4,Gas,Automatic,235000,25000.0
Kia,K5,2021,Grey,Semi Full,2.5,Gas,Automatic,12000,94000.0
MG,5,2020,Golden,Full,,Gas,Automatic,15000,41000.0
Cadillac,Escalade,2020,Grey,Full,,Gas,Automatic,5000,280000.0
Chevrolet,Tahoe,2012,Golden,Semi Full,5.3,Gas,Automatic,326000,47000.0
Ford,Marquis,2005,Silver,Semi Full,,Gas,Automatic,270000,15000.0
Kia,Cerato,2014,Silver,Semi Full,1.6,Gas,Automatic,175000,25000.0
Mazda,6,2016,Black,Standard,2.5,Gas,Automatic,88350,50000.0
Ford,Explorer,2014,Black,Standard,3.5,Gas,Automatic,90000,58000.0
Ford,Victoria,2008,Blue,Semi Full,4.6,Gas,Automatic,3666,16000.0
Toyota,Land Cruiser,2012,White,Full,,Gas,Automatic,180,110000.0
Toyota,Prius,2017,White,Standard,1.8,Hybrid,Automatic,50000,54900.0
Mercedes-Benz,E,2016,White,Full,3.0,Gas,Automatic,121929,128500.0
Mercedes-Benz,CLA,2016,Red,Semi Full,2.0,Gas,Automatic,103657,130000.0
GMC,Sierra,2018,Silver,Semi Full,5.3,Gas,Automatic,181313,131500.0
GMC,Sierra,2020,Black,Standard,5.3,Gas,Automatic,16498,131500.0
Ford,Taurus,2015,Black,Semi Full,3.6,Gas,Automatic,203000,55000.0
Hyundai,Elantra,2017,White,Standard,2.0,Gas,Automatic,237000,42000.0
Mercedes-Benz,C,2013,Black,Full,6.0,Gas,Automatic,109000,59500.0
Volkswagen,Passat,2015,Black,Full,2.5,Gas,Automatic,90000,55000.0
Toyota,Furniture,2020,Silver,Standard,4.0,Gas,Automatic,21373,132000.0
Toyota,Furniture,2020,Grey,Semi Full,4.0,Gas,Automatic,20406,132000.0
Toyota,Furniture,2020,White,Standard,4.0,Gas,Automatic,20880,132500.0
Mercedes-Benz,ML,2005,Blue,Semi Full,3.7,Gas,Automatic,356000,19000.0
Lincoln,Navigator,2013,Brown,Full,,Gas,Automatic,27700,50000.0
Toyota,Furniture,2010,Silver,Full,4.0,Gas,Automatic,317000,43000.0
Hyundai,Accent,2018,White,Standard,1.4,Gas,Automatic,41000,34000.0
Toyota,Camry,2014,White,Standard,2.5,Gas,Automatic,83000,40500.0
Chevrolet,Lumina,2005,Oily,Standard,1.6,Gas,Automatic,92000,17500.0
Mazda,6,2014,White,Semi Full,,Gas,Automatic,149000,45000.0
Toyota,Avanza,2018,White,Semi Full,1.5,Gas,Automatic,57000,46000.0
Toyota,Corolla,2016,Grey,Standard,1.6,Gas,Automatic,139000,38000.0
Ford,Expedition,2016,Black,Standard,3.5,Gas,Automatic,197000,80000.0
BMW,The 5,2019,Silver,Standard,2.5,Gas,Automatic,38000,140000.0
Chevrolet,Tahoe,2017,Silver,Standard,5.3,Gas,Automatic,136000,108000.0
BMW,The 7,2015,Another Color,Full,3.5,Gas,Automatic,110000,105000.0
Toyota,Innova,2018,Grey,Standard,2.7,Gas,Automatic,87000,70000.0
Toyota,Innova,2018,Grey,Standard,2.7,Gas,Automatic,91440,68000.0
Toyota,Land Cruiser,2014,White,Semi Full,4.0,Gas,Automatic,212458,136500.0
Toyota,FJ,2021,White,Standard,4.0,Gas,Automatic,4893,136500.0
Toyota,Hilux,2018,White,Full,2.4,Diesel,Manual,83339,136500.0
BMW,The 5,2019,Another Color,Standard,2.0,Gas,Automatic,49528,138000.0
Toyota,Yaris,2018,Silver,Standard,1.5,Gas,Automatic,93000,35000.0
Toyota,Hilux,2018,White,Full,,Gas,Automatic,218000,78000.0
Toyota,Hilux,2017,White,Semi Full,,Gas,Manual,146000,72000.0
Mazda,6,2019,Brown,Standard,,Gas,Automatic,143000,68000.0
Toyota,Coaster,2012,White,Standard,,Gas,Manual,136000,55000.0
Toyota,Coaster,2012,White,Standard,,Gas,Manual,86000,55000.0
Toyota,Camry,2015,Golden,Standard,,Gas,Automatic,192000,38500.0
Mitsubishi,Osa Bus,2004,Red,Standard,,Diesel,Manual,224000,35000.0
Toyota,Hiace,2012,White,Standard,,Gas,Manual,126000,35000.0
Toyota,Aurion,2010,White,Standard,,Gas,Automatic,342000,30000.0
Kia,Rio,2016,Navy,Semi Full,,Gas,Automatic,103000,27000.0
Toyota,Land Cruiser,2006,White,Semi Full,4.8,Gas,Automatic,247000,55000.0
Chevrolet,Tahoe,2007,White,Standard,5.3,Gas,Automatic,374000,32000.0
Toyota,Hilux,2018,White,Standard,2.7,Gas,Manual,88000,79500.0
Hyundai,Sonata,2016,Silver,Semi Full,2.4,Gas,Automatic,96400,49000.0
Toyota,Furniture,2017,White,Full,4.0,Gas,Automatic,176000,55000.0
Jeep,Grand Cherokee,2015,Red,Full,5.7,Gas,Automatic,215000,65000.0
Toyota,Hilux,2021,White,Full,4.0,Gas,Automatic,4500,162000.0
Chevrolet,Tahoe,2019,Black,Standard,5.3,Gas,Automatic,81833,138500.0
Toyota,Land Cruiser Pickup,2019,Golden,Full,4.0,Gas,Manual,58428,138500.0
Lexus,ES,2017,White,Full,3.5,Gas,Automatic,86000,140000.0
Audi,Q5,2018,Another Color,Semi Full,2.0,Gas,Automatic,17859,141000.0
Toyota,Camry,2017,White,Semi Full,,Gas,Automatic,63000,63000.0
Kia,Cadenza,2020,Silver,Standard,3.5,Gas,Automatic,5000,108000.0
Changan,CS95,2019,Another Color,Full,2.0,Gas,Automatic,47000,77000.0
Hyundai,Elantra,2020,White,Standard,2.0,Gas,Automatic,10000,63000.0
Hyundai,Elantra,2019,Navy,Standard,1.6,Gas,Automatic,16000,57000.0
BYD,F3,2020,White,Standard,1.5,Gas,Automatic,60000,28000.0
Chevrolet,Cruze,2017,Grey,Semi Full,1.8,Gas,Automatic,101000,30000.0
Chevrolet,Suburban,2015,Another Color,Standard,5.3,Gas,Automatic,201000,105000.0
Honda,Unknown,2011,Black,Standard,1.0,Gas,Manual,4200,6500.0
Chevrolet,Suburban,2013,Silver,Full,5.3,Gas,Automatic,283000,69000.0
Ford,Fusion,2015,Another Color,Semi Full,2.5,Gas,Automatic,98000,45000.0
GMC,Yukon,2021,Black,Full,,Gas,Automatic,3700,310000.0
Audi,A5,2011,White,Full,2.1,Gas,Automatic,218000,40000.0
Toyota,Camry,2014,Blue,Full,2.5,Gas,Automatic,225000,48000.0
Chevrolet,Traverse,2020,Silver,Standard,3.6,Gas,Automatic,22800,100000.0
Kia,Optima,2017,White,Full,2.4,Gas,Automatic,130,48000.0
Land Rover,Range Rover,2008,White,Full,3.3,Gas,Automatic,240,35000.0
BMW,The 7,2006,Red,Full,2.8,Gas,Automatic,220,26000.0
Chevrolet,Traverse,2010,Black,Standard,3.6,Gas,Automatic,219,22000.0
Ford,Taurus,2010,White,Semi Full,3.5,Gas,Automatic,117000,29500.0
Mazda,CX9,2020,Grey,Full,2.5,Gas,Automatic,44001,144500.0
GMC,Yukon,2018,White,Standard,5.3,Gas,Automatic,133634,146500.0
GMC,Yukon,2018,Brown,Standard,5.3,Gas,Automatic,101960,146500.0
Hyundai,Sonata,2019,Silver,Standard,2.4,Gas,Automatic,110900,57000.0
Nissan,Sentra,2016,Silver,Standard,1.6,Gas,Automatic,96000,31000.0
Hyundai,Accent,2020,White,Standard,,Gas,Automatic,21000,47000.0
Hyundai,Accent,2016,White,Standard,1.6,Gas,Automatic,147000,24000.0
Lexus,LX,2014,Bronze,Full,5.7,Gas,Automatic,160000,188000.0
Hyundai,Sonata,2018,Brown,Semi Full,2.4,Gas,Automatic,90000,57000.0
Kia,Sportage,2018,Silver,Standard,2.4,Gas,Automatic,93000,54000.0
Hyundai,Accent,2017,White,Standard,1.4,Gas,Automatic,102000,27500.0
Ford,Taurus,2017,Another Color,Semi Full,3.5,Gas,Automatic,72000,65000.0
Ford,Taurus,2013,Silver,Full,3.5,Gas,Automatic,128000,45000.0
Chevrolet,Tahoe,2015,White,Full,5.3,Gas,Automatic,189000,130000.0
Toyota,FJ,2017,White,Full,4.0,Gas,Automatic,265000,110000.0
Toyota,Land Cruiser,2020,White,Full,5.7,Gas,Automatic,30000,305000.0
Toyota,Corolla,2018,White,Semi Full,1.6,Gas,Automatic,124000,40000.0
Hyundai,Sonata,2018,White,Semi Full,2.4,Gas,Automatic,63000,60000.0
Chevrolet,Tahoe,2016,Blue,Semi Full,5.3,Gas,Automatic,230,97000.0
Nissan,VTC,2014,White,Standard,4.0,Gas,Manual,207000,65000.0
GMC,Yukon,2018,Silver,Standard,5.3,Gas,Automatic,82469,146500.0
Maserati,Gamble,2016,Blue,Full,3.0,Gas,Automatic,102133,146500.0
GMC,Yukon,2018,Grey,Standard,5.3,Gas,Automatic,92736,146500.0
Bentley,Flying Spur,2014,Black,Full,6.0,Gas,Automatic,41000,330000.0
Toyota,Yaris,2014,Another Color,Standard,1.4,Gas,Automatic,201000,23000.0
Toyota,Furniture,2011,Another Color,Standard,,Gas,Automatic,325,32000.0
Chevrolet,Silverado,2019,Black,Full,5.3,Gas,Automatic,77000,185000.0
BMW,The 5,2019,White,Semi Full,2.0,Gas,Automatic,29900,150000.0
BMW,The 3,2011,Red,Full,2.5,Gas,Automatic,74000,35000.0
Isuzu,Dyna,2016,White,Standard,1.5,Diesel,Manual,420,104000.0
Toyota,Corolla,2017,Silver,Standard,1.6,Gas,Automatic,98696,45000.0
Toyota,Furniture,2015,Grey,Semi Full,4.0,Gas,Automatic,141000,85000.0
Daihatsu,Delta,1982,White,Semi Full,,Gas,Manual,10000,18000.0
Chevrolet,Lumina,2006,Silver,Standard,,Gas,Automatic,306000,9000.0
Ford,Victoria,2011,Another Color,Standard,4.7,Gas,Automatic,318000,30000.0
Ford,Fusion,2016,White,Semi Full,1.2,Gas,Automatic,99200,45000.0
Dodge,Charger,2019,Another Color,Semi Full,,Gas,Automatic,76000,102000.0
Mercedes-Benz,CLS,2014,White,Full,3.5,Gas,Automatic,88000,110000.0
GMC,Yukon,2016,Another Color,Standard,5.3,Gas,Automatic,230000,118000.0
Toyota,FJ,2016,White,Full,4.0,Gas,Automatic,193000,110000.0
Land Rover,Range Rover,2015,Another Color,Full,2.0,Gas,Automatic,113000,100000.0
Genesis,Royal,2015,Brown,Full,3.8,Gas,Automatic,148000,68000.0
Chevrolet,Tahoe,2012,Brown,Semi Full,5.3,Gas,Automatic,300000,48000.0
GMC,Yukon,2008,Bronze,Standard,5.3,Gas,Automatic,189000,45000.0
GMC,Yukon,2018,Silver,Standard,5.3,Gas,Automatic,82011,146500.0
GMC,Yukon,2018,Grey,Standard,5.3,Gas,Automatic,68878,146500.0
GMC,Yukon,2018,White,Standard,5.3,Gas,Automatic,87656,146500.0
Toyota,Land Cruiser Pickup,2021,Another Color,Full,4.0,Gas,Manual,7456,146500.0
Nissan,VTC,2009,White,Standard,4.0,Gas,Manual,54000,42000.0
Nissan,Pathfinder,2014,Grey,Standard,3.5,Gas,Automatic,367000,37000.0
Toyota,Land Cruiser Pickup,2020,Another Color,Full,4.0,Gas,Manual,18000,140000.0
Toyota,Land Cruiser,2014,White,Full,4.6,Gas,Automatic,220000,135000.0
Toyota,Land Cruiser,2016,White,Full,4.0,Gas,Manual,220000,130000.0
Toyota,Land Cruiser Pickup,2016,Another Color,Semi Full,4.0,Gas,Manual,214000,100000.0
Toyota,Land Cruiser,2011,White,Full,4.6,Gas,Automatic,360000,97000.0
Toyota,Land Cruiser Pickup,2016,Another Color,Semi Full,4.0,Gas,Manual,223000,95000.0
Toyota,Ciocca,2016,Silver,Semi Full,5.7,Gas,Automatic,235000,86000.0
GMC,Sierra,2015,Brown,Standard,5.3,Gas,Automatic,167000,77000.0
Toyota,Hilux,2016,White,Semi Full,2.7,Gas,Manual,155100,77000.0
Toyota,Land Cruiser,2007,White,Standard,4.5,Gas,Manual,480000,65000.0
Toyota,Land Cruiser,2004,Black,Standard,4.0,Gas,Manual,440000,65000.0
Ford,Expedition,2014,Grey,Semi Full,5.4,Gas,Automatic,320000,55000.0
Chevrolet,Caprice,2013,White,Full,6.0,Gas,Automatic,190000,50000.0
GMC,Yukon,2009,Another Color,Full,5.3,Gas,Automatic,440000,45000.0
Nissan,Datsun,2016,White,Semi Full,2.4,Gas,Manual,125000,45000.0
Mitsubishi,L200,2016,White,Standard,2.5,Gas,Manual,77000,38000.0
Ford,Victoria,2012,Another Color,Standard,4.5,Gas,Automatic,220000,35000.0
Hyundai,Elantra,2016,Silver,Full,2.0,Gas,Automatic,150000,47000.0
Ford,Victoria,2010,Bronze,Standard,4.6,Gas,Automatic,267488,32000.0
Toyota,Corolla,2017,Grey,Standard,1.6,Gas,Automatic,28000,44000.0
Nissan,Sunny,2018,White,Standard,1.5,Gas,Automatic,52000,31000.0
Hyundai,Accent,2018,White,Standard,1.4,Gas,Automatic,135000,30000.0
Mazda,CX9,2020,Grey,Full,2.5,Gas,Automatic,21367,148500.0
Toyota,Land Cruiser,2013,White,Full,5.7,Gas,Automatic,222816,153500.0
Toyota,Land Cruiser,2015,White,Full,5.7,Gas,Automatic,143203,156500.0
Kia,Picanto,2017,Red,Semi Full,1.4,Gas,Automatic,148000,20000.0
Dodge,Challenger,2013,Grey,Semi Full,3.6,Gas,Automatic,278000,45000.0
Lexus,LX,2012,Silver,Full,,Gas,Automatic,309,150000.0
BMW,The 7,2018,Bronze,Full,2.0,Gas,Automatic,12500,250000.0
Subaru,Forester,2009,Black,Full,2.5,Gas,Automatic,220000,25000.0
Toyota,Land Cruiser,2019,White,Standard,4.0,Gas,Automatic,20000,181000.0
Toyota,Hiace,2018,White,Standard,2.7,Gas,Manual,108000,110000.0
Toyota,Prado,2016,White,Full,4.0,Gas,Automatic,168000,109000.0
Chevrolet,Malibu,2017,White,Standard,2.4,Gas,Automatic,117000,45000.0
Toyota,Land Cruiser,2019,White,Full,4.0,Gas,Automatic,50000,188500.0
Mazda,CX5,2020,Red,Standard,2.5,Gas,Automatic,4000,83500.0
Ford,Explorer,2011,Grey,Standard,3.6,Gas,Automatic,226185,31000.0
Chevrolet,Suburban,2016,White,Standard,5.3,Gas,Automatic,174000,103000.0
Toyota,Land Cruiser,2016,Black,Full,5.7,Gas,Automatic,122000,200000.0
Nissan,Sentra,2016,Grey,Semi Full,1.6,Gas,Automatic,113000,31000.0
Toyota,Land Cruiser,2019,White,Full,4.0,Gas,Automatic,30000,194500.0
Mercedes-Benz,E,2019,White,Full,2.0,Gas,Automatic,109007,160000.0
BMW,X,2016,White,Full,4.4,Gas,Automatic,130341,161500.0
Nissan,Patrol,2017,White,Full,4.6,Gas,Automatic,31538,161500.0
Toyota,Land Cruiser,2017,White,Standard,4.0,Gas,Automatic,127453,166500.0
Hyundai,Sonata,2015,White,Semi Full,2.4,Gas,Automatic,284000,39500.0
Mazda,3,2018,Silver,Standard,2.0,Gas,Automatic,47000,54000.0
Chevrolet,Caprice,1990,Blue,Full,1.6,Gas,Automatic,92000,44000.0
Ford,Taurus,2010,Oily,Full,3.5,Gas,Automatic,254000,35000.0
Toyota,Prado,2018,White,Semi Full,4.0,Gas,Automatic,80000,142000.0
Dodge,Charger,2016,Another Color,Semi Full,5.7,Gas,Automatic,100000,109000.0
Mercedes-Benz,C,2015,White,Full,,Gas,Automatic,90000,107000.0
Ford,Taurus,2015,White,Full,3.5,Gas,Automatic,121000,81000.0
Lexus,IS,2015,White,Full,,Gas,Automatic,132000,106000.0
Chevrolet,Malibu,2016,White,Full,3.6,Gas,Automatic,105000,47000.0
GMC,Yukon,2012,Bronze,Standard,5.3,Gas,Automatic,177000,75000.0
Ford,Taurus,2015,White,Full,3.2,Gas,Automatic,135000,74000.0
Chevrolet,Tahoe,2016,White,Full,5.3,Gas,Automatic,110000,144000.0
Isuzu,D-MAX,2018,White,Standard,2.5,Diesel,Manual,39000,72000.0
Mercedes-Benz,E,2017,White,Full,2.0,Gas,Automatic,58000,177000.0
Lexus,LX,2021,Oily,Full,5.7,Gas,Automatic,1700,498000.0
Lexus,LS,2020,Grey,Standard,3.5,Gas,Automatic,2900,325000.0
Toyota,Land Cruiser,2019,White,Full,4.6,Gas,Automatic,71000,200000.0
Ford,Echo Sport,2021,Silver,Semi Full,1.5,Gas,Automatic,1900,55000.0
Ford,Echo Sport,2021,Black,Semi Full,1.5,Gas,Automatic,4600,55000.0
Toyota,Land Cruiser,2021,White,Semi Full,4.0,Gas,Automatic,4000,225000.0
Land Rover,Range Rover,2020,Black,Standard,3.0,Gas,Automatic,17000,428000.0
Ford,Echo Sport,2020,Black,Semi Full,2.0,Gas,Automatic,2400,55000.0
Toyota,Land Cruiser,2017,White,Semi Full,5.7,Gas,Automatic,100000,210000.0
Mercedes-Benz,C,2017,White,Semi Full,2.0,Gas,Automatic,81597,169500.0
Toyota,Land Cruiser,2017,White,Semi Full,4.6,Gas,Automatic,125188,171500.0
Toyota,Land Cruiser,2015,White,Full,5.7,Gas,Automatic,153281,171500.0
Ford,Echo Sport,2020,Silver,Semi Full,2.0,Gas,Automatic,3000,55000.0
Hyundai,Accent,2019,Grey,Standard,1.4,Gas,Automatic,78000,40000.0
Unknown,Unknown,2019,White,Full,8.0,Diesel,Manual,24643,330000.0
Toyota,Hiace,2016,White,Standard,2.7,Gas,Manual,264000,65000.0
Lexus,GX,2018,White,Full,4.6,Gas,Automatic,53189,179000.0
Lexus,RX,2016,Grey,Full,3.5,Gas,Automatic,69070,180000.0
GMC,Yukon,2020,Black,Standard,5.3,Gas,Automatic,19348,186500.0
Lexus,RX,2017,Black,Full,3.5,Gas,Automatic,59073,186500.0
Lexus,ES,2014,Another Color,Semi Full,3.5,Gas,Automatic,121000,90000.0
MG,360,2018,Golden,Standard,1.5,Gas,Automatic,50000,26500.0
Chevrolet,Blazer,2017,White,Semi Full,3.6,Gas,Automatic,115000,63000.0
Toyota,Hiace,2016,White,Standard,2.7,Gas,Manual,146000,55000.0
GMC,Sierra,2020,Red,Standard,3.0,Gas,Automatic,24000,135000.0
Toyota,Hilux,2017,White,Standard,2.7,Gas,Manual,73000,72000.0
Changan,Seven,2020,Silver,Standard,1.5,Gas,Automatic,37000,28000.0
Ford,Taurus,2012,White,Semi Full,3.5,Gas,Automatic,327000,35000.0
Ford,Flex,2016,Silver,Standard,,Gas,Automatic,183000,60000.0
Suzuki,Jimny,2010,White,Standard,1.3,Gas,Manual,93000,14000.0
Suzuki,Jimny,2013,White,Standard,1.3,Gas,Manual,35700,16000.0
Lexus,ES,2013,White,Semi Full,2.5,Gas,Automatic,239,65000.0
Ford,Taurus,2015,Grey,Full,3.5,Gas,Automatic,112000,81000.0
Ford,Mustang,2016,Silver,Standard,5.0,Gas,Automatic,184000,3049.0
Dodge,Charger,2020,Grey,Unknown,3.6,Gas,Automatic,9120,115000.0
Toyota,Land Cruiser,2020,White,Standard,4.0,Gas,Automatic,560,191500.0
BMW,The 7,2019,White,Semi Full,2.0,Gas,Automatic,49000,194000.0
Land Rover,Range Rover,2015,White,Standard,2.0,Gas,Automatic,94000,96000.0
BMW,The 7,1989,Navy,Full,5.0,Gas,Automatic,67000,48000.0
BMW,The 7,1989,Silver,Full,5.0,Gas,Automatic,176000,33000.0
Hyundai,Sonata,2016,Another Color,Unknown,,Gas,Automatic,258000,38000.0
Lexus,ES,2021,Silver,Unknown,,Gas,Unknown,1300,175000.0
Chevrolet,Caprice,2009,White,Full,6.3,Gas,Automatic,211000,40000.0
Jaguar,XJ,2016,White,Full,,Gas,Automatic,38000,155000.0
Mercedes-Benz,S,2008,Black,Full,1.0,Gas,Automatic,190,65000.0
Toyota,Hilux,2018,White,Full,2.7,Gas,Manual,27000,88000.0
Toyota,Hilux,2019,White,Semi Full,2.7,Gas,Manual,23000,90000.0
Hyundai,Sonata,2018,Silver,Standard,2.4,Gas,Automatic,134000,48000.0
Mercedes-Benz,C,2016,Grey,Full,2.0,Gas,Automatic,120000,114000.0
Lexus,ES,2007,Black,Full,6.1,Gas,Automatic,240000,24000.0
Toyota,Hilux,2016,White,Full,2.7,Gas,Manual,320000,65000.0
Toyota,Land Cruiser,2019,White,Full,4.0,Gas,Automatic,106665,205000.0
Toyota,Land Cruiser,2018,White,Full,4.6,Gas,Automatic,124226,206500.0
Lexus,LX,2015,White,Full,5.7,Gas,Automatic,108478,211500.0
Lexus,LS,2020,White,Full,3.6,Hybrid,Automatic,27000,360000.0
Nissan,Patrol,2014,White,Full,,Gas,Automatic,25000,115000.0
Toyota,Land Cruiser,2021,White,Full,4.6,Gas,Automatic,3000,260000.0
Toyota,Yaris,2017,Grey,Standard,1.3,Gas,Automatic,137200,32000.0
Mitsubishi,Attrage,2021,Grey,Standard,,Gas,Automatic,900,37000.0
GMC,Yukon,2008,Black,Standard,,Gas,Automatic,440000,28000.0
Toyota,Hiace,2016,White,Semi Full,2.7,Gas,Manual,203,58000.0
Toyota,Hilux,2019,White,Full,2.7,Gas,Manual,122,75000.0
Ford,Taurus,2012,Golden,Semi Full,6.0,Gas,Automatic,166000,30000.0
Nissan,Datsun,2015,White,Semi Full,,Gas,Manual,108500,27500.0
Nissan,Datsun,2015,White,Full,2.4,Gas,Manual,205000,30000.0
Chevrolet,Tahoe,2013,Silver,Standard,,Gas,Automatic,300000,48000.0
Lifan,LF X60,2016,Red,Full,1.6,Gas,Automatic,128000,25000.0
Toyota,Corolla,2014,White,Standard,1.6,Gas,Automatic,275000,25000.0
Toyota,Land Cruiser,2021,Black,Semi Full,4.0,Gas,Automatic,5352,216500.0
Toyota,Land Cruiser,2016,White,Semi Full,5.7,Gas,Automatic,68534,224500.0
Toyota,Land Cruiser,2021,White,Semi Full,4.0,Gas,Automatic,4780,226500.0
Mercedes-Benz,S,2016,White,Full,4.7,Gas,Automatic,95061,236500.0
Toyota,Innova,2016,Silver,Semi Full,2.7,Gas,Automatic,179600,51000.0
Mitsubishi,Pajero,2016,White,Standard,3.8,Gas,Automatic,144624,47000.0
Kia,Rio,2017,Black,Standard,1.4,Gas,Automatic,147000,26000.0
Toyota,Innova,2015,White,Full,,Gas,Automatic,195000,52000.0
Toyota,Land Cruiser,2011,White,Full,4.0,Gas,Automatic,273392,100000.0
Chrysler,Town and Country,2005,Silver,Standard,,Gas,Automatic,250000,12000.0
Toyota,Land Cruiser,2011,White,Full,4.0,Gas,Automatic,349266,100000.0
Lexus,LX,2006,Bronze,Full,,Gas,Automatic,390000,74000.0
Toyota,Land Cruiser,2015,White,Full,,Gas,Automatic,215000,146000.0
Chrysler,C300,2005,Silver,Full,5.7,Gas,Automatic,331000,15000.0
Mercedes-Benz,E,2014,Black,Full,4.0,Gas,Automatic,161000,95000.0
Nissan,Maxima,2006,Another Color,Standard,3.0,Gas,Manual,400000,10000.0
Mazda,CX9,2019,Red,Full,2.5,Gas,Automatic,48000,120000.0
BMW,The 7,2010,Bronze,Full,,Gas,Automatic,205,45000.0
Nissan,Pathfinder,2013,Golden,Semi Full,3.5,Gas,Automatic,260000,45000.0
Nissan,Patrol,2020,White,Full,4.0,Gas,Automatic,42835,241500.0
Land Rover,Range Rover,2016,White,Full,5.0,Gas,Automatic,132501,245000.0
Toyota,Land Cruiser,2016,White,Full,5.7,Gas,Automatic,1918,251500.0
Land Rover,Range Rover,2016,Black,Full,5.0,Gas,Automatic,120346,257000.0
Chevrolet,Lumina,2004,White,Semi Full,3.8,Gas,Automatic,280,12500.0
Toyota,Hiace,2007,White,Standard,,Gas,Manual,230,25000.0
Hyundai,Accent,2016,White,Standard,1.2,Gas,Automatic,74000,30000.0
Lexus,LS,1997,Green,Full,4.0,Gas,Automatic,361000,12000.0
Chevrolet,Caprice,2013,Silver,Standard,6.0,Gas,Automatic,313000,35000.0
Mercedes-Benz,S,2020,Black,Full,3.5,Gas,Automatic,19700,395000.0
Ford,Expedition,2013,Red,Standard,5.4,Gas,Automatic,21700,35000.0
Dodge,Durango,2013,Black,Full,5.7,Gas,Automatic,275000,40000.0
Ford,Expedition,2016,Silver,Standard,3.6,Gas,Automatic,127500,79000.0
Toyota,Innova,2013,White,Full,2.7,Gas,Automatic,201000,36000.0
Ford,Unknown,2013,Blue,Semi Full,3.0,Gas,Automatic,318000,40000.0
Nissan,Navara,2015,White,Semi Full,2.5,Gas,Manual,119000,45000.0
Toyota,Previa,2015,Black,Standard,,Gas,Automatic,218000,45000.0
Jeep,Wrangler,2014,Grey,Full,3.6,Gas,Automatic,88000,89000.0
MG,5,2020,Golden,Standard,,Gas,Automatic,7000,34000.0
Cadillac,Escalade,2019,Grey,Full,6.2,Gas,Automatic,58678,261500.0
Land Rover,Range Rover,2016,Black,Full,5.0,Gas,Automatic,102522,267000.0
Toyota,Land Cruiser,2021,White,Full,4.6,Gas,Automatic,3549,286500.0
Toyota,Land Cruiser,2020,White,Semi Full,5.7,Gas,Automatic,14598,289500.0
Chevrolet,Tahoe,2014,Black,Full,5.7,Gas,Automatic,205000,70000.0
Toyota,Land Cruiser,2018,White,Full,,Gas,Automatic,141197,195000.0
HAVAL,H6,2019,White,Full,2.0,Gas,Automatic,62000,55000.0
Hyundai,Sonata,2018,White,Semi Full,2.5,Gas,Automatic,90000,55000.0
Chevrolet,Malibu,2020,Black,Standard,1.5,Gas,Automatic,62000,57000.0
Ford,Van,2013,White,Semi Full,3.6,Gas,Automatic,186,45000.0
Mitsubishi,Pajero,2015,White,Full,3.8,Gas,Automatic,54000,70000.0
Toyota,Rav4,2018,White,Standard,,Gas,Automatic,72000,95000.0
GMC,Envoy,2009,Another Color,Standard,4.2,Gas,Automatic,242000,14250.0
Dodge,Challenger,2014,Silver,Full,5.7,Gas,Automatic,155000,68000.0
Mercedes-Benz,C,2018,Silver,Full,2.0,Gas,Automatic,57000,167000.0
Hyundai,Accent,2018,White,Standard,1.4,Gas,Automatic,127000,29000.0
Jeep,Patriot,2012,Oily,Semi Full,2.4,Gas,Automatic,187000,28500.0
Chevrolet,Tahoe,2013,Brown,Standard,,Gas,Automatic,362000,58000.0
Toyota,Camry,2013,White,Semi Full,2.5,Gas,Automatic,300000,35000.0
Toyota,Hilux,2018,White,Standard,2.4,Gas,Manual,130000,80000.0
Ford,F150,2019,Blue,Semi Full,3.5,Gas,Automatic,13339,291500.0
Lexus,LX,2019,White,Full,5.7,Gas,Automatic,41142,381000.0
Land Rover,Range Rover,2019,White,Full,3.0,Gas,Automatic,49626,401500.0
Nissan,Patrol,2016,White,Semi Full,5.6,Gas,Automatic,50000,150000.0
Honda,Accord,2016,White,Semi Full,,Gas,Automatic,15000,65000.0
Ford,F150,2013,White,Standard,5.0,Gas,Automatic,299000,36000.0
Toyota,Land Cruiser Pickup,2015,White,Semi Full,4.0,Gas,Manual,157000,90000.0
Mercedes-Benz,S,2016,Black,Semi Full,3.0,Gas,Automatic,70000,290000.0
GMC,Sierra,2011,White,Full,6.2,Gas,Automatic,165000,65000.0
Mercedes-Benz,GL,2014,Black,Full,4.6,Gas,Automatic,159000,140000.0
Mercedes-Benz,S,2015,Navy,Full,5.0,Gas,Automatic,99000,255000.0
Mercedes-Benz,S,2014,Oily,Semi Full,4.0,Gas,Automatic,138000,260000.0
Hyundai,Elantra,2016,Grey,Standard,1.6,Gas,Automatic,141000,36000.0
Porsche,Panamera,2018,Red,Standard,3.5,Gas,Automatic,26000,330000.0
Land Rover,Range Rover,2015,Blue,Full,3.0,Gas,Automatic,105000,190000.0
Nissan,Sunny,2018,White,Standard,1.5,Gas,Automatic,94000,28500.0
Land Rover,Range Rover,2015,White,Full,5.0,Gas,Automatic,140000,245000.0
BMW,The M,2018,Black,Standard,2.0,Gas,Automatic,1600,135000.0
Hyundai,Accent,2017,White,Standard,1.4,Gas,Automatic,32000,33000.0
Hyundai,Elantra,2016,White,Semi Full,2.0,Gas,Automatic,100000,40000.0
Toyota,Rav4,2011,Silver,Standard,2.5,Gas,Automatic,485000,32000.0
Toyota,Land Cruiser,2015,Grey,Full,4.0,Gas,Automatic,180000,135000.0
Chevrolet,Suburban,2016,Black,Standard,5.3,Gas,Automatic,170000,100000.0
Bentley,Flying Spur,2010,Another Color,Full,5.0,Gas,Automatic,58000,175000.0
Mercedes-Benz,S,2016,Silver,Full,4.0,Gas,Automatic,64000,330000.0
Mercedes-Benz,G,2015,Black,Full,4.0,Gas,Automatic,188000,270000.0
Chevrolet,Impala,2016,Black,Standard,3.5,Gas,Automatic,192000,65000.0
Lexus,LX,2020,Black,Full,5.7,Gas,Automatic,19131,406500.0
Lexus,LX,2020,Silver,Full,5.7,Gas,Automatic,12794,431500.0
Land Rover,Range Rover,2018,White,Full,5.0,Gas,Automatic,79858,470000.0
Porsche,Cayenne,2014,Brown,Full,3.0,Gas,Automatic,118000,145000.0
Lexus,LX,2017,Silver,Full,5.7,Gas,Automatic,8000,325000.0
Toyota,Hilux,2012,Silver,Full,2.7,Gas,Automatic,127000,65000.0
Jaguar,XJ,2014,Another Color,Full,3.0,Gas,Automatic,112000,95000.0
Mitsubishi,ASX,2021,Grey,Full,2.0,Gas,Automatic,2300,75000.0
Toyota,Corolla,2018,White,Standard,1.6,Gas,Automatic,57000,45000.0
Jaguar,F Type,2016,Red,Full,3.0,Gas,Automatic,42000,190000.0
Toyota,Yaris,2018,Brown,Standard,1.5,Gas,Automatic,122000,37000.0
Mercedes-Benz,S,2011,Grey,Full,,Gas,Automatic,189,100000.0
Toyota,Yaris,2016,White,Standard,1.5,Gas,Automatic,190000,26000.0
Mercedes-Benz,C,2014,White,Semi Full,2.0,Gas,Automatic,270000,57000.0
Ford,Taurus,2019,Red,Semi Full,,Gas,Automatic,108000,97000.0
Honda,Accord,2015,White,Standard,2.4,Gas,Automatic,85000,69000.0
GMC,Sierra,2015,Brown,Standard,5.3,Gas,Automatic,145000,87500.0
Ford,Taurus,2016,Black,Full,3.5,Gas,Automatic,110000,75000.0
GMC,Yukon,2016,Silver,Full,4.5,Gas,Automatic,158000,152000.0
Cadillac,Escalade,2016,White,Full,6.2,Gas,Automatic,119000,178000.0
Toyota,Land Cruiser,2016,White,Full,5.7,Gas,Automatic,216000,151000.0
Dodge,Challenger,2018,Black,Full,3.6,Gas,Automatic,90000,109000.0
Infiniti,Q,2019,Silver,Full,3.5,Gas,Automatic,5000,90500.0
Toyota,Previa,2017,White,Full,2.4,Gas,Automatic,183000,70000.0
Chevrolet,Impala,2019,Silver,Standard,,Gas,Automatic,58000,65000.0
Lexus,NX,2020,Grey,Full,2.0,Gas,Automatic,25785,146000.0
Dodge,Charger,2018,Blue,Semi Full,3.6,Gas,Automatic,89000,109000.0
Chevrolet,Impala,2017,White,Semi Full,3.6,Gas,Automatic,79000,63500.0
Mazda,CX5,2020,White,Semi Full,2.5,Gas,Automatic,19928,86500.0
Ford,Mustang,2018,Another Color,Full,2.3,Gas,Automatic,81000,119000.0
Chevrolet,Silverado,2016,White,Standard,5.3,Gas,Automatic,143000,87000.0
GMC,Sierra,2018,White,Standard,5.3,Gas,Automatic,95000,93000.0
Lexus,IS,2015,White,Full,2.2,Gas,Automatic,94000,102000.0
Kia,Cerato,2016,Silver,Standard,1.6,Gas,Automatic,74000,36000.0
Ford,Taurus,2018,Black,Semi Full,3.5,Gas,Automatic,118000,88000.0
Chevrolet,Tahoe,2018,Black,Semi Full,3.0,Gas,Automatic,127000,159000.0
Hyundai,H1,2016,Another Color,Semi Full,,Gas,Automatic,76000,59000.0
Lexus,IS,2017,White,Full,3.0,Gas,Automatic,90000,117000.0
Toyota,Prado,2016,White,Full,3.8,Gas,Automatic,168000,109500.0
Nissan,Altima,2017,Another Color,Standard,,Gas,Automatic,105000,35000.0
Toyota,Prado,2018,White,Semi Full,4.0,Gas,Automatic,24000,140000.0
Ford,Explorer,2016,White,Full,3.5,Gas,Automatic,127000,88000.0
Jeep,Cherokee,2019,White,Semi Full,2.4,Gas,Automatic,55000,75000.0
Volkswagen,Golf,2016,White,Full,2.0,Gas,Automatic,111000,65000.0
Toyota,Cressida,1993,White,Standard,1.2,Gas,Manual,25000,15000.0
Nissan,Sunny,2011,White,Standard,,Gas,Automatic,182000,15000.0
Jeep,Wrangler,2020,Black,Full,,Gas,Automatic,17000,185000.0
Hyundai,Azera,2020,Another Color,Standard,3.5,Gas,Automatic,39000,99000.0
Changan,CS75,2021,Red,Standard,1.6,Gas,Automatic,8000,62000.0
Jaguar,F Type,2018,Black,Full,3.0,Gas,Automatic,40000,235000.0
Mazda,CX9,2020,White,Full,2.5,Gas,Automatic,30877,135000.0
Kia,Sportage,2018,White,Semi Full,2.4,Gas,Automatic,77000,58000.0
Hyundai,Tucson,2016,White,Standard,2.0,Gas,Automatic,155000,45000.0
Kia,Cerato,2016,Black,Full,2.0,Gas,Automatic,89000,40000.0
Mazda,6,2018,Grey,Standard,2.0,Gas,Automatic,71000,65000.0
Land Rover,Range Rover,2014,Bronze,Full,5.0,Gas,Automatic,106000,250000.0
Lexus,LX,2021,White,Full,5.7,Gas,Automatic,14000,445000.0
Mazda,6,2018,Another Color,Standard,2.0,Gas,Automatic,71000,62000.0
Lexus,UX,2019,White,Standard,2.0,Gas,Automatic,45000,130000.0
Land Rover,Range Rover,2016,Red,Semi Full,4.0,Gas,Automatic,72000,280000.0
Mazda,6,2016,White,Standard,2.0,Gas,Automatic,196000,50000.0
Nissan,Sentra,2016,Silver,Standard,1.6,Gas,Automatic,93000,33000.0
Isuzu,Dyna,2014,White,Full,6.0,Diesel,Manual,460000,120000.0
Hyundai,Senta fe,2016,Red,Semi Full,3.3,Gas,Automatic,138675,60000.0
Chevrolet,Blazer,2008,Another Color,Full,,Gas,Automatic,220000,18000.0
Ford,Expedition,2012,Grey,Standard,,Gas,Automatic,350000,30000.0
Mazda,6,2006,Silver,Standard,1.6,Gas,Automatic,288000,11000.0
Hyundai,Coupe,2010,Grey,Full,3.8,Gas,Automatic,240,25000.0
Mercedes-Benz,E,2008,Navy,Full,3.5,Gas,Automatic,243000,25000.0
Jaguar,F-Pace,2019,Blue,Full,,Gas,Automatic,27000,185000.0
Toyota,Hilux,2016,White,Full,1.6,Gas,Manual,120,60000.0
Mercedes-Benz,GLE,2018,Black,Full,3.5,Gas,Automatic,21000,272000.0
Lexus,RX,2015,Another Color,Full,3.5,Gas,Automatic,49000,123000.0
Ford,Taurus,2019,Black,Standard,2.0,Gas,Automatic,26000,84000.0
Hyundai,Tucson,2019,Red,Semi Full,2.0,Gas,Automatic,21000,75000.0
Hyundai,Tucson,2018,Grey,Standard,2.0,Gas,Automatic,96000,64000.0
Hyundai,Elantra,2020,Another Color,Full,2.0,Gas,Automatic,44000,61000.0
Kia,Sportage,2019,Another Color,Standard,1.6,Gas,Automatic,61000,59000.0
Hyundai,Tucson,2017,Navy,Standard,2.0,Gas,Automatic,124000,58500.0
Hyundai,Sonata,2019,White,Standard,2.4,Gas,Automatic,106000,56000.0
Toyota,Camry,2016,Blue,Full,2.5,Gas,Automatic,164000,51000.0
Hyundai,Elantra,2019,White,Standard,1.6,Gas,Automatic,119000,48000.0
Hyundai,Sonata,2017,Grey,Standard,2.4,Gas,Automatic,173000,44000.0
Toyota,Corolla,2018,Another Color,Standard,1.6,Gas,Automatic,138000,43000.0
Kia,Optima,2017,White,Semi Full,2.5,Gas,Automatic,116000,42000.0
Hyundai,Accent,2019,White,Standard,1.4,Gas,Automatic,44000,39000.0
Hyundai,Elantra,2017,White,Standard,2.0,Gas,Automatic,137000,39000.0
Hyundai,Accent,2018,Black,Full,1.6,Gas,Automatic,130000,38500.0
Toyota,Yaris,2019,White,Standard,1.5,Gas,Automatic,55000,37000.0
Hyundai,Elantra,2017,White,Standard,2.0,Gas,Automatic,145000,37000.0
Hyundai,Accent,2019,White,Standard,1.4,Gas,Automatic,72000,36500.0
Hyundai,Accent,2019,White,Standard,1.4,Gas,Automatic,92000,36000.0
Toyota,Yaris,2018,White,Standard,1.5,Gas,Automatic,79000,36000.0
Kia,Rio,2019,White,Standard,1.4,Gas,Automatic,85000,35500.0
Toyota,Yaris,2019,White,Standard,1.5,Gas,Automatic,80000,35500.0
Toyota,Yaris,2019,White,Standard,1.5,Gas,Automatic,86000,35500.0
Kia,Rio,2019,White,Standard,1.4,Gas,Automatic,79000,31000.0
Hyundai,Accent,2017,Grey,Full,1.6,Gas,Automatic,140000,30000.0
Daihatsu,Gran Max,2015,White,Standard,1.5,Gas,Automatic,53000,30000.0
Hyundai,Accent,2018,White,Standard,1.4,Gas,Automatic,187000,29000.0
Nissan,Sunny,2019,Silver,Standard,1.5,Gas,Automatic,92000,28500.0
Hyundai,Accent,2017,White,Standard,1.4,Gas,Automatic,135000,27500.0
Nissan,Sunny,2018,Another Color,Standard,1.5,Gas,Automatic,106000,24500.0
Mitsubishi,Attrage,2018,Silver,Standard,1.2,Gas,Automatic,159000,22000.0
Kia,Sportage,2017,Silver,Full,1.6,Diesel,Automatic,53312,61000.0
Toyota,Land Cruiser 70,2014,Another Color,Semi Full,4.0,Gas,Manual,70000,69000.0
Cadillac,Escalade,2007,White,Semi Full,8.0,Gas,Automatic,166000,48000.0
Nissan,Sunny,2020,Silver,Standard,1.5,Gas,Automatic,8500,33000.0
Hyundai,Azera,2018,White,Standard,3.0,Gas,Automatic,147000,75000.0
Ford,Echo Sport,2020,Silver,Standard,1.5,Gas,Automatic,2819,59000.0
Lexus,LS,2018,White,Full,3.5,Gas,Automatic,55000,298000.0
Hyundai,Sonata,2018,Silver,Semi Full,2.4,Gas,Automatic,55000,57000.0
GMC,Yukon,2013,Black,Semi Full,5.3,Gas,Automatic,289000,55000.0
Toyota,Camry,2018,Bronze,Standard,2.5,Gas,Automatic,179000,76000.0
Ford,Victoria,2012,White,Semi Full,5.0,Gas,Automatic,318000,35000.0
BMW,The 6,2016,Grey,Semi Full,3.0,Gas,Automatic,39000,190000.0
Toyota,Camry,2010,Grey,Semi Full,2.5,Gas,Automatic,240000,30000.0
Volkswagen,Passat,2013,Blue,Standard,2.5,Gas,Automatic,160000,35000.0
Renault,Fluence,2015,White,Semi Full,1.6,Gas,Automatic,132000,23000.0
Lexus,ES,2008,White,Full,3.5,Gas,Automatic,390000,36000.0
Mercedes-Benz,E,2019,White,Standard,2.0,Diesel,Automatic,28000,185000.0
Chrysler,C300,2018,Black,Full,5.7,Gas,Automatic,34000,80000.0
Hyundai,Sonata,2016,Black,Full,2.0,Diesel,Automatic,86234,60000.0
GMC,Suburban,1997,Silver,Standard,,Gas,Automatic,20000,45000.0
Kia,Optima,2015,Black,Standard,2.0,Gas,Automatic,72000,43000.0
Kia,Picanto,2015,Grey,Standard,1.0,Gas,Automatic,142000,18500.0
Peugeot,Boxer,2016,White,Standard,2.8,Diesel,Manual,195000,52000.0
Mercedes-Benz,S,2018,Brown,Semi Full,5.0,Gas,Automatic,30000,335000.0
Kia,Sorento,2016,White,Semi Full,3.0,Gas,Automatic,51000,62000.0
Lexus,LX,2020,Black,Full,5.7,Gas,Automatic,38000,450000.0
Toyota,Land Cruiser,2021,White,Full,4.6,Gas,Automatic,6711,290000.0
Kia,Cadenza,2011,White,Full,,Gas,Automatic,334624,27500.0
Kia,Carnival,2016,Black,Full,3.3,Gas,Automatic,120000,70000.0
Kia,Sportage,2016,Brown,Semi Full,1.7,Diesel,Automatic,90000,59000.0
Rolls-Royce,Camargue,1990,Another Color,Full,6.7,Gas,Automatic,5000,500000.0
Lexus,IS,2016,White,Full,,Gas,Automatic,96000,108000.0
HAVAL,H6,2020,Blue,Full,1.5,Gas,Automatic,9000,70000.0
Land Rover,Range Rover,2015,Another Color,Full,3.0,Gas,Automatic,71500,265000.0
GMC,Suburban,2016,Bronze,Full,5.3,Gas,Automatic,240000,110000.0
Chevrolet,Tahoe,2018,Grey,Standard,5.3,Gas,Automatic,90000,128000.0
Toyota,Rush,2019,Another Color,Full,1.5,Gas,Automatic,40000,57000.0
Hyundai,Elantra,2009,White,Standard,1.0,Gas,Manual,4000,11000.0
Toyota,Hilux,2014,White,Standard,,Gas,Manual,217000,37000.0
Mercedes-Benz,G,2013,Black,Full,6.0,Gas,Automatic,32800,375000.0
Toyota,Camry,2017,Silver,Standard,2.5,Gas,Automatic,303000,46000.0
Kia,Cadenza,2017,Black,Full,3.3,Gas,Automatic,88000,83000.0
Honda,Accord,2019,White,Standard,1.5,Gas,Automatic,28000,88000.0
Hyundai,Sonata,2017,Black,Semi Full,2.4,Gas,Automatic,226000,41000.0
GMC,Yukon,2017,Black,Standard,4.0,Gas,Automatic,107,125000.0
Honda,City,2017,White,Standard,1.5,Gas,Automatic,92000,28000.0
Hyundai,Accent,2018,Grey,Standard,1.6,Gas,Automatic,114000,37000.0
Hyundai,Accent,2017,White,Standard,1.4,Gas,Automatic,71000,27500.0
Toyota,Camry,2017,White,Full,2.5,Gas,Automatic,61811,68000.0
Toyota,Furniture,2020,White,Semi Full,2.7,Gas,Automatic,25000,110000.0
Hyundai,Accent,2019,Blue,Standard,1.4,Gas,Automatic,7000,42500.0
Audi,A8,2015,Brown,Full,,Gas,Automatic,85000,180000.0
Chevrolet,Tahoe,2007,White,Full,,Gas,Automatic,35000,35000.0
Mazda,3,2018,Navy,Semi Full,,Gas,Automatic,70000,46000.0
Lexus,ES,2015,Brown,Semi Full,,Gas,Automatic,246398,85000.0
Toyota,Furniture,2010,Silver,Full,,Gas,Manual,450000,38000.0
Hyundai,H1,2015,White,Standard,,Gas,Automatic,144000,50000.0
Nissan,VTC,2006,Brown,Standard,4.0,Gas,Automatic,317109,35000.0
Fiat,Doblo,2016,White,Standard,1.4,Gas,Manual,28400,20000.0
Chevrolet,Tahoe,2019,Black,Semi Full,8.0,Gas,Automatic,132346,140000.0
MG,RX8,2021,White,Full,2.0,Gas,Automatic,4000,105000.0
GMC,Yukon,2010,Black,Semi Full,4.5,Gas,Automatic,115000,80000.0
Chevrolet,Aveo,2017,Silver,Semi Full,1.6,Gas,Automatic,118000,20000.0
Ford,Explorer,2010,Another Color,Standard,6.6,Gas,Automatic,190000,20000.0
Chevrolet,Caprice,2011,Another Color,Semi Full,8.0,Gas,Automatic,236000,35000.0
Toyota,Land Cruiser,2006,Blue,Full,,Gas,Automatic,285,65000.0
Kia,Cerato,2016,White,Semi Full,1.6,Gas,Automatic,159,33000.0
GMC,Sierra,2015,Black,Full,,Gas,Automatic,112000,77000.0
Lexus,RX,2017,Black,Semi Full,3.5,Gas,Automatic,71000,130000.0
Toyota,Land Cruiser,2014,White,Semi Full,,Gas,Automatic,270000,86000.0
Peugeot,5008,2018,Bronze,Semi Full,,Gas,Automatic,34000,85000.0
Nissan,Armada,2007,Black,Standard,,Gas,Automatic,240000,30000.0
Genesis,G80,2016,Blue,Standard,3.8,Gas,Automatic,140000,84000.0
Hyundai,Senta fe,2016,Navy,Semi Full,,Diesel,Automatic,50100,69000.0
Changan,CS95,2020,Black,Semi Full,2.0,Gas,Automatic,45000,88000.0
Chevrolet,Cruze,2013,Brown,Standard,1.6,Gas,Automatic,181000,10000.0
Toyota,Prado,2013,Golden,Semi Full,4.0,Gas,Automatic,270000,80000.0
Dodge,Durango,2012,Blue,Semi Full,,Gas,Automatic,315,20000.0
Toyota,Land Cruiser,2007,White,Full,,Gas,Manual,160000,125000.0
Mercedes-Benz,E,2018,Black,Semi Full,2.0,Gas,Automatic,250000,105000.0
Chevrolet,Tahoe,2013,Golden,Semi Full,5.3,Gas,Automatic,248000,49000.0
Chevrolet,Blazer,2005,Blue,Full,2.0,Gas,Automatic,213000,13500.0
Toyota,FJ,2015,White,Full,4.0,Gas,Automatic,200000,88000.0
Chevrolet,Cruze,2010,White,Standard,1.8,Gas,Manual,184700,11000.0
Porsche,Cayenne,2009,Black,Full,3.6,Gas,Automatic,277000,42000.0
Ford,Mustang,2007,Red,Full,4.6,Gas,Automatic,195,27000.0
Toyota,Land Cruiser,1988,Another Color,Semi Full,4.0,Gas,Manual,195000,30000.0
Ford,Expedition,2014,Grey,Semi Full,,Gas,Automatic,150000,52000.0
GMC,Yukon,2018,Another Color,Standard,5.5,Gas,Automatic,88000,145000.0
Toyota,Avanza,2016,White,Standard,1.6,Gas,Automatic,160000,28000.0
Chevrolet,Impala,2015,Blue,Full,3.6,Gas,Automatic,212000,64000.0
Toyota,Camry,2013,Another Color,Standard,2.5,Gas,Automatic,376580,28000.0
Toyota,Corolla,2018,White,Standard,1.6,Gas,Automatic,19190,55000.0
Nissan,Datsun,2013,White,Semi Full,,Gas,Manual,300,23000.0
Mercedes-Benz,SEL,1989,Blue,Full,,Gas,Automatic,186000,55000.0
Toyota,Hilux,2015,White,Full,2.7,Gas,Manual,119000,55000.0
Toyota,Camry,2011,Silver,Semi Full,2.4,Gas,Manual,85000,52000.0
Toyota,Land Cruiser,2011,White,Full,4.6,Gas,Automatic,145000,95000.0
Nissan,Sentra,2018,Silver,Semi Full,1.6,Gas,Automatic,78000,38000.0
Nissan,Maxima,2000,Silver,Standard,,Gas,Manual,400000,12500.0
Toyota,Corolla,2017,Golden,Semi Full,,Gas,Automatic,107000,39000.0
Nissan,KICKS,2020,Grey,Semi Full,1.6,Gas,Automatic,200,66000.0
HAVAL,H6,2020,Black,Semi Full,2.0,Gas,Automatic,5000,70000.0
Chevrolet,Tahoe,2009,Black,Standard,,Gas,Automatic,400,35000.0
Ford,Expedition,2009,Red,Standard,,Gas,Automatic,360,32000.0
Chevrolet,Suburban,2009,White,Standard,,Gas,Automatic,255,36000.0
Ford,Explorer,2015,Navy,Full,2.0,Gas,Automatic,40000,90000.0
Peugeot,3008,2014,Grey,Full,1.5,Gas,Automatic,76335,30000.0
Chevrolet,Caprice,2009,White,Semi Full,,Gas,Automatic,135000,32000.0
Lexus,LS,2015,Another Color,Full,,Gas,Automatic,103000,170000.0
Dodge,Durango,2016,White,Standard,3.6,Gas,Automatic,61000,72000.0
Ford,Taurus,2016,Another Color,Semi Full,3.5,Gas,Automatic,175000,56008.0
Toyota,Hilux,2016,White,Full,2.8,Gas,Automatic,97000,91000.0
Mazda,6,2016,Silver,Full,2.5,Gas,Automatic,199000,42000.0
Nissan,Datsun,2016,White,Semi Full,,Gas,Manual,71000,40000.0
Nissan,Patrol,2021,Silver,Full,4.0,Gas,Automatic,5000,3772.0
Nissan,Sunny,2019,White,Semi Full,1.5,Gas,Automatic,116000,30000.0
Toyota,Prado,2014,Another Color,Semi Full,2.7,Gas,Automatic,198000,76000.0
Chevrolet,Tahoe,2011,Grey,Standard,5.3,Gas,Automatic,304000,50000.0
Chevrolet,Spark,2012,White,Semi Full,4.2,Gas,Manual,217912,9500.0
Toyota,Land Cruiser Pickup,1987,Brown,Standard,1.0,Gas,Manual,388528,20000.0
Nissan,Navara,2015,White,Full,2.5,Gas,Automatic,19000,38000.0
Ford,Taurus,2017,White,Semi Full,3.5,Gas,Automatic,61000,73000.0
BMW,The 3,2013,White,Semi Full,2.0,Gas,Automatic,156000,45000.0
Mazda,CX5,2014,Silver,Standard,,Gas,Automatic,110000,41000.0
Toyota,Furniture,2020,White,Semi Full,4.0,Gas,Automatic,18000,128500.0
Mercedes-Benz,E,2021,Black,Full,2.0,Gas,Automatic,7000,290000.0
Ford,Echo Sport,2016,Black,Standard,1.5,Gas,Automatic,217000,25000.0
GMC,Sierra,2006,White,Semi Full,5.3,Gas,Automatic,283000,29000.0
BMW,The 5,2019,Grey,Full,,Gas,Automatic,40000,220000.0
Toyota,Yaris,2020,Brown,Full,1.5,Gas,Automatic,2100,50000.0
Chevrolet,Avalanche,2007,Navy,Semi Full,,Gas,Automatic,700,23000.0
Toyota,Ciocca,2016,White,Full,,Gas,Automatic,134000,90000.0
Hyundai,Accent,2019,Grey,Standard,1.4,Gas,Automatic,77000,38000.0
Mitsubishi,Pajero,2015,Brown,Standard,3.5,Gas,Automatic,264000,38000.0
Toyota,Camry,2019,Brown,Standard,2.5,Gas,Automatic,47000,67000.0
Mitsubishi,Osa Bus,2015,White,Full,,Diesel,Manual,140000,85000.0
Hyundai,County Bus,2016,Bronze,Full,3.0,Diesel,Manual,44000,97000.0
Hyundai,Elantra,2020,White,Standard,2.0,Gas,Automatic,142000,53000.0
Chrysler,S300,2015,White,Semi Full,3.6,Gas,Automatic,109000,74000.0
Ford,Ranger,2011,White,Full,,Gas,Manual,168000,24000.0
Mercedes-Benz,S,1992,Green,Full,3.0,Gas,Automatic,8400,80000.0
Mazda,3,2019,Grey,Standard,2.0,Gas,Automatic,101000,44000.0
GMC,Sierra,2016,Red,Semi Full,,Gas,Automatic,205000,98000.0
Changan,Seven,2020,White,Standard,1.4,Gas,Automatic,41600,28000.0
Toyota,Aurion,2014,White,Standard,1.0,Gas,Automatic,245,55000.0
Fiat,500,2019,Another Color,Full,1.4,Gas,Automatic,17000,70000.0
Mazda,BT-50,2010,White,Standard,,Gas,Manual,277000,19000.0
Hyundai,Accent,2017,White,Semi Full,,Gas,Automatic,183000,24500.0
Lexus,ES,2021,Silver,Standard,2.5,Gas,Automatic,13500,172500.0
Ford,Taurus,2010,Grey,Semi Full,4.4,Gas,Automatic,10000,25000.0
Nissan,X-Trail,2020,Brown,Semi Full,,Gas,Automatic,24000,70000.0
Kia,Rio,2019,Bronze,Standard,1.4,Gas,Automatic,72000,36500.0
Infiniti,QX,2012,Oily,Full,5.4,Gas,Automatic,205000,77000.0
Nissan,Sunny,2019,Brown,Standard,1.5,Gas,Automatic,42000,34000.0
Ford,Expedition,2016,White,Semi Full,,Gas,Automatic,109000,72000.0
Mercedes-Benz,S,2009,Brown,Full,3.5,Gas,Automatic,174000,72000.0
Toyota,Corolla,2018,Silver,Standard,1.6,Gas,Automatic,63000,53000.0
Ford,Taurus,2016,Red,Semi Full,,Gas,Automatic,118000,65000.0
BMW,The 7,2014,Silver,Unknown,,Gas,Unknown,139000,90000.0
Toyota,Camry,2017,White,Unknown,,Gas,Unknown,120000,59000.0
GMC,Yukon,2010,White,Semi Full,,Gas,Automatic,360000,22000.0
Toyota,Land Cruiser,2010,White,Full,,Gas,Automatic,310000,81000.0
Ford,Expedition,2014,White,Semi Full,5.4,Gas,Automatic,204000,45000.0
Hyundai,Accent,2019,Blue,Standard,1.4,Gas,Automatic,65392,37000.0
Nissan,VTC,2014,White,Standard,4.8,Gas,Manual,244000,50000.0
Toyota,Corolla,2012,Silver,Standard,1.6,Gas,Automatic,254000,21000.0
BMW,The 7,2012,Black,Semi Full,,Gas,Automatic,197000,50000.0
Renault,Fluence,2015,White,Semi Full,1.6,Gas,Automatic,91000,20000.0
Hyundai,Elantra,2015,White,Full,2.0,Gas,Automatic,140,38000.0
Ford,Expedition,2014,Black,Standard,,Gas,Automatic,140,50000.0
Hyundai,Sonata,2016,Grey,Standard,2.4,Gas,Automatic,94000,50000.0
BMW,The 5,1997,Green,Full,,Gas,Automatic,300000,10000.0
Ford,Marquis,2008,Silver,Full,4.6,Gas,Automatic,171000,27000.0
Kia,Cadenza,2020,Brown,Semi Full,3.3,Gas,Automatic,17000,95000.0
Ford,Victoria,2011,Black,Standard,4.6,Gas,Automatic,176000,50000.0
Toyota,Land Cruiser,2020,White,Unknown,,Gas,Unknown,43000,265000.0
Toyota,Land Cruiser,1997,White,Full,,Gas,Manual,344627,45000.0
Volkswagen,Passat,2012,Another Color,Semi Full,2.5,Gas,Automatic,216000,22000.0
Mercedes-Benz,S,2010,Grey,Semi Full,5.5,Gas,Automatic,228000,63000.0
Mercedes-Benz,GLE,2016,Silver,Semi Full,3.0,Gas,Automatic,71000,138000.0
Hummer,H-2,2008,Blue,Full,6.2,Gas,Automatic,208,96000.0
Chevrolet,Traverse,2011,Another Color,Standard,,Gas,Automatic,320000,23000.0
Toyota,Camry,2008,White,Full,2.4,Gas,Manual,360000,19000.0
Toyota,Rav4,2014,Black,Full,2.5,Gas,Automatic,155,55000.0
Nissan,Patrol,2009,White,Semi Full,,Gas,Automatic,400000,50000.0
Lexus,LX,2015,White,Full,,Gas,Automatic,248,200000.0
GMC,Yukon,2004,Silver,Full,,Gas,Automatic,470000,33000.0
Geely,Emgrand,2019,Blue,Semi Full,1.8,Gas,Automatic,70000,35000.0
Nissan,Altima,2014,Brown,Semi Full,2.5,Gas,Automatic,139000,36000.0
Toyota,Prado,2016,White,Semi Full,6.0,Gas,Automatic,180,91000.0
Lexus,LS,2016,Silver,Full,4.7,Gas,Automatic,19000,235000.0
GMC,Acadia,2017,White,Semi Full,3.6,Gas,Automatic,298000,75000.0
Toyota,Avalon,2015,White,Full,3.5,Gas,Automatic,100000,87000.0
Toyota,Land Cruiser,2013,White,Full,1.0,Gas,Automatic,495,90000.0
Mercedes-Benz,SL,2017,Red,Full,4.7,Gas,Automatic,81000,265000.0
Honda,Odyssey,2020,Another Color,Standard,,Gas,Automatic,40000,100000.0
Toyota,Avanza,2016,Blue,Standard,1.6,Gas,Automatic,217,37500.0
Toyota,Land Cruiser,2018,White,Full,3.8,Gas,Automatic,60048,173000.0
Toyota,Hilux,2014,White,Full,2.7,Gas,Manual,180000,52000.0
Toyota,Land Cruiser Pickup,2013,Another Color,Full,4.0,Gas,Manual,73000,103000.0
Chevrolet,Suburban,1999,Golden,Full,,Gas,Automatic,70000,20000.0
Lexus,ES,2016,Grey,Full,3.5,Gas,Automatic,50000,127000.0
Hyundai,Sonata,2011,Grey,Semi Full,,Gas,Automatic,450,18000.0
Mazda,6,2019,Black,Standard,2.5,Gas,Automatic,66000,72000.0
Toyota,Land Cruiser 70,2011,White,Semi Full,,Gas,Manual,352500,58000.0
Mercedes-Benz,C,2015,White,Full,2.0,Gas,Automatic,82000,109000.0
MG,5,2021,Black,Semi Full,1.5,Gas,Automatic,3400,42000.0
Toyota,Prado,2020,White,Semi Full,4.0,Gas,Automatic,7000,172000.0
Toyota,Land Cruiser Pickup,2017,Bronze,Standard,4.0,Gas,Manual,25471,122000.0
Mazda,CX9,2015,Grey,Full,2.5,Gas,Automatic,62000,76000.0
Toyota,FJ,2015,White,Full,2.7,Gas,Automatic,230000,85000.0
BMW,The 3,2018,Grey,Full,,Gas,Automatic,96000,90000.0
BMW,Z,2015,White,Full,4.0,Gas,Automatic,65555,95000.0
Hyundai,Sonata,2017,White,Semi Full,2.4,Gas,Automatic,240000,35000.0
Ford,Edge,2016,Silver,Standard,3.6,Gas,Automatic,197000,62000.0
Mercedes-Benz,C,2016,Grey,Full,,Gas,Automatic,186000,108000.0
Changan,Seven,2021,White,Standard,1.5,Gas,Automatic,11000,32500.0
Nissan,Altima,2009,White,Semi Full,,Gas,Automatic,400000,7500.0
Hyundai,Elantra,2012,Another Color,Standard,2.0,Gas,Automatic,289000,21000.0
Lexus,ES,2016,Bronze,Semi Full,2.6,Gas,Automatic,92000,98000.0
Infiniti,FX,2007,Brown,Full,,Gas,Automatic,170,25000.0
Hyundai,Avante,2017,White,Full,1.6,Diesel,Automatic,110750,60000.0
Chevrolet,Tahoe,2018,Black,Full,5.3,Gas,Automatic,127000,155000.0
Hyundai,H1,2018,White,Standard,2.4,Gas,Automatic,179767,52000.0
Toyota,Land Cruiser,2010,White,Full,1.5,Gas,Automatic,360000,83000.0
Ford,Explorer,2012,Black,Standard,3.5,Gas,Automatic,336000,35000.0
Lexus,ES,2016,White,Semi Full,3.5,Gas,Automatic,95000,103000.0
Land Rover,Range Rover,2015,Grey,Full,2.8,Gas,Automatic,102000,158000.0
Ford,Fusion,2018,Blue,Semi Full,1.5,Gas,Automatic,125000,57000.0
Mazda,6,2016,Black,Semi Full,2.0,Gas,Manual,172000,45000.0
Ford,Taurus,2017,Black,Standard,3.5,Gas,Automatic,118000,73000.0
Nissan,Patrol,2020,Silver,Full,4.0,Gas,Automatic,56000,225000.0
Chevrolet,Suburban,2011,Black,Semi Full,4.7,Gas,Automatic,462000,40000.0
Mitsubishi,Pajero,2016,White,Full,3.8,Gas,Automatic,193000,58000.0
Nissan,Datsun,2012,White,Standard,1.0,Gas,Manual,333000,18000.0
Hyundai,Sonata,2016,Grey,Semi Full,2.4,Gas,Automatic,96460,49000.0
Toyota,Camry,2019,Bronze,Standard,2.5,Gas,Automatic,88000,70000.0
Hyundai,Elantra,2020,White,Semi Full,2.0,Gas,Automatic,10000,63000.0
Toyota,Hilux,2014,White,Semi Full,2.7,Gas,Manual,309000,45000.0
Ford,Edge,2013,Black,Semi Full,,Gas,Automatic,217000,32000.0
Toyota,Furniture,2016,White,Semi Full,2.4,Diesel,Automatic,120000,92000.0
Toyota,Furniture,2017,White,Semi Full,2.7,Gas,Automatic,6000,85000.0
Toyota,Furniture,2017,White,Semi Full,2.7,Gas,Automatic,12000,80000.0
Ford,Edge,2017,White,Standard,3.5,Gas,Automatic,89000,68000.0
Hyundai,Sonata,2019,Grey,Standard,2.4,Gas,Automatic,72000,60000.0
Hyundai,Elantra,2019,Navy,Semi Full,2.0,Gas,Automatic,55000,60000.0
Hyundai,Sonata,2017,White,Standard,2.4,Gas,Automatic,139000,43000.0
Kia,Optima,2015,White,Full,2.0,Gas,Automatic,240000,33000.0
Nissan,Datsun,2015,White,Semi Full,2.0,Gas,Manual,130000,32000.0
Mercedes-Benz,S,2015,White,Full,2.8,Gas,Automatic,180000,200000.0
Bentley,Flying Spur,2011,Navy,Full,6.0,Gas,Automatic,183000,100000.0
Toyota,Hilux,2016,White,Standard,2.7,Gas,Manual,155000,75000.0
GMC,Sierra,2016,Black,Semi Full,5.2,Gas,Automatic,180000,72000.0
Toyota,Innova,2017,White,Full,2.7,Gas,Automatic,130000,67000.0
Kia,Sportage,2019,Black,Standard,1.6,Gas,Automatic,46000,65000.0
Toyota,Innova,2017,White,Full,2.7,Gas,Automatic,135000,61000.0
Toyota,Camry,2016,White,Standard,2.5,Gas,Automatic,130000,55000.0
Honda,Odyssey,2015,Another Color,Full,2.4,Gas,Automatic,100000,53000.0
Honda,Civic,2018,Another Color,Semi Full,1.6,Gas,Automatic,61000,45000.0
Honda,Civic,2018,White,Semi Full,1.6,Gas,Automatic,91000,45000.0
Hyundai,Sonata,2017,White,Standard,2.4,Gas,Automatic,135000,45000.0
Toyota,Corolla,2018,White,Standard,1.6,Gas,Automatic,100000,44000.0
Toyota,Corolla,2018,Grey,Standard,1.6,Gas,Automatic,68000,44000.0
Toyota,Camry,2017,White,Standard,2.5,Gas,Automatic,240000,41000.0
Nissan,Altima,2017,White,Standard,2.5,Gas,Automatic,88000,37000.0
Nissan,Altima,2017,White,Standard,2.5,Gas,Automatic,181000,37000.0
Kia,Cerato,2016,White,Semi Full,1.6,Gas,Automatic,150000,30000.0
Kia,Cerato,2016,Another Color,Semi Full,1.6,Gas,Automatic,112000,30000.0
Hyundai,Accent,2017,White,Standard,1.4,Gas,Automatic,138000,24000.0
Nissan,Sunny,2018,Grey,Standard,1.5,Gas,Automatic,88000,24000.0
Nissan,Sunny,2016,White,Standard,1.5,Gas,Automatic,200000,20000.0
Nissan,Pathfinder,2005,White,Standard,,Gas,Automatic,300000,12000.0
GMC,Sierra,2000,White,Semi Full,1.5,Gas,Automatic,400000,10000.0
Toyota,Prado,2015,White,Full,1.6,Gas,Automatic,55000,130000.0
Toyota,Land Cruiser,2020,White,Semi Full,4.5,Diesel,Automatic,10000,259000.0
Changan,Eado,2020,Red,Semi Full,1.6,Gas,Automatic,91000,43000.0
Ford,Taurus,2015,White,Full,3.5,Gas,Automatic,121000,82000.0
Changan,Eado,2020,White,Semi Full,1.6,Gas,Automatic,64695,42000.0
Toyota,Furniture,2019,White,Full,4.0,Gas,Automatic,113000,105000.0
Hyundai,Accent,2011,White,Standard,1.8,Gas,Automatic,285205,14000.0
Jeep,Grand Cherokee,2014,Black,Semi Full,5.7,Gas,Automatic,175000,70000.0
Honda,Civic,2017,Silver,Standard,1.6,Gas,Automatic,86000,40000.0
Toyota,Yaris,2019,White,Standard,1.5,Gas,Automatic,61000,38000.0
Mercedes-Benz,C,2018,White,Full,4.0,Gas,Automatic,33000,330000.0
Land Rover,Range Rover,2016,White,Full,5.0,Gas,Automatic,56500,320000.0
Mercedes-Benz,E,2020,White,Full,2.0,Gas,Automatic,16000,265000.0
Mercedes-Benz,E,2018,White,Full,3.0,Gas,Automatic,86000,245000.0
Land Rover,Discovery,2018,Blue,Full,2.0,Gas,Automatic,500,240000.0
Mercedes-Benz,GLC,2020,White,Full,2.0,Gas,Automatic,4000,225000.0
Lexus,IS,2020,Grey,Full,3.0,Gas,Automatic,10000,197000.0
Land Rover,Range Rover,2014,White,Full,3.0,Gas,Automatic,195000,170000.0
Mercedes-Benz,GL,2014,White,Full,4.6,Gas,Automatic,139000,135000.0
BMW,The 6,2013,Black,Full,3.0,Gas,Automatic,108000,120000.0
Lexus,IS,2016,White,Full,3.5,Gas,Automatic,89000,128000.0
Nissan,Sentra,2016,White,Standard,1.6,Gas,Automatic,139000,36000.0
Mercedes-Benz,SEL,1990,Red,Full,6.2,Gas,Automatic,79000,115000.0
Toyota,Corolla,2018,White,Standard,1.6,Gas,Automatic,50000,53000.0
Hyundai,Accent,2019,Brown,Standard,1.4,Gas,Automatic,91000,32000.0
Ford,F150,2019,Brown,Semi Full,5.4,Gas,Automatic,13000,108000.0
Toyota,Hilux,2018,White,Standard,2.7,Gas,Manual,194000,80000.0
Toyota,Yaris,2019,White,Standard,1.5,Gas,Automatic,36000,43000.0
Dodge,Durango,2014,Grey,Semi Full,3.6,Gas,Automatic,244000,52000.0
Kia,Optima,2015,Navy,Semi Full,2.4,Gas,Automatic,173588,36500.0
Toyota,Camry,2014,White,Standard,2.5,Gas,Automatic,230000,35000.0
Hyundai,Sonata,2018,White,Standard,2.4,Gas,Automatic,48933,50000.0
Toyota,Furniture,2020,White,Semi Full,4.0,Gas,Automatic,40000,132000.0
Lexus,ES,2017,Black,Full,3.5,Gas,Automatic,99000,129000.0
Kia,Optima,2014,Silver,Full,2.4,Gas,Automatic,200,45000.0
GMC,Suburban,1995,Oily,Semi Full,,Gas,Automatic,215000,13000.0
Nissan,Datsun,2015,White,Full,2.4,Gas,Manual,147000,45000.0
Toyota,Avalon,2019,Another Color,Semi Full,,Gas,Automatic,60000,115000.0
Chevrolet,Optra,2011,White,Standard,,Gas,Automatic,216000,9000.0
Nissan,Sunny,2011,White,Standard,1.4,Gas,Manual,290,7000.0
Hyundai,Sonata,2018,Another Color,Standard,2.4,Gas,Automatic,7400,58000.0
Toyota,Corolla,2001,Another Color,Standard,8.1,Gas,Manual,600,9500.0
Mazda,CX9,2016,Another Color,Full,,Gas,Automatic,124,57000.0
FAW,B50,2016,Black,Full,1.4,Gas,Automatic,89000,25000.0
GMC,Sierra,2019,Black,Standard,5.3,Gas,Automatic,8900,130000.0
Toyota,Land Cruiser,1999,Silver,Full,4.7,Gas,Manual,238,40000.0
Hyundai,Elantra,2015,White,Full,2.0,Gas,Automatic,245000,30000.0
Kia,K4000G,2005,White,Semi Full,,Diesel,Manual,298000,25000.0
Hyundai,Senta fe,2013,White,Semi Full,3.3,Gas,Automatic,16700,52000.0
Toyota,Avalon,2021,White,Semi Full,3.5,Gas,Automatic,6500,140000.0
Cadillac,ATS,2018,Black,Full,,Gas,Automatic,51000,125000.0
Land Rover,Range Rover,2017,Black,Full,,Gas,Automatic,90000,250000.0
Mercedes-Benz,GLE,2020,Black,Full,6.9,Gas,Automatic,24000,330000.0
Toyota,Avalon,2011,Black,Full,,Gas,Automatic,150000,58000.0
Hyundai,Accent,2012,White,Semi Full,1.6,Gas,Manual,228000,15000.0
Lexus,IS,2008,Bronze,Semi Full,2.0,Gas,Automatic,400000,22000.0
Toyota,Hilux,2016,White,Full,,Gas,Manual,220000,68000.0
GMC,Yukon,2005,Silver,Full,6.0,Gas,Automatic,195000,23000.0
Toyota,Rav4,2018,White,Full,2.5,Gas,Automatic,84000,85000.0
Ford,Ranger,2021,Navy,Standard,2.2,Diesel,Manual,9000,85000.0
Hyundai,Sonata,2017,Another Color,Semi Full,2.4,Gas,Automatic,20000,36000.0
Mazda,3,2015,White,Standard,1.6,Gas,Automatic,200000,25000.0
Geely,Unknown,2017,Blue,Full,1.4,Gas,Automatic,45000,36000.0
Chevrolet,Caprice,2013,White,Standard,,Gas,Automatic,266000,37000.0
Ford,Victoria,2015,Black,Semi Full,,Gas,Automatic,130000,70000.0
Cadillac,Escalade,2016,Black,Semi Full,,Gas,Automatic,130000,180000.0
Kia,Mohave,2014,White,Standard,3.8,Gas,Automatic,192,39000.0
Ford,Taurus,2014,Orange,Standard,2.0,Gas,Automatic,152000,55000.0
GMC,Yukon,2013,White,Full,2.7,Gas,Automatic,300,55000.0
Hyundai,Unknown,2012,Black,Full,2.4,Gas,Automatic,3330,25000.0
Hyundai,Tucson,2018,Silver,Standard,2.0,Gas,Automatic,120000,62000.0
Toyota,Hilux,2017,White,Semi Full,2.7,Gas,Manual,18000,77000.0
Toyota,FJ,2016,White,Full,,Gas,Automatic,148,98000.0
Toyota,Camry,2017,Blue,Full,2.5,Gas,Automatic,31000,75000.0
Toyota,Hilux,2016,White,Semi Full,2.7,Gas,Manual,60000,75000.0
Toyota,Hilux,2016,White,Semi Full,2.7,Gas,Automatic,95000,85000.0
Hyundai,Sonata,2008,Grey,Standard,2.0,Gas,Automatic,382,12000.0
Mazda,6,2014,White,Semi Full,2.5,Gas,Automatic,185000,45000.0
Nissan,Datsun,2009,White,Semi Full,2.0,Gas,Manual,85000,45000.0
Toyota,Land Cruiser,2006,White,Full,4.5,Gas,Automatic,311100,63000.0
Toyota,Furniture,2008,White,Full,4.0,Gas,Automatic,288000,36000.0
Toyota,Land Cruiser,2000,White,Full,4.8,Gas,Automatic,396000,30000.0
Toyota,Land Cruiser Pickup,2014,Bronze,Standard,6.0,Gas,Manual,192000,73000.0
Infiniti,QX,2016,Grey,Full,5.6,Gas,Automatic,185000,119000.0
Toyota,Camry,2017,Grey,Standard,2.4,Gas,Automatic,133000,48000.0
Hyundai,Elantra,2019,White,Standard,1.6,Gas,Automatic,73000,48500.0
Ford,Taurus,2015,Brown,Semi Full,3.5,Gas,Automatic,104000,74000.0
Kia,Carnival,2016,White,Semi Full,,Gas,Automatic,85000,64000.0
Chrysler,S300,2018,Navy,Full,,Gas,Automatic,66000,122000.0
Ford,Flex,2014,Brown,Semi Full,3.5,Gas,Automatic,180000,49000.0
Ford,Taurus,2017,Grey,Full,3.5,Gas,Automatic,131000,73000.0
Toyota,Yaris,2019,White,Standard,1.5,Gas,Automatic,22000,41500.0
Lexus,ES,2019,Silver,Full,2.5,Hybrid,Automatic,62000,195000.0
Toyota,FJ,2012,White,Full,,Gas,Automatic,270,60000.0
Hyundai,Elantra,2013,Silver,Semi Full,1.6,Gas,Automatic,169,20000.0
Toyota,Previa,2009,Silver,Standard,1.7,Gas,Automatic,400000,15000.0
Nissan,VTC,2019,White,Full,,Gas,Automatic,39000,145000.0
Chevrolet,Impala,2014,White,Standard,,Gas,Automatic,255000,43000.0
Toyota,Land Cruiser,2003,Black,Semi Full,4.5,Gas,Automatic,335000,51000.0
Chevrolet,Optra,2008,Blue,Semi Full,1.6,Gas,Automatic,253250,9000.0
Hyundai,Elantra,2017,Grey,Full,2.0,Gas,Automatic,140000,47000.0
Chrysler,300,2014,Black,Semi Full,,Gas,Automatic,272000,45000.0
Toyota,Prado,2016,White,Full,4.0,Gas,Automatic,69900,128000.0
GMC,Sierra,2020,Red,Semi Full,5.3,Gas,Automatic,60000,155000.0
Toyota,Hilux,2016,White,Full,,Gas,Automatic,208,77000.0
Chevrolet,Caprice,2015,Black,Semi Full,6.0,Gas,Automatic,235000,65000.0
BMW,The 7,2018,Another Color,Full,3.0,Gas,Automatic,19000,225000.0
Honda,Accord,2014,White,Semi Full,,Gas,Automatic,300,45000.0
Ford,F150,2018,Brown,Full,,Gas,Automatic,35000,195000.0
Mitsubishi,Pajero,2017,White,Semi Full,3.5,Gas,Automatic,159000,55000.0
Honda,Accord,2014,White,Semi Full,4.0,Gas,Automatic,349000,48000.0
Chevrolet,Suburban,2015,Another Color,Full,,Gas,Automatic,70000,160000.0
GMC,Sierra,2013,Silver,Full,,Gas,Automatic,334,45000.0
Lexus,ES,2016,Grey,Semi Full,3.6,Gas,Automatic,200000,105000.0
Geely,EC7,2014,Black,Full,1.6,Gas,Automatic,229000,18000.0
Toyota,Innova,2017,White,Full,,Gas,Automatic,139400,58000.0
Mazda,CX9,2020,Grey,Full,4.0,Gas,Automatic,51000,130000.0
Ford,Taurus,2017,Black,Semi Full,1.7,Gas,Automatic,92595,83000.0
Dodge,Durango,2011,White,Semi Full,5.7,Gas,Automatic,200900,30000.0
Toyota,Furniture,2015,White,Full,,Gas,Automatic,209,72000.0
Ford,Victoria,2007,Golden,Semi Full,,Gas,Automatic,480,15000.0
Chevrolet,Impala,1964,Green,Full,1.2,Gas,Automatic,100000,75000.0
Nissan,Urvan,2016,White,Standard,,Gas,Manual,106000,65000.0
GMC,Yukon,2014,Red,Standard,,Gas,Automatic,92000,90000.0
Lexus,IS,2015,Bronze,Full,3.5,Gas,Automatic,181000,60000.0
Toyota,Corolla,2013,White,Standard,1.6,Gas,Automatic,233000,25000.0
Kia,Sorento,2015,Black,Semi Full,,Gas,Automatic,182000,30000.0
Hyundai,Creta,2017,Silver,Semi Full,,Gas,Automatic,120000,50000.0
Ford,Explorer,2016,Black,Standard,,Gas,Automatic,228000,65000.0
Toyota,Hilux,2018,White,Full,2.7,Gas,Manual,71000,62000.0
Hyundai,Sonata,2019,Silver,Semi Full,2.4,Gas,Automatic,53000,79000.0
Kia,Cerato,2015,White,Standard,1.6,Gas,Automatic,170000,27000.0
Hyundai,Accent,2018,White,Standard,1.4,Gas,Automatic,79000,33000.0
Mercedes-Benz,E,2016,Black,Standard,,Gas,Automatic,110440,98000.0
Toyota,Avalon,2014,White,Semi Full,,Gas,Automatic,340000,43000.0
Hyundai,Sonata,2013,White,Full,2.6,Gas,Automatic,280,25000.0
Dodge,Charger,2016,Another Color,Full,5.7,Gas,Automatic,100000,109000.0
Nissan,Sentra,2017,White,Standard,1.6,Gas,Automatic,50700,37000.0
Volkswagen,Touareg,2006,Another Color,Semi Full,,Gas,Automatic,290000,12000.0
Chevrolet,Silverado,2018,Silver,Standard,4.3,Gas,Automatic,70000,77000.0
Mercedes-Benz,C,2016,White,Semi Full,,Gas,Automatic,76000,102000.0
Nissan,Altima,2017,White,Semi Full,3.0,Gas,Automatic,85000,58000.0
Ford,Taurus,2015,Black,Full,3.0,Gas,Automatic,197000,58000.0
Nissan,Navara,2015,White,Semi Full,2.0,Gas,Manual,45000,50000.0
Kia,Optima,2015,Navy,Semi Full,2.0,Gas,Automatic,191,38500.0
Kia,Optima,2015,Navy,Semi Full,2.0,Gas,Automatic,190000,38000.0
Nissan,Juke,2014,Navy,Semi Full,2.0,Gas,Automatic,68000,35000.0
Suzuki,Grand Vitara,2013,White,Semi Full,2.0,Gas,Manual,16000,35000.0
Hyundai,Accent,2018,White,Standard,1.4,Gas,Automatic,51000,34000.0
Toyota,Prado,2016,Grey,Semi Full,,Gas,Automatic,67000,90000.0
Toyota,FJ,2020,White,Standard,4.0,Gas,Automatic,68500,117000.0
Foton,Mini Van,2017,White,Standard,2.7,Gas,Manual,145000,39500.0
Ford,Fusion,2015,Grey,Semi Full,2.5,Gas,Automatic,85000,35000.0
Hyundai,H1,2018,Brown,Semi Full,7.0,Gas,Automatic,40000,63000.0
Kia,Optima,2018,Silver,Semi Full,2.4,Gas,Automatic,131000,59000.0
Toyota,Corolla,2013,Silver,Standard,,Gas,Automatic,186000,27000.0
Ford,Van,2013,White,Semi Full,6.8,Gas,Automatic,40000,40000.0
Chevrolet,Blazer,2007,Black,Semi Full,6.0,Gas,Automatic,400,8000.0
Nissan,Land Cruiser Pickup,1999,White,Standard,4.5,Gas,Manual,180000,28000.0
Hyundai,Azera,2015,Silver,Full,,Gas,Automatic,215515,42000.0
Bentley,Continental GT,2013,Another Color,Unknown,,Gas,Automatic,121000,280000.0
Toyota,Land Cruiser,2013,Bronze,Standard,,Gas,Manual,350000,86000.0
Kia,Cerato,2015,Silver,Standard,1.6,Gas,Automatic,141000,25000.0
Kia,Seltos,2021,Red,Semi Full,1.6,Gas,Automatic,10000,75000.0
Nissan,Sunny,2019,Silver,Standard,1.5,Gas,Automatic,66000,29000.0
Toyota,Corolla,2020,Another Color,Semi Full,1.6,Gas,Automatic,39000,69000.0
Mercedes-Benz,G,2014,White,Full,5.5,Gas,Automatic,125000,245000.0
GMC,Yukon,2017,Golden,Semi Full,5.3,Gas,Automatic,30000,158000.0
Chevrolet,Tahoe,2013,Another Color,Semi Full,,Gas,Automatic,172000,60000.0
Kia,Cadenza,2017,Silver,Standard,3.0,Gas,Automatic,93000,57000.0
Ford,Taurus,2015,Black,Standard,3.5,Gas,Automatic,140000,64000.0
Toyota,Previa,2015,White,Full,2.4,Gas,Automatic,156000,56500.0
Chrysler,C300,2017,Black,Standard,3.6,Gas,Automatic,133000,70000.0
Toyota,Hilux,2020,White,Full,2.7,Gas,Manual,15000,105500.0
Toyota,Hilux,2020,White,Semi Full,2.7,Gas,Manual,15000,105000.0
GMC,Sierra,2018,Navy,Standard,5.3,Gas,Automatic,126000,111000.0
Lexus,RX,2016,Brown,Full,3.5,Gas,Automatic,176700,130000.0
Toyota,Hilux,2020,White,Semi Full,2.7,Gas,Manual,49000,103000.0
Kia,Sportage,2020,Navy,Full,1.6,Gas,Automatic,7688,67000.0
Toyota,Innova,2016,White,Full,2.7,Gas,Automatic,84000,69000.0
Honda,Odyssey,2015,Brown,Full,2.7,Gas,Automatic,123000,59000.0
Lexus,LS,2014,White,Full,4.6,Gas,Automatic,202000,133000.0
Toyota,Prado,2019,White,Full,4.0,Gas,Automatic,58000,151000.0
Chevrolet,Tahoe,2016,Blue,Full,5.6,Gas,Automatic,168000,115500.0
Mazda,3,2018,Another Color,Standard,2.0,Gas,Automatic,31000,54000.0
Mazda,3,2018,Another Color,Standard,1.8,Gas,Automatic,53000,54000.0
Mazda,3,2018,Another Color,Standard,1.8,Gas,Automatic,54000,54000.0
Mazda,3,2018,Silver,Standard,1.8,Gas,Automatic,23000,55000.0
Mazda,CX3,2018,Blue,Semi Full,2.9,Gas,Automatic,78000,54000.0
Mazda,CX3,2018,White,Standard,2.0,Gas,Automatic,30000,54000.0
Mazda,CX3,2018,Another Color,Standard,2.0,Gas,Automatic,31000,55000.0
Mazda,3,2019,White,Standard,1.6,Gas,Automatic,53000,46500.0
Toyota,Prado,2019,White,Full,4.0,Gas,Automatic,82000,149500.0
Hyundai,Accent,2018,Black,Standard,1.4,Gas,Automatic,105000,35000.0
Land Rover,Range Rover,2017,White,Full,5.2,Gas,Automatic,77000,275000.0
Porsche,Panamera,2011,White,Full,5.7,Gas,Automatic,108000,99000.0
Mercedes-Benz,S,2011,White,Full,3.8,Gas,Automatic,203000,98000.0
Honda,Accord,2018,Silver,Full,1.5,Gas,Automatic,70000,96000.0
Mercedes-Benz,S,2011,White,Full,3.8,Gas,Automatic,132000,90000.0
Mercedes-Benz,S,2010,Brown,Full,3.8,Gas,Automatic,114000,88000.0
Toyota,Avalon,2014,Black,Full,3.8,Gas,Automatic,156000,73000.0
Chevrolet,Camaro,2013,Grey,Full,5.7,Gas,Automatic,137000,63000.0
Mazda,CX3,2018,Brown,Standard,2.0,Gas,Automatic,49000,55000.0
Hyundai,Elantra,2019,White,Standard,1.6,Gas,Automatic,84000,51000.0
Mazda,3,2018,Black,Standard,1.6,Gas,Automatic,99000,45000.0
Toyota,Innova,2014,White,Standard,2.5,Gas,Automatic,163000,39000.0
Toyota,Hilux,2020,White,Semi Full,2.7,Gas,Manual,27000,104500.0
Lexus,ES,2018,White,Full,3.5,Gas,Automatic,128000,93500.0
Toyota,Previa,2017,White,Standard,2.4,Gas,Automatic,139000,62000.0
Mazda,3,2016,White,Semi Full,2.0,Gas,Automatic,129000,31000.0
Lexus,LX,2021,White,Full,5.7,Gas,Automatic,4500,460500.0
Toyota,Hilux,2017,White,Full,,Gas,Manual,119000,69000.0
Nissan,Pathfinder,2013,Silver,Semi Full,3.5,Gas,Automatic,127000,38000.0
Hyundai,Elantra,2017,Grey,Standard,2.0,Gas,Automatic,146000,40000.0
Toyota,Camry,2020,White,Full,3.5,Gas,Automatic,26000,126000.0
Nissan,VTC,2019,Grey,Standard,4.8,Gas,Automatic,100,138000.0
Mitsubishi,Pajero,2016,White,Full,3.8,Gas,Automatic,260000,60000.0
Toyota,Hilux,2020,White,Full,2.7,Gas,Automatic,22000,120000.0
Chrysler,300,2014,Black,Full,5.7,Gas,Automatic,188000,57000.0
Kia,Carenz,2015,Black,Standard,2.0,Gas,Automatic,102000,40000.0
Hyundai,Accent,2018,White,Semi Full,,Gas,Automatic,95000,41000.0
Ford,Edge,2016,White,Semi Full,,Gas,Automatic,198000,69000.0
Fiat,Fiorino,2016,White,Standard,,Gas,Manual,33000,27000.0
Toyota,Corolla,2018,Silver,Standard,1.6,Gas,Automatic,110000,51000.0
Kia,Rio,2016,Grey,Full,,Gas,Automatic,91000,37000.0
Chrysler,300,2018,Silver,Full,5.7,Gas,Automatic,157000,127000.0
Ford,Unknown,2016,Another Color,Full,3.2,Gas,Automatic,15500,90000.0
Ford,Unknown,1963,Blue,Standard,1.0,Gas,Manual,300,22000.0
Lexus,IS,2017,Grey,Full,3.5,Gas,Automatic,69000,150000.0
Hyundai,Sonata,2017,White,Standard,,Gas,Automatic,105000,55000.0
Fiat,Doblo,2015,White,Standard,,Gas,Manual,119000,25000.0
Ford,Taurus,2019,Red,Semi Full,3.5,Gas,Automatic,108000,88000.0
Nissan,Sentra,2018,Silver,Semi Full,1.6,Gas,Automatic,62000,41000.0
Hyundai,Tucson,2016,Brown,Semi Full,2.4,Gas,Automatic,119800,57000.0
Nissan,Datsun,2014,White,Standard,,Gas,Manual,282,24000.0
Chevrolet,Suburban,2008,Black,Full,,Gas,Automatic,263,32000.0
Toyota,Corolla,2018,Grey,Standard,1.6,Gas,Automatic,65000,52000.0
Chrysler,C300,2013,White,Full,5.7,Gas,Automatic,200,55000.0
Mitsubishi,Nativa,2010,Silver,Semi Full,3.0,Gas,Automatic,244,17000.0
Volkswagen,Beetle,2015,Blue,Full,6.0,Gas,Automatic,130000,55000.0
Nissan,VTC,2015,White,Standard,4.8,Gas,Manual,340000,49000.0
Toyota,Hilux,1995,White,Full,2.4,Gas,Manual,300,15000.0
Ford,Fusion,2012,Silver,Semi Full,,Gas,Automatic,300000,18000.0
Hyundai,Azera,2016,White,Semi Full,2.4,Gas,Automatic,36000,48000.0
Mitsubishi,Pajero,2016,White,Semi Full,3.5,Gas,Automatic,193000,45000.0
Toyota,Land Cruiser,2020,White,Full,,Gas,Automatic,46800,257000.0
Ford,Marquis,1999,Golden,Full,,Gas,Automatic,388000,10000.0
Nissan,Patrol,2015,White,Semi Full,4.8,Gas,Automatic,247000,75000.0
Lexus,NX,2020,White,Full,2.0,Gas,Automatic,4100,170000.0
Mercedes-Benz,S,2011,Brown,Full,,Gas,Automatic,137000,85000.0
Nissan,Sunny,2019,White,Semi Full,1.5,Gas,Automatic,46000,32000.0
GMC,Yukon,2008,Golden,Semi Full,,Gas,Automatic,280000,42000.0
Nissan,Navara,2016,White,Standard,2.5,Gas,Manual,7000,65000.0
Nissan,Patrol,2016,White,Standard,4.8,Gas,Automatic,59000,83000.0
Dodge,Charger,2014,Red,Full,,Gas,Automatic,300000,35000.0
Toyota,Hilux,2016,White,Full,2.7,Gas,Manual,190000,65000.0
Mitsubishi,Pajero,2017,Another Color,Full,3.8,Gas,Automatic,28000,88000.0
Nissan,Land Cruiser Pickup,2011,White,Semi Full,6.0,Gas,Manual,236564,37000.0
Lexus,RX,2015,Grey,Standard,3.5,Gas,Automatic,70000,95000.0
BMW,The 7,2019,White,Full,3.0,Gas,Automatic,14000,247000.0
Suzuki,Ertiga,2015,White,Semi Full,1.8,Gas,Automatic,168000,22000.0
Chevrolet,Tahoe,2007,Another Color,Full,5.3,Gas,Automatic,128,35000.0
Mercedes-Benz,E,2016,White,Full,,Gas,Automatic,94000,110000.0
GMC,Yukon,2020,Black,Full,,Gas,Automatic,63860,175000.0
Ford,Edge,2016,Brown,Full,3.5,Gas,Automatic,76200,77000.0
Mitsubishi,Pajero,2017,Black,Full,3.8,Gas,Automatic,251000,65000.0
Hyundai,H1,2016,Grey,Semi Full,,Gas,Automatic,280000,32000.0
Hyundai,Tucson,2020,Bronze,Semi Full,2.0,Gas,Automatic,22000,80000.0
Nissan,Sentra,2020,White,Semi Full,1.6,Gas,Automatic,7000,55000.0
Toyota,4Runner,2018,White,Full,6.1,Gas,Automatic,115150,95000.0
Volkswagen,Passat,2015,Silver,Full,2.5,Diesel,Automatic,70000,73000.0
Ford,Expedition,2012,Silver,Standard,,Gas,Automatic,360000,30000.0
Dodge,Charger,2013,Red,Full,5.7,Gas,Automatic,144000,59000.0
Mercedes-Benz,C,2016,Navy,Full,2.2,Gas,Automatic,95000,127000.0
BMW,The 7,2018,White,Full,,Gas,Automatic,52000,200000.0
Toyota,Avalon,2017,White,Standard,1.2,Gas,Automatic,200000,80000.0
Lexus,ES,2016,Bronze,Semi Full,3.5,Gas,Automatic,104000,98000.0
Chrysler,C300,2017,Silver,Semi Full,3.6,Gas,Automatic,77000,82000.0
Chrysler,C300,2016,White,Semi Full,3.6,Gas,Automatic,100000,79500.0
Kia,Rio,2016,Silver,Standard,1.4,Gas,Automatic,119000,20000.0
Toyota,Camry,2002,Green,Standard,2.4,Gas,Manual,450000,14000.0
GAC,GS3,2021,White,Full,1.3,Gas,Automatic,9000,57000.0
Toyota,Ciocca,2009,Grey,Semi Full,5.7,Gas,Automatic,349900,25000.0
Infiniti,QX,2015,Grey,Full,5.0,Gas,Automatic,123000,70000.0
Toyota,Furniture,2019,White,Semi Full,2.7,Gas,Automatic,37000,107000.0
Hyundai,Sonata,2018,Another Color,Standard,2.4,Gas,Automatic,68000,53000.0
Kia,Rio,2015,Red,Standard,1.6,Gas,Automatic,150,22000.0
Kia,Sportage,2018,White,Standard,2.0,Gas,Automatic,129000,60000.0
Changan,Eado,2021,Brown,Full,1.6,Gas,Automatic,1000,60000.0
Maserati,Quattroporte,2015,Navy,Full,3.0,Gas,Automatic,125000,125000.0
Hyundai,Accent,2018,White,Standard,1.4,Gas,Automatic,108000,34000.0
Nissan,Datsun,2016,White,Semi Full,2.4,Gas,Manual,39000,52000.0
Ford,Taurus,2019,White,Standard,3.0,Gas,Automatic,77000,77000.0
Lexus,GS,2017,White,Full,1.0,Gas,Automatic,69000,163000.0
Hyundai,Senta fe,2016,White,Full,3.3,Gas,Automatic,131000,60000.0
GMC,Sierra,2002,White,Standard,1.4,Gas,Manual,252000,12500.0
Toyota,Land Cruiser,2016,White,Full,4.6,Gas,Automatic,228000,160000.0
Mercedes-Benz,S,2014,Black,Unknown,,Gas,Automatic,90000,220000.0
Toyota,Hilux,2018,White,Semi Full,2.7,Gas,Manual,31000,72000.0
Chevrolet,Caprice,2013,Silver,Standard,6.0,Gas,Automatic,93000,79000.0
Ford,Edge,2014,White,Full,,Gas,Automatic,186000,54000.0
Ford,Edge,2017,White,Full,1.7,Gas,Automatic,60000,105000.0
Cadillac,Escalade,2015,Brown,Full,8.3,Gas,Automatic,241000,140000.0
Dodge,Charger,2012,Red,Standard,3.6,Gas,Automatic,300,38000.0
Mercedes-Benz,C,2018,Silver,Full,2.0,Gas,Automatic,57000,175000.0
Hyundai,Accent,2019,Grey,Standard,1.4,Gas,Automatic,115300,35000.0
Audi,A6,2014,White,Full,3.5,Gas,Automatic,79000,85000.0
Mercedes-Benz,C,2016,Another Color,Full,2.0,Gas,Automatic,46000,142000.0
Toyota,Corolla,2015,Silver,Semi Full,2.5,Gas,Automatic,96000,40000.0
Mercedes-Benz,E,1998,Bronze,Full,3.2,Gas,Automatic,490000,8500.0
Geely,Azkarra,2021,Grey,Full,1.5,Gas,Automatic,20000,78000.0
Ford,Marquis,2010,White,Full,3.0,Gas,Automatic,250,30000.0
Kia,Cerato,2018,White,Standard,1.6,Gas,Automatic,215000,30000.0
Toyota,Innova,2015,White,Full,2.7,Gas,Automatic,198,48000.0
Cadillac,Escalade,2007,Black,Semi Full,,Gas,Automatic,476000,18000.0
Ford,Taurus,2014,White,Unknown,,Gas,Unknown,266000,50000.0
Chevrolet,Traverse,2014,Black,Unknown,,Gas,Unknown,195000,42000.0
Kia,Carenz,2015,White,Standard,2.0,Gas,Automatic,147,32000.0
Hyundai,Sonata,2013,White,Standard,2.4,Gas,Manual,490000,16000.0
Toyota,Furniture,2020,White,Semi Full,2.7,Gas,Automatic,28000,110000.0
Toyota,Land Cruiser,2006,White,Standard,4.5,Gas,Manual,86000,90000.0
Toyota,Land Cruiser,2006,White,Full,4.5,Gas,Automatic,199000,77000.0
Toyota,Land Cruiser,2006,Another Color,Full,4.5,Gas,Automatic,215000,79000.0
Toyota,Hilux,2018,White,Semi Full,2.7,Gas,Manual,201000,85000.0
GMC,Unknown,2006,Black,Full,,Gas,Automatic,348000,16000.0
Nissan,Pathfinder,2014,Silver,Semi Full,6.0,Gas,Automatic,23800,40000.0
Jeep,Grand Cherokee,2015,Silver,Standard,3.6,Gas,Automatic,148,69500.0
Nissan,Datsun,2015,White,Full,,Gas,Manual,200000,35000.0
Hyundai,Accent,2007,Blue,Standard,1.6,Gas,Manual,382010,9000.0
Mitsubishi,Pajero,2018,White,Full,3.8,Gas,Automatic,62000,82000.0
Jaguar,XF,2017,Black,Full,2.0,Gas,Automatic,100000,95000.0
Mercedes-Benz,C,2018,Grey,Full,2.0,Gas,Automatic,91000,138000.0
Mazda,CX5,2019,White,Standard,,Gas,Automatic,84000,75000.0
Chevrolet,Suburban,2007,Black,Full,,Gas,Automatic,300000,30000.0
Ford,Victoria,2011,Another Color,Standard,4.6,Gas,Automatic,128000,43000.0
Mazda,CX5,2021,Blue,Full,2.5,Gas,Automatic,4950,117000.0
Nissan,Pathfinder,2006,Blue,Semi Full,4.0,Gas,Automatic,325000,15000.0
GMC,Yukon,2013,White,Full,,Gas,Automatic,19400,95000.0
Toyota,Hilux,2009,White,Standard,1.5,Gas,Manual,25788,30000.0
Toyota,Prado,2018,White,Semi Full,4.0,Gas,Automatic,131000,137000.0
Hyundai,Elantra,2014,White,Full,1.6,Gas,Automatic,410000,25000.0
Audi,A7,2016,Grey,Full,3.0,Gas,Automatic,130000,125000.0
Daihatsu,Delta,1990,Another Color,Full,,Gas,Automatic,15800,50000.0
Chevrolet,Impala,2016,White,Semi Full,,Gas,Automatic,51000,62000.0
Chevrolet,Tahoe,2011,Another Color,Semi Full,5.3,Gas,Automatic,206000,37000.0
Hyundai,Sonata,2016,White,Full,2.4,Gas,Automatic,230000,45000.0
GMC,Yukon,2013,Bronze,Semi Full,,Gas,Automatic,7800,110000.0
Toyota,Camry,2014,White,Standard,,Gas,Automatic,130000,37000.0
Toyota,Camry,2007,Silver,Full,2.4,Gas,Manual,450,16500.0
Geely,Azkarra,2021,White,Full,1.5,Gas,Automatic,23000,75000.0
Hyundai,Sonata,2018,Grey,Semi Full,2.4,Gas,Automatic,179000,42000.0
Toyota,Land Cruiser,2014,White,Full,4.6,Gas,Automatic,213000,142000.0
Toyota,Land Cruiser,2015,White,Full,4.6,Gas,Automatic,280000,140000.0
Toyota,Land Cruiser,2013,White,Full,4.6,Gas,Automatic,281000,135000.0
Toyota,Land Cruiser,2015,White,Semi Full,4.6,Gas,Automatic,248000,135000.0
Toyota,Land Cruiser,2013,White,Full,4.6,Gas,Automatic,308000,120000.0
Toyota,Innova,2020,White,Standard,2.7,Gas,Automatic,50000,83000.0
Toyota,Rav4,2018,White,Semi Full,2.5,Gas,Automatic,74000,79000.0
Mazda,CX9,2016,White,Full,3.7,Gas,Automatic,193000,68000.0
Ford,Expedition,2014,Black,Semi Full,5.4,Gas,Automatic,151000,65000.0
Nissan,X-Trail,2017,White,Semi Full,2.5,Gas,Automatic,99000,62000.0
Hyundai,H1,2016,Silver,Semi Full,2.4,Gas,Automatic,91000,52000.0
Ford,Expedition,2013,Black,Standard,5.4,Gas,Automatic,190000,50000.0
Toyota,Camry,2015,White,Standard,2.5,Gas,Automatic,277000,48000.0
Ford,Expedition,2012,Silver,Standard,5.4,Gas,Automatic,207000,47000.0
Toyota,Camry,2017,Silver,Standard,2.5,Gas,Automatic,327000,46000.0
Toyota,Camry,2017,Silver,Standard,2.5,Gas,Automatic,319000,46000.0
Kia,Carnival,2016,Bronze,Semi Full,3.3,Gas,Automatic,243000,46000.0
Nissan,Navara,2016,White,Standard,2.5,Gas,Manual,55000,45000.0
Nissan,Navara,2016,White,Standard,2.4,Gas,Manual,204000,42000.0
Nissan,Patrol,2006,White,Standard,4.0,Gas,Manual,106000,37000.0
Hyundai,Accent,2017,Brown,Standard,1.4,Gas,Automatic,186000,30000.0
Mercury,Grand Marquis,2011,Blue,Semi Full,4.6,Gas,Automatic,300000,27000.0
Lexus,GS,2016,Silver,Semi Full,2.5,Gas,Automatic,58000,137000.0
Chevrolet,Tahoe,2015,White,Full,5.3,Gas,Automatic,193000,118000.0
Ford,Taurus,2017,Grey,Semi Full,3.5,Gas,Automatic,131000,67000.0
Ford,Taurus,2016,Grey,Semi Full,3.5,Gas,Automatic,123000,65000.0
Ford,Expedition,2013,White,Full,3.8,Gas,Automatic,300000,55000.0
Toyota,Corolla,2018,White,Standard,1.6,Gas,Automatic,67000,52000.0
Toyota,Corolla,2018,Silver,Standard,1.6,Gas,Automatic,69600,52000.0
Toyota,Corolla,2018,Silver,Standard,1.6,Gas,Automatic,52000,51000.0
Hyundai,Accent,2019,White,Standard,1.4,Gas,Automatic,54000,42000.0
Hyundai,Accent,2019,Silver,Standard,1.4,Gas,Automatic,80000,42000.0
Hyundai,Accent,2018,Silver,Standard,1.4,Gas,Automatic,117000,33000.0
BMW,The 5,2016,Silver,Full,2.0,Gas,Automatic,120000,61000.0
GMC,Sierra,2014,Brown,Semi Full,5.3,Gas,Automatic,155000,66500.0
Nissan,Navara,2016,White,Standard,2.5,Gas,Manual,185000,43000.0
Toyota,Camry,2007,White,Full,,Gas,Automatic,420,30000.0
Toyota,Innova,2016,White,Semi Full,,Gas,Automatic,224000,62000.0
Mercedes-Benz,S,2020,Black,Full,3.0,Gas,Automatic,53000,365000.0
Toyota,Innova,2015,White,Full,2.7,Gas,Automatic,170000,50000.0
Toyota,Corolla,2013,White,Semi Full,1.6,Gas,Automatic,190000,21000.0
Ford,Explorer,2016,Navy,Standard,3.5,Gas,Automatic,87300,105000.0
Hyundai,Tucson,2018,Another Color,Standard,1.6,Gas,Automatic,146000,75000.0
Ford,Expedition,2013,Black,Standard,5.4,Gas,Automatic,270000,49500.0
Nissan,Gloria,1999,White,Full,3.0,Gas,Automatic,147500,27500.0
BMW,The 5,2009,Black,Full,2.3,Gas,Automatic,216500,24000.0
Mercury,Grand Marquis,2008,Navy,Full,4.0,Gas,Automatic,362000,19000.0
Mercedes-Benz,S,2015,Black,Full,,Gas,Automatic,300000,188000.0
Chevrolet,Suburban,1997,Oily,Semi Full,6.0,Gas,Automatic,292764,4000.0
Toyota,FJ,2008,Bronze,Full,4.0,Gas,Automatic,300000,50000.0
Toyota,Furniture,2015,White,Semi Full,4.0,Gas,Automatic,103000,86000.0
Toyota,Hilux,2015,White,Full,,Gas,Manual,184000,70000.0
BMW,The 5,2018,Black,Standard,,Gas,Automatic,16000,145000.0
Nissan,Patrol,2019,White,Full,,Gas,Automatic,42000,185000.0
Chevrolet,Tahoe,2014,Silver,Semi Full,3.5,Gas,Automatic,95560,80000.0
Hyundai,Elantra,2020,White,Standard,2.0,Gas,Automatic,130000,53000.0
Toyota,FJ,2012,Black,Full,4.0,Gas,Automatic,35000,70000.0
Toyota,Land Cruiser,2007,White,Semi Full,4.5,Gas,Manual,480000,62000.0
Ford,Expedition,2009,Grey,Standard,,Gas,Automatic,318500,24500.0
Hyundai,Accent,2016,White,Standard,1.4,Gas,Automatic,115,22500.0
Toyota,Hilux,2015,White,Standard,2.7,Gas,Manual,300000,75000.0
Ford,Victoria,2011,Brown,Full,,Gas,Automatic,343000,29000.0
Lexus,LX,2020,White,Full,5.7,Gas,Automatic,30000,468000.0
Toyota,Corolla,2015,Silver,Semi Full,1.6,Gas,Automatic,201000,35000.0
Chevrolet,Spark,2019,White,Standard,1.4,Gas,Automatic,90000,26000.0
Nissan,Sunny,2018,White,Standard,,Gas,Automatic,92904,25000.0
Hyundai,Accent,2018,White,Standard,,Gas,Automatic,100000,33000.0
Mercedes-Benz,SEL,1990,Grey,Full,4.0,Gas,Automatic,89000,75000.0
Mazda,3,2018,Brown,Standard,2.0,Gas,Automatic,100000,53000.0
Toyota,Avalon,2011,White,Full,3.5,Gas,Automatic,359000,60000.0
Mercedes-Benz,S,2018,Another Color,Semi Full,3.0,Gas,Automatic,590,390000.0
Lexus,LX,2018,Navy,Full,5.7,Gas,Automatic,98000,365000.0
Toyota,Prado,2018,White,Standard,4.0,Gas,Automatic,90000,138000.0
Mitsubishi,Pajero,2015,Brown,Semi Full,3.5,Gas,Automatic,99000,55000.0
Toyota,Camry,2017,Another Color,Standard,,Gas,Automatic,84000,45000.0
Hyundai,Accent,2016,Grey,Standard,,Gas,Automatic,151000,24000.0
GMC,Yukon,2009,Another Color,Full,6.0,Gas,Automatic,182,42000.0
Toyota,Yaris,2019,White,Standard,1.5,Gas,Automatic,30000,46000.0
Ford,Expedition,2003,Black,Full,5.4,Gas,Automatic,400000,4000.0
Hyundai,Tucson,2015,White,Standard,2.0,Gas,Automatic,66000,47000.0
Kia,Optima,2018,Black,Unknown,,Gas,Unknown,125000,55000.0
Chevrolet,Silverado,2010,White,Unknown,,Gas,Unknown,73000,37000.0
Nissan,Maxima,2014,White,Semi Full,,Gas,Automatic,180,40000.0
Nissan,Patrol,2019,White,Semi Full,,Gas,Automatic,72000,160000.0
Hyundai,Tuscani,2016,Red,Semi Full,2.0,Gas,Automatic,95000,55000.0
Ford,Victoria,2011,Bronze,Full,1.2,Gas,Automatic,60000,55000.0
Chevrolet,Kaptiva,2012,Black,Semi Full,1.9,Gas,Automatic,50000,27000.0
Jeep,Compass,2016,White,Full,2.4,Gas,Automatic,247885,38999.0
Toyota,Camry,2015,White,Standard,1.5,Gas,Automatic,180,28000.0
Toyota,Land Cruiser,2016,White,Full,,Gas,Manual,95000,160000.0
Nissan,Armada,2012,Blue,Full,,Gas,Automatic,138000,60000.0
Audi,A3,2016,Navy,Full,,Gas,Automatic,59000,70000.0
Toyota,Camry,2019,White,Full,,Gas,Automatic,36000,95000.0
Nissan,Murano,2008,Black,Standard,1.0,Gas,Automatic,300,9500.0
Chevrolet,Tahoe,2013,Black,Standard,1.8,Gas,Automatic,350000,50000.0
Kia,Sportage,2017,Golden,Standard,2.0,Gas,Automatic,75000,50000.0
Toyota,Cressida,1991,White,Full,2.4,Gas,Manual,100,5000.0
Lexus,LX,2020,Black,Full,5.7,Gas,Automatic,10800,418000.0
Ford,Expedition,2007,Blue,Semi Full,,Gas,Automatic,300,18000.0
Hyundai,Elantra,2006,Golden,Standard,1.0,Gas,Manual,2500,9500.0
BMW,X,2020,Oily,Full,3.0,Gas,Automatic,2300,465000.0
BMW,The 7,2020,White,Full,2.0,Gas,Automatic,4500,325000.0
Aston Martin,DB9,2010,Bronze,Full,6.0,Gas,Automatic,71000,180000.0
Maserati,Quattroporte,2014,White,Full,3.8,Gas,Automatic,115000,125000.0
Porsche,Cayman,2008,Blue,Full,2.0,Gas,Automatic,66000,70000.0
Maserati,Levante,2020,Blue,Full,3.0,Gas,Automatic,500,370000.0
Audi,A8,2019,Navy,Full,3.0,Gas,Automatic,41000,325000.0
Audi,A8,2018,Black,Full,3.0,Gas,Automatic,68800,315000.0
Mercedes-Benz,C,2019,Silver,Semi Full,2.0,Gas,Automatic,44000,185000.0
Mercedes-Benz,C,2018,Grey,Full,3.0,Gas,Automatic,44000,180000.0
Suzuki,Jimny,2020,White,Full,1.5,Gas,Automatic,12000,175000.0
Mercedes-Benz,C,2015,Red,Full,2.0,Gas,Automatic,125000,119000.0
Ford,Taurus,2010,Silver,Semi Full,,Gas,Automatic,318000,23000.0
Maserati,Levante,2020,Blue,Full,3.0,Gas,Automatic,3000,385000.0
Toyota,Camry,2017,Silver,Full,2.5,Gas,Automatic,88348,70000.0
Toyota,Furniture,2015,Grey,Semi Full,2.7,Gas,Automatic,114900,55000.0
Bentley,Flying Spur,2009,White,Full,6.0,Gas,Automatic,49000,220000.0
Chevrolet,Cruze,2013,Grey,Semi Full,1.8,Gas,Automatic,197000,14500.0
Chevrolet,Tahoe,2020,Grey,Standard,,Gas,Automatic,30000,155000.0
BMW,The 7,2018,White,Semi Full,3.6,Gas,Automatic,36000,230000.0
Jeep,Grand Cherokee,2013,Grey,Full,5.7,Gas,Automatic,77000,77000.0
Toyota,Camry,2016,White,Standard,2.5,Gas,Automatic,73000,61000.0
Jaguar,F-Pace,2017,White,Semi Full,2.0,Diesel,Automatic,199,155000.0
Toyota,Furniture,2017,Silver,Semi Full,4.0,Gas,Automatic,83000,110000.0
GMC,Suburban,2000,Another Color,Semi Full,6.0,Gas,Automatic,128000,80000.0
Mercedes-Benz,E,2017,Oily,Full,2.0,Gas,Automatic,31000,226000.0
Hyundai,Accent,2019,Silver,Standard,1.4,Gas,Automatic,72000,40000.0
Chevrolet,Impala,2016,Black,Full,3.6,Gas,Automatic,162000,80000.0
Toyota,Camry,2019,Brown,Full,3.5,Gas,Automatic,77000,90000.0
Ford,Mustang,2015,Black,Standard,5.0,Gas,Manual,119000,85000.0
Hyundai,Senta fe,2016,White,Semi Full,3.3,Gas,Automatic,212000,57000.0
Hyundai,Tucson,2013,Silver,Semi Full,2.0,Gas,Automatic,120000,32000.0
Volkswagen,Jetta,2017,White,Full,2.5,Gas,Automatic,82000,54000.0
Ford,Taurus,2015,White,Full,3.0,Gas,Automatic,217000,49000.0
Nissan,Altima,2018,White,Semi Full,2.5,Gas,Automatic,78592,64000.0
Toyota,Prado,2020,White,Semi Full,4.0,Gas,Automatic,17000,173000.0
Mercedes-Benz,S,2014,Blue,Full,5.0,Gas,Automatic,124000,215000.0
Chevrolet,Spark,2017,White,Semi Full,,Gas,Automatic,108,20000.0
Nissan,Sylvian Bus,1998,White,Standard,,Gas,Manual,200000,14000.0
Toyota,Camry,2001,Silver,Standard,,Gas,Manual,439000,12000.0
GMC,Yukon,2002,Black,Semi Full,5.3,Gas,Automatic,300000,10000.0
Hyundai,Sonata,2019,Silver,Standard,2.4,Gas,Automatic,110875,57000.0
Renault,Dokker,2018,White,Standard,1.6,Gas,Manual,88000,30000.0
Toyota,Prado,2018,White,Semi Full,4.0,Gas,Automatic,92000,130000.0
Toyota,Land Cruiser,2021,White,Semi Full,4.5,Diesel,Automatic,15000,262000.0
Ford,Fusion,2012,White,Standard,2.5,Gas,Automatic,219000,14500.0
Lexus,LX,2014,Grey,Full,5.7,Gas,Automatic,150000,190000.0
Ford,Mustang,2001,Another Color,Full,3.8,Gas,Automatic,163000,12000.0
Toyota,Land Cruiser Pickup,2018,Another Color,Full,,Gas,Manual,28000,147000.0
Toyota,Hilux,2016,White,Full,2.7,Gas,Manual,172000,77000.0
Toyota,Land Cruiser,2019,White,Full,4.6,Gas,Automatic,63000,252000.0
GMC,Sierra,2015,Silver,Standard,,Gas,Automatic,86000,98000.0
Toyota,Land Cruiser,2019,White,Full,4.6,Gas,Automatic,53000,255000.0
Lexus,LX,2020,Bronze,Full,5.7,Gas,Automatic,9000,423000.0
GMC,Sierra,2015,Silver,Standard,5.3,Gas,Automatic,77000,105000.0
Toyota,FJ,2014,Another Color,Semi Full,4.0,Gas,Automatic,199000,95000.0
HAVAL,H6,2020,Silver,Standard,2.0,Gas,Automatic,20000,57000.0
GMC,Sierra,2021,Grey,Full,5.3,Gas,Automatic,2000,187000.0
Nissan,X-Terra,2013,White,Full,4.0,Gas,Automatic,95000,61000.0
Toyota,Land Cruiser,2019,White,Full,,Gas,Manual,74000,180000.0
Dodge,Charger,2019,Blue,Semi Full,,Gas,Automatic,56000,108000.0
Mazda,CX9,2020,Silver,Standard,2.5,Gas,Automatic,31200,110000.0
Mercedes-Benz,S,2020,Black,Full,3.0,Gas,Automatic,46000,365000.0
Toyota,Previa,2017,White,Standard,2.4,Gas,Automatic,139000,69000.0
Toyota,Land Cruiser,2014,Another Color,Semi Full,4.6,Gas,Automatic,106000,129000.0
Lexus,LX,2004,Another Color,Full,4.7,Gas,Automatic,274000,65000.0
Mercedes-Benz,C,2016,Silver,Semi Full,,Gas,Automatic,140000,105000.0
GMC,Sierra,2014,Brown,Full,,Gas,Automatic,235,72000.0
Mazda,6,2020,Navy,Full,2.5,Gas,Automatic,50000,100000.0
Hyundai,Unknown,2011,Black,Full,4.6,Gas,Automatic,270,30000.0
Toyota,Camry,2015,Silver,Standard,2.5,Gas,Automatic,310000,30000.0
Honda,Accord,2015,Another Color,Semi Full,,Gas,Automatic,124040,75000.0
GMC,Suburban,2001,Bronze,Semi Full,,Gas,Automatic,300000,15000.0
Nissan,Patrol,1999,Oily,Standard,1.6,Gas,Manual,600,16000.0
Ford,Expedition,2010,Silver,Full,5.7,Gas,Automatic,335000,65000.0
Toyota,Hilux,2015,White,Full,,Gas,Manual,180,50000.0
Chevrolet,Tahoe,2005,Black,Full,7.9,Gas,Automatic,404846,13500.0
Mercedes-Benz,S,2012,Brown,Semi Full,,Gas,Automatic,170000,85000.0
Toyota,Yaris,2020,White,Standard,1.5,Gas,Automatic,23000,45000.0
Kia,K5,2021,Grey,Standard,2.5,Gas,Automatic,18000,88000.0
Toyota,Prado,2014,White,Semi Full,2.7,Gas,Automatic,160,79000.0
Kia,Sportage,2015,Red,Unknown,,Gas,Automatic,147000,38000.0
Honda,Civic,2008,Silver,Unknown,,Gas,Automatic,450000,15000.0
Mercedes-Benz,GLA,2016,White,Full,,Gas,Unknown,203000,68000.0
Toyota,Camry,2005,Black,Full,,Gas,Unknown,437000,13000.0
Toyota,Rush,2020,White,Standard,1.5,Gas,Automatic,55000,52000.0
Nissan,Sunny,2011,Silver,Semi Full,1.6,Gas,Automatic,212000,15000.0
Toyota,Hilux,2014,White,Semi Full,,Gas,Manual,432000,45000.0
Chevrolet,Tahoe,2012,Golden,Standard,,Gas,Automatic,297000,52000.0
Toyota,Hilux,2015,White,Full,,Gas,Manual,374000,72000.0
Honda,Accord,2019,White,Semi Full,2.0,Gas,Automatic,18000,95000.0
Ford,Marquis,2008,White,Semi Full,,Gas,Automatic,380000,15000.0
Chevrolet,Suburban,2011,Black,Semi Full,8.0,Gas,Automatic,399,37000.0
Ford,Vego,2017,White,Full,1.4,Gas,Automatic,93000,26000.0
Kia,Sportage,2016,White,Standard,2.4,Gas,Automatic,109000,40000.0
Hyundai,Senta fe,2011,White,Semi Full,3.5,Gas,Automatic,140000,39000.0
Toyota,Camry,2016,White,Full,2.5,Gas,Automatic,247,55000.0
GMC,Sierra,2013,Silver,Standard,5.3,Gas,Automatic,292000,45000.0
Ford,Expedition,2018,Another Color,Full,3.6,Gas,Automatic,44200,159000.0
Hyundai,Senta fe,2009,Silver,Full,2.7,Gas,Automatic,260000,21000.0
Toyota,Avalon,2013,White,Full,,Gas,Automatic,200300,43000.0
FAW,B50,2016,Silver,Semi Full,1.8,Gas,Automatic,125000,20000.0
Honda,Accord,2012,Red,Full,3.5,Gas,Automatic,300,36000.0
Dodge,Durango,2013,White,Semi Full,5.7,Gas,Automatic,253,29000.0
Toyota,Hiace,2016,White,Standard,2.7,Gas,Manual,331000,62000.0
Chevrolet,Pick up,1981,Red,Full,4.5,Gas,Automatic,350000,30000.0
Hyundai,Sonata,2020,White,Full,2.5,Gas,Automatic,11000,110000.0
Unknown,Unknown,2009,Orange,Standard,,Diesel,Manual,1300,26000.0
Mercedes-Benz,C,2016,Black,Semi Full,2.0,Gas,Automatic,104000,110000.0
Hyundai,County Bus,2016,Another Color,Standard,3.9,Diesel,Manual,132852,85000.0
Toyota,Camry,2008,Silver,Semi Full,2.5,Gas,Automatic,468,22000.0
Maserati,Gamble,2015,White,Full,3.0,Gas,Automatic,76000,150000.0
Toyota,Rav4,2017,Grey,Semi Full,2.4,Gas,Automatic,190000,60000.0
Hyundai,Accent,2015,White,Standard,1.4,Gas,Automatic,176000,24000.0
Toyota,Furniture,2015,White,Semi Full,4.0,Gas,Automatic,205000,61000.0
Kia,Carnival,2014,Blue,Standard,6.0,Gas,Automatic,259066,40000.0
Mercedes-Benz,E,2017,Black,Full,3.5,Gas,Automatic,21000,275000.0
Ford,Expedition,2015,Black,Semi Full,,Gas,Automatic,225000,80000.0
Nissan,Sunny,2018,White,Standard,1.5,Gas,Automatic,99000,26000.0
Jeep,Grand Cherokee,2012,Navy,Full,8.0,Gas,Automatic,210000,47000.0
Chevrolet,Tahoe,2017,Silver,Semi Full,5.3,Gas,Automatic,153000,125000.0
Toyota,Rush,2020,White,Semi Full,1.5,Gas,Automatic,19000,61000.0
Kia,Cerato,2018,Silver,Standard,1.6,Gas,Automatic,57000,39500.0
Jeep,Grand Cherokee,2015,Another Color,Full,5.7,Gas,Automatic,196,83000.0
Lexus,LX,2021,Bronze,Full,5.7,Gas,Automatic,9100,459000.0
Mercedes-Benz,S,2021,Grey,Full,4.0,Gas,Automatic,49000,375000.0
Nissan,X-Trail,2016,Black,Standard,2.5,Gas,Automatic,115000,50000.0
Hyundai,Tucson,2011,White,Semi Full,2.0,Gas,Automatic,190000,25000.0
Dodge,Charger,2016,Navy,Full,6.2,Gas,Automatic,99000,215000.0
Kia,Opirus,2006,Another Color,Semi Full,3.5,Gas,Automatic,25500,14000.0
Toyota,Yaris,2011,Another Color,Standard,1.5,Gas,Manual,330000,15000.0
Toyota,Camry,2009,White,Standard,,Gas,Manual,374000,25000.0
Ford,Expedition,2012,Grey,Full,5.4,Gas,Automatic,179500,50000.0
Ford,Explorer,2015,Black,Standard,,Gas,Automatic,206400,53000.0
Nissan,Datsun,2016,White,Full,2.0,Gas,Manual,22000,45000.0
Toyota,Camry,2016,Navy,Full,1.0,Gas,Automatic,75000,62000.0
Chevrolet,Caprice,2007,Another Color,Semi Full,6.0,Gas,Automatic,300,15000.0
Ford,Taurus,2011,Black,Semi Full,3.5,Gas,Automatic,230,35000.0
Mitsubishi,Pajero,2016,White,Semi Full,3.5,Gas,Automatic,271000,55000.0
Toyota,Prado,2020,White,Full,4.0,Gas,Automatic,8000,174000.0
Toyota,Cressida,1996,White,Semi Full,1.5,Gas,Manual,100000,6500.0
Kia,Mohave,2014,Grey,Standard,3.8,Gas,Automatic,256000,30000.0
Hyundai,Tucson,2017,Golden,Full,1.6,Gas,Automatic,101,65000.0
Toyota,Corolla,2018,White,Standard,1.6,Gas,Automatic,47286,49000.0
Toyota,FJ,2017,White,Semi Full,4.0,Gas,Automatic,127000,117000.0
Hyundai,Azera,2016,Another Color,Full,3.5,Gas,Automatic,146000,56500.0
Toyota,Prado,2005,White,Semi Full,2.7,Gas,Manual,315,30000.0
Ford,Taurus,2012,Silver,Standard,3.6,Gas,Automatic,132000,45000.0
Ford,Expedition,2008,Black,Full,1.8,Gas,Automatic,299000,22000.0
Chevrolet,Optra,2009,Silver,Semi Full,2.0,Gas,Manual,290000,7500.0
Hyundai,Accent,2013,White,Standard,1.4,Gas,Automatic,85000,16000.0
Mazda,CX9,2011,Oily,Full,3.7,Gas,Automatic,315000,33000.0
BMW,The 5,2016,Black,Full,2.0,Gas,Automatic,250000,59000.0
Toyota,Corolla,2018,White,Standard,2.0,Gas,Automatic,245000,41000.0
Lexus,LX,2017,Navy,Full,5.7,Gas,Automatic,80897,350000.0
Lexus,GX,2015,Golden,Full,4.6,Gas,Automatic,170000,135000.0
Nissan,Datsun,2011,White,Semi Full,1.6,Gas,Manual,390,23500.0
Chevrolet,Tahoe,2015,Golden,Standard,,Gas,Automatic,179,102000.0
Peugeot,301,2014,Grey,Semi Full,1.6,Gas,Automatic,100000,16000.0
Toyota,Land Cruiser 70,2012,Brown,Semi Full,4.0,Gas,Manual,286000,66000.0
Toyota,Camry,1999,White,Standard,2.4,Gas,Manual,400,20000.0
Hyundai,Elantra,2011,White,Semi Full,,Gas,Manual,290,12000.0
Toyota,Camry,2016,White,Semi Full,,Gas,Automatic,180000,27000.0
Chrysler,C300,2013,Blue,Full,5.7,Gas,Automatic,178000,45000.0
Chevrolet,Caprice,2013,Silver,Standard,6.0,Gas,Automatic,54000,79000.0
Toyota,Hilux,2015,White,Semi Full,,Gas,Manual,310,40000.0
Toyota,Land Cruiser,2012,White,Full,5.7,Gas,Automatic,311000,115000.0
Chevrolet,Tahoe,2011,Silver,Semi Full,5.3,Gas,Automatic,275000,40000.0
Chevrolet,Suburban,2012,Brown,Standard,,Gas,Automatic,220,65000.0
Toyota,Yaris,2017,White,Standard,1.3,Gas,Automatic,127000,29000.0
Toyota,Camry,2004,White,Semi Full,,Gas,Manual,400000,15000.0
Kia,Cerato,2016,White,Semi Full,1.6,Diesel,Automatic,62000,44000.0
Toyota,Furniture,2014,White,Full,,Gas,Automatic,400000,50000.0
Toyota,FJ,2010,White,Semi Full,4.0,Gas,Automatic,300700,60000.0
BMW,X,2004,Blue,Full,3.0,Gas,Automatic,150,16000.0
Hyundai,H1,2014,Grey,Full,,Gas,Automatic,185,39000.0
Kia,Rio,2019,Blue,Full,1.4,Gas,Automatic,48000,38000.0
Lexus,ES,2019,White,Full,2.0,Gas,Automatic,47000,190000.0
Toyota,Ciocca,2016,Silver,Semi Full,5.7,Gas,Automatic,117000,140000.0
Lexus,GS,2018,White,Full,5.0,Gas,Automatic,95000,250000.0
Hyundai,Sonata,2019,White,Semi Full,,Gas,Automatic,28000,64000.0
Toyota,Yaris,2016,Silver,Standard,,Gas,Automatic,223000,25000.0
Genesis,Prestige,2015,White,Semi Full,3.8,Gas,Automatic,85343,81000.0
Toyota,Camry,2018,Bronze,Standard,1.8,Gas,Automatic,102,52000.0
Kia,Sorento,2016,Grey,Full,3.3,Gas,Automatic,116000,53000.0
Honda,Odyssey,2016,Grey,Semi Full,,Gas,Automatic,185000,52000.0
Hyundai,Accent,2010,White,Semi Full,1.2,Gas,Manual,198,12000.0
Nissan,Armada,2015,Oily,Semi Full,5.8,Gas,Automatic,129500,40000.0
BMW,The 3,2017,White,Full,1.4,Gas,Automatic,110000,75000.0
Dodge,Charger,2017,Grey,Full,,Gas,Automatic,140000,80000.0
Honda,Accord,2015,Red,Full,1.5,Gas,Automatic,137000,68000.0
Toyota,Hilux,2014,White,Full,2.4,Gas,Manual,290000,40000.0
Jeep,Compass,2011,White,Full,2.4,Gas,Automatic,245000,24000.0
Mitsubishi,Attrage,2019,Grey,Standard,1.2,Gas,Automatic,19000,32000.0
Kia,Rio,2012,Grey,Full,,Gas,Automatic,179,18000.0
Toyota,Avalon,2019,White,Semi Full,3.5,Gas,Automatic,65000,123000.0
Mazda,3,2015,Red,Full,2.0,Gas,Automatic,74000,55000.0
Ford,F150,2017,White,Full,2.8,Gas,Automatic,28000,175000.0
Toyota,Land Cruiser Pickup,2020,Another Color,Full,4.0,Gas,Manual,31888,155000.0
Toyota,Hilux,1991,White,Standard,2.4,Gas,Manual,9999,16000.0
Toyota,Land Cruiser,2013,White,Full,,Gas,Automatic,186,138000.0
Hyundai,Sonata,2016,White,Full,2.4,Gas,Automatic,155,48000.0
Toyota,Land Cruiser,2007,White,Full,4.8,Gas,Automatic,514,60000.0
Lexus,LX,2014,Golden,Semi Full,2.4,Gas,Automatic,168000,190000.0
GMC,Suburban,2006,Silver,Full,,Gas,Automatic,86000,50000.0
Nissan,Sentra,2019,Silver,Full,1.6,Gas,Automatic,71000,43500.0
GAC,GS3,2021,White,Semi Full,,Gas,Automatic,9000,46000.0
Mitsubishi,Pajero,2007,White,Full,,Gas,Automatic,360000,17500.0
Changan,Eado,2020,Blue,Standard,1.6,Gas,Automatic,87235,42500.0
Toyota,Hilux,2016,White,Full,2.7,Gas,Manual,28000,94000.0
Mazda,6,2016,Another Color,Standard,,Gas,Automatic,122000,53000.0
Toyota,Avalon,2019,White,Standard,3.5,Gas,Automatic,47000,116000.0
Toyota,Hilux,1990,White,Standard,,Gas,Manual,100,15000.0
Toyota,Coaster,2011,White,Standard,,Diesel,Manual,238000,78000.0
GMC,Terrain,2014,Black,Full,3.6,Gas,Automatic,112000,47000.0
Toyota,Camry,2020,White,Full,2.4,Gas,Automatic,2000,119000.0
Honda,CRV,2014,White,Semi Full,2.4,Gas,Automatic,215000,50000.0
Toyota,Corolla,2020,White,Standard,1.6,Gas,Automatic,30500,62000.0
Lexus,LS,2013,White,Full,8.0,Gas,Automatic,217000,120000.0
Mercedes-Benz,S,2002,Golden,Semi Full,,Gas,Automatic,348,12500.0
Mitsubishi,Pajero,2016,White,Full,,Gas,Automatic,201074,55000.0
Mitsubishi,Attrage,2021,White,Semi Full,,Gas,Automatic,3000,35000.0
Lexus,ES,2008,Black,Full,3.5,Gas,Automatic,206000,28000.0
Mercedes-Benz,C,2016,White,Full,,Gas,Automatic,93000,75000.0
Ford,Victoria,2011,Black,Full,,Gas,Automatic,342,23000.0
BMW,X,2015,White,Full,2.0,Gas,Automatic,92000,72000.0
MG,350,2013,Bronze,Semi Full,,Gas,Automatic,150000,13900.0
Genesis,G70,2016,Grey,Standard,,Gas,Automatic,300000,65000.0
Hyundai,Accent,2014,White,Full,1.6,Gas,Automatic,324000,20000.0
Kia,Carenz,2007,Silver,Semi Full,2.0,Gas,Automatic,350,10000.0
Chevrolet,Impala,2015,Silver,Full,3.5,Gas,Automatic,106000,75000.0
Ford,Expedition,2015,White,Semi Full,,Gas,Automatic,142000,77000.0
Dodge,Charger,2018,Grey,Semi Full,,Gas,Automatic,124000,99000.0
Ford,Fusion,2015,White,Semi Full,,Gas,Automatic,118000,43000.0
Ford,Taurus,2016,White,Full,3.5,Gas,Automatic,148000,77000.0
Toyota,Prado,2018,White,Semi Full,,Gas,Automatic,78000,135000.0
GMC,Yukon,2018,Navy,Semi Full,,Gas,Automatic,114000,152000.0
Lexus,ES,2017,Golden,Full,,Gas,Automatic,101000,119000.0
Ford,Edge,2013,Black,Semi Full,3.5,Gas,Automatic,106000,45000.0
Mercedes-Benz,S,2010,Navy,Semi Full,5.5,Gas,Automatic,228811,70000.0
Toyota,Hilux,2016,White,Full,,Gas,Automatic,90000,79000.0
Toyota,Camry,2016,Grey,Full,,Gas,Automatic,176000,69000.0
Chevrolet,Aveo,2007,Navy,Standard,1.6,Gas,Manual,280,8000.0
Nissan,Sunny,2018,Brown,Semi Full,1.5,Gas,Automatic,114000,27000.0
Ford,Taurus,2019,White,Standard,2.0,Gas,Automatic,60000,78000.0
Hyundai,Accent,2019,Silver,Standard,,Gas,Automatic,68000,40000.0
Lexus,ES,2019,Red,Semi Full,2.5,Gas,Automatic,13029,145000.0
Ford,Edge,2007,Black,Full,1.4,Gas,Automatic,350000,16500.0
Toyota,Yaris,2017,White,Standard,1.5,Gas,Automatic,250000,26000.0
Mazda,6,2016,Red,Full,2.5,Gas,Automatic,100000,46000.0
Kia,Carnival,2017,White,Semi Full,3.8,Gas,Automatic,77000,58000.0
Infiniti,Q,2019,Silver,Semi Full,2.0,Gas,Automatic,5000,90000.0
Chevrolet,Tahoe,2017,Black,Semi Full,5.7,Gas,Automatic,55000,153000.0
Toyota,Innova,2018,Grey,Standard,2.7,Gas,Automatic,70000,67000.0
Jeep,Wrangler,2015,Black,Full,3.5,Gas,Automatic,27956,105000.0
Mazda,CX5,2020,Red,Standard,2.5,Gas,Automatic,25000,84000.0
Nissan,Maxima,2017,White,Semi Full,3.5,Gas,Automatic,56000,78000.0
Nissan,X-Trail,2018,Black,Standard,2.5,Gas,Automatic,78794,68000.0
Nissan,Maxima,2016,Blue,Standard,3.5,Gas,Automatic,84000,67000.0
Nissan,KICKS,2020,Another Color,Standard,1.5,Gas,Automatic,3990,67000.0
Hyundai,Sonata,2018,Another Color,Standard,2.4,Gas,Automatic,41853,60000.0
Nissan,KICKS,2019,White,Standard,1.5,Gas,Automatic,28000,58000.0
Chrysler,C300,2012,Navy,Full,3.5,Gas,Automatic,160000,55500.0
Renault,Duster,2017,Silver,Standard,2.0,Gas,Automatic,124000,26000.0
Dodge,Charger,2013,Navy,Full,5.7,Gas,Automatic,145000,35000.0
Toyota,FJ,2020,White,Standard,4.0,Gas,Automatic,87700,117000.0
Hyundai,Senta fe,2016,White,Semi Full,3.0,Gas,Automatic,131,65000.0
Kia,Cerato,2016,Grey,Standard,1.6,Gas,Automatic,115000,28000.0
Land Rover,Range Rover,2013,White,Full,5.6,Gas,Automatic,223000,80000.0
Chevrolet,Caprice,2010,Silver,Semi Full,3.6,Gas,Automatic,260000,29000.0
Isuzu,Dyna,2014,White,Standard,1.8,Diesel,Manual,300,94000.0
MG,6,2019,Red,Full,2.0,Gas,Automatic,107,50000.0
Mercedes-Benz,C,2017,Grey,Full,2.0,Gas,Automatic,20000,180000.0
Audi,A7,2017,Red,Full,2.0,Gas,Automatic,127000,135000.0
Hyundai,Accent,2020,White,Full,1.6,Gas,Automatic,34000,56000.0
Lexus,ES,2021,Black,Full,3.5,Gas,Automatic,25000,230000.0
Toyota,Land Cruiser,2013,White,Full,,Gas,Automatic,280,100000.0
GMC,Yukon,2017,Golden,Standard,,Gas,Automatic,175000,120000.0
Jeep,Grand Cherokee,2017,Brown,Full,3.6,Gas,Automatic,124,100000.0
Nissan,Pathfinder,2009,White,Semi Full,2.0,Gas,Automatic,245000,19000.0
Nissan,Sunny,2019,Silver,Standard,1.5,Gas,Automatic,93000,29500.0
Hyundai,Elantra,2017,Grey,Semi Full,2.0,Gas,Automatic,159000,39000.0
Kia,Carnival,2016,Grey,Full,,Gas,Automatic,21000,65000.0
Hyundai,Elantra,2017,Silver,Standard,2.0,Gas,Automatic,126009,40500.0
Toyota,Innova,2017,White,Full,2.4,Gas,Automatic,167000,70000.0
Toyota,Rav4,2017,White,Semi Full,2.5,Gas,Automatic,126000,75000.0
Geely,Emgrand,2019,Golden,Unknown,,Gas,Automatic,66000,40000.0
Nissan,Patrol,2005,Another Color,Unknown,,Gas,Automatic,340000,35000.0
Chevrolet,Silverado,2018,Silver,Standard,5.3,Gas,Automatic,127000,85000.0
Porsche,Cayenne,2012,Brown,Full,3.5,Gas,Automatic,13900,95000.0
Toyota,Camry,2015,Black,Full,2.0,Gas,Automatic,26000,43000.0
Jeep,Grand Cherokee,2014,Grey,Full,5.8,Gas,Automatic,270000,60000.0
Chevrolet,Silverado,2016,Silver,Semi Full,5.3,Gas,Automatic,179000,95000.0
Chevrolet,Suburban,2004,Silver,Semi Full,,Gas,Automatic,368000,16000.0
Ford,Expedition,2018,Red,Full,3.5,Gas,Automatic,36000,155000.0
Hyundai,Elantra,2018,White,Full,2.0,Gas,Automatic,142,52000.0
Unknown,Unknown,2007,Red,Standard,3.5,Gas,Manual,125,7000.0
Mercury,Montero2,2006,Bronze,Semi Full,6.0,Gas,Automatic,394360,15000.0
Hyundai,Elantra,2020,Grey,Semi Full,2.0,Gas,Automatic,28000,58000.0
Toyota,Prado,2017,White,Semi Full,1.0,Gas,Automatic,95000,130000.0
Ford,Expedition,2006,Silver,Standard,,Gas,Automatic,400,20000.0
Toyota,Hilux,2020,White,Full,2.4,Diesel,Automatic,30000,147000.0
Hyundai,i40,2015,White,Full,2.0,Gas,Automatic,48000,47000.0
Toyota,Hilux,2018,White,Semi Full,,Gas,Manual,20000,115000.0
Toyota,Land Cruiser,2003,Another Color,Semi Full,1.0,Gas,Automatic,479364,35000.0
Toyota,Land Cruiser,2014,Black,Full,4.6,Gas,Automatic,310000,100000.0
GMC,Acadia,2008,Grey,Full,3.6,Gas,Automatic,229000,19000.0
Toyota,Land Cruiser,2001,Black,Semi Full,,Gas,Automatic,390000,35000.0
Hyundai,Senta fe,2013,Bronze,Full,3.3,Gas,Automatic,237000,43000.0
Toyota,Camry,2016,Grey,Standard,2.5,Gas,Automatic,96000,60000.0
Nissan,Land Cruiser Pickup,2012,Golden,Full,4.8,Gas,Manual,339822,40000.0
Changan,Eado,2020,Red,Full,,Gas,Automatic,9061,50000.0
Audi,A8,2015,Silver,Full,,Gas,Automatic,9400,110000.0
Toyota,Prado,2014,White,Standard,,Gas,Automatic,204566,75000.0
Chevrolet,Tahoe,2020,Grey,Semi Full,4.9,Gas,Automatic,20000,172000.0
Toyota,FJ,2014,Oily,Full,4.0,Gas,Automatic,149000,75000.0
Toyota,Avalon,2017,White,Full,3.5,Gas,Automatic,180000,95000.0
BMW,The 3,2021,Grey,Semi Full,2.0,Gas,Automatic,3500,180000.0
Honda,Accord,2012,Silver,Standard,5.0,Gas,Automatic,300000,30000.0
Renault,Dokker,2017,White,Standard,1.6,Gas,Manual,80000,25000.0
MINI,Countryman,2016,Silver,Full,,Gas,Automatic,91000,69000.0
Cadillac,Fleetwood,1991,Brown,Full,5.7,Gas,Automatic,91000,65000.0
Kia,Rio,2016,White,Standard,1.4,Gas,Automatic,154000,23000.0
Ford,Taurus,2012,Brown,Standard,3.5,Gas,Automatic,237000,25000.0
Toyota,Land Cruiser 70,1983,Bronze,Standard,3.8,Gas,Manual,300000,14000.0
Hyundai,Azera,2018,White,Semi Full,3.5,Gas,Automatic,72900,80000.0
Ford,Marquis,2009,Black,Full,4.6,Gas,Automatic,274000,35500.0
Audi,A8,2014,Grey,Semi Full,3.0,Gas,Automatic,160,90000.0
Mazda,CX9,2016,Brown,Full,3.7,Gas,Automatic,169300,65000.0
Volkswagen,Tiguan,2011,Black,Full,2.0,Gas,Automatic,143000,24000.0
Honda,Accord,2004,Black,Semi Full,1.5,Gas,Automatic,400000,10000.0
Mercury,Grand Marquis,2001,Blue,Semi Full,,Gas,Automatic,33000,6000.0
BMW,X,2020,White,Semi Full,2.0,Gas,Automatic,22000,130000.0
Kia,Sportage,2019,Golden,Standard,1.6,Gas,Automatic,75000,60000.0
GMC,Yukon,2009,White,Semi Full,,Gas,Automatic,200000,40000.0
Chevrolet,Silverado,2014,White,Semi Full,,Gas,Automatic,164000,80000.0
Lexus,LX,2015,Golden,Semi Full,5.7,Gas,Automatic,100000,195000.0
Nissan,Altima,2015,Golden,Semi Full,2.5,Gas,Automatic,13000,51000.0
Hyundai,Accent,2015,White,Standard,1.4,Gas,Automatic,105000,24000.0
Mazda,CX9,2016,Black,Full,,Gas,Automatic,229000,63000.0
Cadillac,STS,2005,Black,Full,,Gas,Automatic,189000,20000.0
Hyundai,Elantra,2020,White,Standard,2.0,Gas,Automatic,132000,53000.0
Hyundai,Accent,2020,Navy,Full,1.6,Gas,Automatic,10400,53000.0
Honda,Accord,2009,White,Full,2.4,Gas,Automatic,159000,36000.0
Nissan,Altima,2009,Silver,Full,,Gas,Manual,200,20000.0
Toyota,Furniture,2021,Grey,Standard,2.7,Gas,Automatic,3000,100000.0
Nissan,Patrol,2021,Silver,Full,4.0,Gas,Automatic,1800,265000.0
Ford,Taurus,2014,Brown,Standard,,Gas,Automatic,211886,42000.0
Toyota,Land Cruiser,2012,White,Full,,Gas,Automatic,405000,97000.0
Nissan,Datsun,2016,White,Full,2.4,Gas,Manual,125000,47000.0
GMC,Yukon,2010,Silver,Full,6.2,Gas,Automatic,256,30000.0
Kia,Cerato,2010,Silver,Full,1.6,Gas,Automatic,293300,13500.0
Hyundai,Senta fe,2018,Grey,Semi Full,3.3,Gas,Automatic,60670,75000.0
GMC,Yukon,2011,Black,Semi Full,,Gas,Automatic,307216,30000.0
Toyota,Camry,2016,White,Full,,Gas,Automatic,222000,58000.0
Nissan,X-Trail,2017,White,Semi Full,2.5,Gas,Automatic,331612,46000.0
Chevrolet,Tahoe,2019,Black,Standard,5.3,Gas,Automatic,34475,155000.0
Mazda,6,2006,Silver,Standard,,Gas,Automatic,256000,13000.0
GMC,Yukon,2013,White,Standard,,Gas,Automatic,327000,45000.0
GMC,Yukon,2006,Golden,Full,,Gas,Automatic,377000,20000.0
Hyundai,Elantra,2015,White,Semi Full,,Gas,Automatic,276000,30000.0
Hyundai,Elantra,2015,White,Full,2.0,Gas,Automatic,250000,32000.0
Toyota,Corolla,2015,White,Standard,,Gas,Automatic,177,35500.0
Ford,Expedition,2016,White,Full,3.6,Gas,Automatic,265000,115000.0
GMC,Yukon,2015,Golden,Semi Full,,Gas,Automatic,292000,75000.0
Land Rover,Range Rover,2017,White,Full,3.0,Gas,Automatic,72500,295000.0
Nissan,Patrol,1997,Silver,Full,,Gas,Automatic,200000,17000.0
Geely,EC8,2013,Brown,Standard,,Gas,Manual,180000,12000.0
Lexus,LX,2005,White,Full,4.8,Gas,Automatic,225000,45000.0
Jeep,Cherokee,1999,Black,Full,2.1,Gas,Automatic,250000,15000.0
Hyundai,Accent,2016,White,Standard,,Gas,Automatic,98000,26000.0
Ford,Explorer,2006,Grey,Semi Full,,Gas,Automatic,405000,18000.0
Ford,Expedition,2007,Black,Semi Full,,Gas,Automatic,250000,25000.0
Toyota,Land Cruiser Pickup,2018,Another Color,Full,4.0,Gas,Manual,75000,125000.0
Mazda,6,2009,Golden,Semi Full,3.7,Gas,Automatic,299000,15000.0
Honda,Accord,2016,White,Standard,,Gas,Automatic,61000,69000.0
Hyundai,Accent,2018,White,Standard,1.4,Gas,Automatic,31000,35000.0
Toyota,Camry,2013,White,Full,2.5,Gas,Automatic,185000,42000.0
Mercedes-Benz,S,2016,White,Full,,Gas,Automatic,14000,270000.0
GMC,Yukon,1995,Green,Semi Full,,Gas,Automatic,275000,18000.0
Toyota,Prado,2015,White,Semi Full,,Gas,Automatic,160000,98000.0
Nissan,Altima,2015,White,Standard,2.5,Gas,Automatic,90000,28000.0
Hyundai,Tucson,2016,Blue,Semi Full,2.0,Gas,Automatic,200000,39000.0
Renault,Logan,2014,Silver,Semi Full,1.6,Gas,Manual,210,10000.0
Mercedes-Benz,S,2016,Silver,Semi Full,4.0,Gas,Automatic,35000,220000.0
Toyota,Land Cruiser Pickup,2021,Another Color,Semi Full,4.0,Gas,Manual,7000,125000.0
Renault,Dokker,2020,White,Standard,1.6,Gas,Manual,72000,29000.0
Kia,Sportage,2014,Blue,Standard,1.2,Gas,Automatic,150000,33000.0
Lincoln,Town Car,2005,Bronze,Semi Full,,Gas,Automatic,286,14000.0
Ford,Vego,2016,Grey,Standard,1.5,Gas,Automatic,58478,20000.0
Toyota,FJ,2015,Blue,Full,,Gas,Automatic,228000,90000.0
Chevrolet,Tahoe,2010,Grey,Semi Full,8.0,Gas,Automatic,434758,40000.0
Toyota,Land Cruiser Pickup,2016,White,Full,,Gas,Manual,315,85000.0
Dodge,Charger,2019,White,Semi Full,,Gas,Automatic,55000,109000.0
Kia,Rio,2018,Oily,Semi Full,2.0,Gas,Automatic,85000,30000.0
Hyundai,Sonata,2017,White,Full,2.0,Gas,Automatic,42157,55000.0
Chevrolet,Tahoe,2010,Silver,Semi Full,5.3,Gas,Automatic,272000,40000.0
BMW,X,2008,Silver,Full,3.0,Gas,Automatic,300000,35000.0
Jeep,Wrangler,2019,Grey,Standard,3.6,Gas,Automatic,79000,140000.0
Mazda,6,2014,Silver,Semi Full,2.0,Gas,Automatic,250000,31000.0
Hyundai,Sonata,2011,White,Full,2.5,Gas,Automatic,261240,27000.0
Mercedes-Benz,C,2015,White,Semi Full,,Gas,Automatic,73000,110000.0
Mercedes-Benz,ML,2015,Silver,Full,,Gas,Automatic,125000,100000.0
Nissan,Altima,2015,White,Full,2.5,Gas,Automatic,119500,47000.0
Toyota,Camry,2017,Grey,Standard,2.5,Gas,Automatic,73000,58000.0
Nissan,Sunny,2016,White,Standard,1.5,Gas,Automatic,156103,23000.0
Toyota,Land Cruiser,2013,White,Full,4.0,Gas,Automatic,200000,125000.0
Toyota,Camry,2008,Another Color,Semi Full,1.7,Gas,Automatic,280000,17000.0
Toyota,Furniture,2015,White,Full,4.0,Gas,Automatic,26000,52000.0
Toyota,Furniture,2011,Black,Standard,2.7,Gas,Automatic,304000,32000.0
Toyota,Camry,2017,Golden,Standard,2.5,Gas,Automatic,55000,56000.0
Toyota,Land Cruiser,2021,White,Full,4.6,Gas,Automatic,10000,290000.0
Chevrolet,Tahoe,2014,Brown,Semi Full,5.3,Gas,Automatic,315000,52000.0
Toyota,Hilux,2012,White,Standard,2.7,Gas,Manual,394000,40000.0
Mercedes-Benz,CLS,2007,Black,Full,6.3,Gas,Automatic,178000,33000.0
Audi,Q5,2018,Grey,Full,2.0,Gas,Automatic,71000,164000.0
Mercedes-Benz,ML,2010,Grey,Semi Full,3.5,Gas,Automatic,139240,45000.0
Mitsubishi,Lancer,2014,White,Standard,1.0,Gas,Automatic,150000,16000.0
Toyota,Corolla,2012,Silver,Standard,1.6,Gas,Automatic,254000,22000.0
Toyota,Hilux,2018,White,Full,2.7,Gas,Manual,48000,90000.0
Chevrolet,Tahoe,2008,Black,Full,5.3,Gas,Automatic,296000,32000.0
Mercedes-Benz,C,2016,Red,Full,,Gas,Automatic,129000,134000.0
Nissan,Datsun,2015,White,Full,2.4,Gas,Manual,28000,48000.0
Mercedes-Benz,S,2012,Another Color,Full,3.0,Gas,Automatic,105,98000.0
Chevrolet,Abeka,2008,Golden,Full,1.8,Gas,Automatic,260,14000.0
Dodge,Durango,2019,Another Color,Full,8.0,Gas,Automatic,13906,210000.0
Chevrolet,Malibu,2014,Grey,Full,2.4,Gas,Automatic,280000,35000.0
Toyota,Hiace,2014,White,Semi Full,2.0,Gas,Manual,188000,44000.0
Kia,Sorento,2016,White,Standard,3.3,Gas,Automatic,111018,50000.0
Toyota,FJ,2014,Black,Full,4.0,Gas,Automatic,190000,85000.0
Toyota,FJ,2014,Another Color,Full,4.0,Gas,Automatic,377000,75000.0
Geely,Emgrand,2020,Black,Full,2.4,Gas,Automatic,37000,58000.0
Chevrolet,Suburban,2015,Bronze,Standard,,Gas,Automatic,118000,91000.0
Hyundai,i10,2012,White,Standard,,Gas,Manual,172953,9000.0
Chevrolet,Caprice,2009,White,Full,6.0,Gas,Automatic,350000,15000.0
Mazda,6,2015,Another Color,Semi Full,2.0,Gas,Automatic,278,40000.0
Chevrolet,Malibu,2013,Golden,Semi Full,2.5,Gas,Automatic,220000,21000.0
Infiniti,Q,2016,Black,Standard,3.7,Gas,Automatic,13000,95000.0
Mitsubishi,Pajero,2017,White,Full,3.8,Gas,Automatic,48000,85000.0
Toyota,Camry,2010,Brown,Standard,2.4,Gas,Automatic,255,33500.0
Honda,Accord,2017,Black,Standard,,Gas,Automatic,141000,55000.0
Porsche,Unknown,2020,Grey,Full,5.0,Hybrid,Automatic,18000,375000.0
Mercedes-Benz,S,2017,White,Unknown,,Gas,Automatic,26000,245000.0
Chevrolet,Suburban,2015,Another Color,Standard,5.3,Gas,Automatic,164000,110000.0
Fiat,500,2016,Grey,Full,1.5,Gas,Automatic,155000,45000.0
Honda,Accord,2019,Silver,Full,1.5,Gas,Automatic,81000,95000.0
GMC,Yukon,2018,Grey,Standard,5.3,Gas,Automatic,107000,145000.0
BMW,The 7,2015,Another Color,Full,3.6,Gas,Automatic,142000,110000.0
Suzuki,Vitara,2006,White,Standard,1.0,Gas,Manual,139000,12000.0
Toyota,Hilux,2015,White,Full,2.7,Gas,Manual,328000,66000.0
Toyota,Yaris,2015,White,Standard,1.3,Gas,Automatic,200000,25000.0
Mercedes-Benz,E,2016,White,Full,2.1,Gas,Automatic,43000,125000.0
Suzuki,Dzire,2020,Bronze,Full,1.2,Gas,Automatic,8500,33000.0
Mercedes-Benz,S,2016,Navy,Full,,Gas,Automatic,56000,240000.0
Chevrolet,Caprice,2010,White,Standard,3.5,Gas,Automatic,250000,20000.0
Chevrolet,Aveo,2008,Blue,Semi Full,,Gas,Manual,30000,4500.0
Chevrolet,Caprice,2013,Silver,Standard,6.0,Gas,Automatic,215,42000.0
Toyota,Furniture,2015,White,Standard,2.7,Gas,Manual,94000,70000.0
Kia,Cerato,2016,Grey,Standard,1.6,Gas,Automatic,18000,31000.0
Hyundai,Azera,2014,Black,Full,3.0,Gas,Automatic,142000,50000.0
Toyota,Yaris,2019,Grey,Standard,1.5,Gas,Automatic,70000,39000.0
Toyota,Corolla,2018,White,Standard,1.6,Gas,Automatic,46423,49000.0
Hyundai,H1,2018,White,Standard,2.4,Gas,Automatic,151000,58000.0
Hyundai,Sonata,2016,White,Semi Full,2.0,Gas,Automatic,280000,34000.0
Toyota,Land Cruiser,2016,White,Full,,Gas,Automatic,107,185000.0
Honda,Accord,2013,White,Semi Full,2.4,Gas,Automatic,363000,42500.0
Land Rover,Range Rover,2018,White,Full,,Gas,Automatic,39000,150000.0
Chevrolet,Suburban,2013,Red,Semi Full,,Gas,Automatic,112412,75000.0
Lexus,LX,2006,Another Color,Full,4.7,Gas,Automatic,246000,37000.0
Toyota,Furniture,2009,Silver,Semi Full,,Gas,Automatic,270000,35000.0
Lexus,LS,2006,Silver,Semi Full,4.3,Gas,Automatic,360000,38000.0
Chevrolet,Tahoe,2007,Blue,Full,5.6,Gas,Automatic,257000,35000.0
Ford,Marquis,2010,Navy,Full,,Gas,Automatic,200000,18000.0
Hyundai,Sonata,2017,White,Full,2.4,Gas,Automatic,69000,51000.0
Toyota,Camry,2016,Silver,Standard,2.5,Gas,Automatic,63000,58000.0
Toyota,Hilux,2018,White,Semi Full,2.7,Gas,Manual,192700,78000.0
Toyota,Camry,2016,White,Semi Full,2.7,Gas,Automatic,194710,55000.0
Chevrolet,Malibu,2015,Silver,Semi Full,2.5,Gas,Automatic,176000,27000.0
Nissan,Pathfinder,2010,White,Semi Full,,Gas,Automatic,400000,22500.0
Land Rover,LR2,2010,White,Full,,Gas,Automatic,200,30000.0
Hyundai,Accent,2020,Silver,Standard,1.4,Gas,Automatic,2600,45000.0
Toyota,Prado,2018,White,Semi Full,,Gas,Automatic,56000,150000.0
Jaguar,XJ,2015,White,Full,3.0,Gas,Automatic,57000,180000.0
Hyundai,Accent,2016,White,Standard,,Gas,Automatic,151000,25000.0
Volkswagen,Passat,2016,Grey,Standard,2.5,Gas,Automatic,49000,49000.0
BMW,The 7,2012,White,Standard,,Gas,Automatic,224000,45000.0
Mercedes-Benz,S,2008,Silver,Full,,Gas,Automatic,256000,38000.0
Ford,Marquis,2007,Navy,Standard,,Gas,Automatic,260000,18000.0
Daihatsu,Terios,2014,Silver,Full,1.5,Gas,Automatic,118000,37000.0
Lexus,ES,2019,Black,Standard,,Gas,Automatic,33000,150000.0
Lexus,ES,2019,Black,Standard,,Gas,Automatic,39000,150000.0
Lexus,ES,2018,Red,Semi Full,,Gas,Automatic,27000,122000.0
Hyundai,Sonata,2015,Silver,Full,2.0,Gas,Automatic,110000,43000.0
Chevrolet,Blazer,2008,Brown,Full,,Gas,Automatic,128000,15000.0
Honda,City,2018,White,Standard,1.5,Gas,Automatic,36000,35000.0
Honda,Accord,2017,Black,Semi Full,2.5,Gas,Automatic,63000,82000.0
Jeep,Wrangler,2014,Silver,Semi Full,3.0,Gas,Automatic,262000,65000.0
Ford,Victoria,2011,Golden,Full,,Gas,Automatic,128,48000.0
Ford,Explorer,2003,White,Standard,4.0,Gas,Automatic,360000,8000.0
Hyundai,Elantra,2017,Silver,Standard,2.0,Gas,Automatic,86000,34000.0
Kia,Cerato,2016,White,Standard,1.6,Gas,Automatic,118000,34000.0
Ford,F150,2017,Red,Semi Full,5.0,Gas,Automatic,53000,140000.0
Mazda,3,2015,White,Standard,,Gas,Automatic,74000,27000.0
Toyota,Corolla,2015,White,Semi Full,1.6,Gas,Automatic,84000,42000.0
Chevrolet,Malibu,2018,Black,Semi Full,2.5,Gas,Automatic,56500,68000.0
Nissan,Sunny,2018,White,Standard,1.5,Gas,Automatic,43000,30000.0
Lexus,ES,2014,Brown,Full,3.5,Gas,Automatic,230000,82000.0
Chevrolet,Tahoe,2008,Black,Unknown,,Gas,Unknown,247000,42500.0
Porsche,Cayenne,2008,Silver,Full,4.8,Gas,Automatic,152750,50000.0
Ford,Explorer,2014,Navy,Standard,3.6,Gas,Automatic,209500,56000.0
Toyota,Corolla,2018,White,Standard,1.6,Gas,Automatic,45370,49000.0
Unknown,Mini Cooper,1972,Another Color,Full,1.3,Gas,Manual,1000,42000.0
Hyundai,Azera,2019,Black,Standard,3.3,Gas,Automatic,91000,77000.0
Toyota,Avalon,2021,White,Full,3.5,Gas,Automatic,100,185000.0
Mazda,CX9,2015,Brown,Full,1.9,Gas,Automatic,274000,66000.0
Lincoln,Continental GT,2020,Grey,Semi Full,3.7,Gas,Automatic,3500,250000.0
Toyota,Furniture,2010,Green,Semi Full,,Gas,Manual,200000,36000.0
Hyundai,H1,2018,Silver,Full,2.4,Gas,Automatic,74000,77000.0
Toyota,Yaris,2019,White,Standard,1.5,Gas,Automatic,112000,39500.0
GMC,Acadia,2016,White,Standard,,Gas,Automatic,108000,60000.0
Hyundai,H1,2016,Grey,Semi Full,2.4,Gas,Automatic,155,47000.0
Nissan,Z350,2006,Golden,Semi Full,3.5,Gas,Automatic,105342,50000.0
Honda,Accord,2016,White,Full,3.5,Gas,Automatic,89000,80000.0
Mitsubishi,Pajero,2014,Silver,Full,,Gas,Automatic,200000,39000.0
Toyota,Furniture,2017,Silver,Full,,Gas,Automatic,236000,75000.0
Ford,Mustang,2015,White,Full,5.0,Gas,Manual,111000,92999.0
Kia,Carnival,2016,White,Semi Full,,Gas,Automatic,160000,60000.0
Ford,Expedition,2013,Black,Semi Full,,Gas,Automatic,187000,60000.0
Unknown,Unknown,2019,Brown,Full,1.0,Gas,Manual,4000,39000.0
Dodge,Nitro,2011,Silver,Full,3.7,Gas,Automatic,230000,17000.0
Toyota,Hilux,2014,White,Full,2.4,Gas,Manual,230000,61000.0
Toyota,Camry,2010,Brown,Full,1.8,Gas,Manual,370,25000.0
Toyota,Corolla,2018,Silver,Standard,1.6,Gas,Automatic,87000,50000.0
Dodge,Charger,2021,Grey,Standard,3.5,Gas,Automatic,1700,110000.0
Peugeot,301,2014,White,Standard,1.6,Gas,Automatic,170000,18500.0
Nissan,Navara,2015,White,Full,2.5,Gas,Automatic,129000,40000.0
Ford,Victoria,2008,Golden,Standard,,Gas,Automatic,21000,13000.0
Audi,A3,2016,Red,Semi Full,2.0,Gas,Automatic,70000,68000.0
Lexus,LX,2020,White,Full,5.7,Gas,Automatic,105,425000.0
BMW,The 7,2003,Brown,Full,,Gas,Automatic,106000,34000.0
Nissan,KICKS,2017,White,Semi Full,1.6,Gas,Automatic,68000,54000.0
Chevrolet,Impala,2014,Navy,Standard,,Gas,Automatic,155000,40000.0
Ford,Mustang,2019,Red,Full,,Gas,Automatic,86000,125000.0
Victory Auto,Van R,2017,Golden,Full,1.2,Gas,Manual,1500,31000.0
Kia,Optima,2015,Red,Standard,2.4,Gas,Automatic,100000,37000.0
Toyota,Land Cruiser,2011,White,Full,,Gas,Automatic,79000,145000.0
Lexus,LS,2018,Grey,Semi Full,,Gas,Automatic,23000,265000.0
Toyota,Toyota 86,2015,White,Full,,Diesel,Manual,298000,79000.0
Toyota,Hiace,2015,White,Semi Full,,Gas,Manual,23000,49000.0
Nissan,Altima,2017,White,Semi Full,2.5,Gas,Automatic,40000,67000.0
Hyundai,Accent,2017,White,Standard,1.6,Gas,Automatic,169700,30000.0
Hyundai,Accent,2019,White,Standard,,Gas,Automatic,56000,40000.0
Toyota,Hiace,2015,White,Semi Full,,Gas,Manual,200000,47000.0
Toyota,Hiace,2016,White,Semi Full,,Gas,Manual,168000,47000.0
Chrysler,C300,2008,Blue,Full,5.7,Gas,Automatic,390000,25000.0
Hyundai,Tucson,2016,Grey,Standard,2.0,Gas,Automatic,155000,45000.0
Chevrolet,Tahoe,2016,Another Color,Standard,5.3,Gas,Automatic,124000,120000.0
Hyundai,Senta fe,2015,White,Semi Full,3.3,Gas,Automatic,122,45000.0
Hyundai,Accent,2019,White,Standard,,Gas,Automatic,59800,37000.0
Ford,Taurus,2017,Silver,Standard,3.5,Gas,Automatic,61000,63000.0
Kia,Optima,2014,Silver,Full,2.4,Gas,Automatic,200,50000.0
Hyundai,H1,2017,Grey,Full,9.0,Gas,Automatic,145,58000.0
Mazda,323,2002,Bronze,Standard,,Gas,Manual,361056,7000.0
BMW,The 7,2019,White,Unknown,,Gas,Automatic,6000,335000.0
Toyota,Corolla,2013,White,Standard,1.6,Gas,Automatic,334000,36500.0
Toyota,Camry,2016,White,Standard,2.5,Gas,Automatic,116987,58000.0
Ford,Expedition,2013,Grey,Standard,,Gas,Automatic,147000,50000.0
Dodge,Durango,2020,Silver,Full,3.6,Gas,Automatic,36500,130000.0
Mercedes-Benz,S,2012,Brown,Semi Full,,Gas,Automatic,131000,95000.0
Toyota,Camry,2021,White,Full,,Gas,Automatic,555,119000.0
Honda,Crosstour,2012,White,Full,3.7,Gas,Automatic,240000,38000.0
Toyota,Innova,2015,White,Full,,Gas,Automatic,226000,45000.0
Toyota,Furniture,2020,White,Full,4.0,Gas,Automatic,16000,128000.0
Mazda,6,2015,Blue,Standard,,Gas,Automatic,82000,51000.0
Chrysler,C300,2018,White,Full,,Gas,Automatic,65000,123000.0
Ford,Fusion,2016,Silver,Standard,,Gas,Automatic,81000,46000.0
Honda,Accord,2016,Golden,Semi Full,,Gas,Automatic,75000,66000.0
Chrysler,C300,2018,Black,Full,,Gas,Automatic,70000,123000.0
Chevrolet,Tahoe,2019,Black,Standard,,Gas,Automatic,40000,145000.0
Toyota,FJ,2016,Black,Semi Full,,Gas,Automatic,381000,88000.0
Toyota,Land Cruiser,2014,White,Full,5.7,Gas,Automatic,316000,145000.0
Chevrolet,Impala,2015,White,Standard,,Gas,Automatic,119000,47000.0
Honda,Odyssey,2016,White,Full,,Gas,Automatic,80000,73000.0
GMC,Yukon,2020,Black,Full,,Gas,Automatic,1800,185000.0
Ford,Expedition,2016,White,Standard,,Gas,Automatic,95000,72000.0
Toyota,Hiace,2016,White,Standard,,Gas,Manual,96000,65000.0
Honda,Accord,2016,Grey,Semi Full,,Gas,Automatic,106000,66000.0
Toyota,Innova,2020,Grey,Standard,,Gas,Automatic,74000,75000.0
Chevrolet,Impala,2019,Silver,Semi Full,,Gas,Automatic,107000,73000.0
Kia,Cerato,2016,White,Standard,,Gas,Automatic,50000,29000.0
Ford,Expedition,2016,White,Standard,,Gas,Automatic,120000,72000.0
Toyota,Furniture,2020,White,Full,4.0,Gas,Automatic,18000,128000.0
Honda,Accord,2016,Red,Semi Full,,Gas,Automatic,83000,66000.0
Toyota,Hilux,2017,White,Semi Full,2.7,Gas,Manual,44000,78000.0
Chevrolet,Cruze,2016,White,Standard,,Gas,Automatic,154000,25000.0
Nissan,Urvan,2017,White,Standard,,Gas,Manual,104000,66000.0
Renault,Dokker,2016,White,Semi Full,1.0,Gas,Manual,155000,20000.0
Nissan,Patrol,2015,Grey,Standard,5.7,Gas,Automatic,190000,99000.0
Nissan,Datsun,2016,White,Full,,Gas,Manual,68000,48000.0
Ford,Expedition,2016,White,Semi Full,,Gas,Automatic,98000,72000.0
Chevrolet,Tahoe,2016,White,Semi Full,,Gas,Automatic,197000,105000.0
Nissan,Patrol,2017,Black,Semi Full,5.7,Gas,Automatic,93000,145000.0
Honda,Accord,2016,Black,Semi Full,,Gas,Automatic,68000,66000.0
Mazda,6,2017,White,Standard,,Gas,Automatic,70000,53000.0
Kia,Cerato,2016,White,Standard,,Gas,Automatic,47000,29000.0
Lexus,ES,2017,Black,Full,,Gas,Automatic,100000,105000.0
Toyota,Land Cruiser,2019,White,Full,4.0,Gas,Automatic,62000,195000.0
Mazda,BT-50,2015,White,Standard,,Gas,Automatic,105000,27000.0
Mazda,6,2012,White,Standard,,Gas,Automatic,129000,19000.0
Lexus,ES,2018,Golden,Semi Full,,Gas,Automatic,28000,122000.0
Land Rover,Range Rover,2013,Grey,Full,3.0,Gas,Automatic,48000,103000.0
Toyota,Camry,2018,Brown,Full,3.5,Gas,Automatic,80000,95000.0
Toyota,Hilux,2018,White,Standard,2.7,Gas,Manual,126000,82000.0
Toyota,Furniture,2014,White,Standard,2.7,Gas,Manual,182000,50000.0
Ford,Expedition,2013,White,Semi Full,5.5,Gas,Automatic,169000,44000.0
Ford,Mustang,2015,Grey,Semi Full,2.3,Gas,Automatic,157000,80000.0
Honda,Accord,2014,White,Full,2.5,Gas,Automatic,215,45000.0
Toyota,Furniture,2013,Silver,Full,,Gas,Automatic,182000,68500.0
Honda,Accord,2016,White,Standard,1.4,Gas,Automatic,233000,48000.0
Kia,Optima,2015,White,Standard,2.4,Gas,Automatic,71000,45000.0
Ford,Marquis,2010,Another Color,Semi Full,5.8,Gas,Automatic,500,20000.0
Chevrolet,Suburban,2015,Brown,Standard,2.8,Gas,Automatic,205000,85000.0
Suzuki,SX4,2009,Blue,Standard,1.6,Gas,Automatic,150000,10000.0
Jeep,Grand Cherokee,2013,Black,Full,5.7,Gas,Automatic,226,45000.0
Toyota,Hiace,2013,White,Standard,,Gas,Manual,300000,42000.0
Ford,Expedition,2014,Black,Standard,5.4,Gas,Automatic,170000,40000.0
Hyundai,Elantra,2012,Silver,Standard,1.8,Gas,Automatic,222000,17500.0
Mitsubishi,Pajero,2017,Red,Full,,Gas,Automatic,54000,73000.0
Ford,Victoria,2006,White,Standard,,Gas,Automatic,234000,22000.0
Hyundai,Accent,2019,Silver,Standard,1.4,Gas,Automatic,58000,39000.0
Hyundai,Tucson,2016,White,Full,2.0,Gas,Automatic,170000,58000.0
Geely,EC7,2016,White,Full,1.8,Gas,Automatic,42420,35000.0
Toyota,Prado,2015,White,Semi Full,,Gas,Automatic,160000,105000.0
Hyundai,Elantra,2018,Silver,Standard,1.6,Gas,Automatic,57000,44000.0
Mazda,3,2016,Grey,Standard,,Gas,Automatic,165000,45000.0
Toyota,Corolla,2018,White,Semi Full,,Gas,Automatic,43000,54500.0
Toyota,Hilux,2018,White,Standard,2.7,Gas,Manual,59000,66000.0
Toyota,Land Cruiser,2021,White,Full,4.6,Gas,Automatic,20000,296000.0
Nissan,Datsun,2016,White,Semi Full,2.4,Gas,Manual,87300,53500.0
Mitsubishi,Pajero,2018,Black,Full,3.8,Gas,Automatic,5000,109000.0
Hyundai,Azera,2019,White,Semi Full,3.5,Gas,Automatic,44271,95000.0
Ford,Victoria,2011,Black,Full,,Gas,Automatic,150000,25000.0
Hyundai,Sonata,2013,White,Full,1.6,Gas,Automatic,181000,27000.0
Chevrolet,Caprice,2013,Silver,Standard,6.0,Gas,Automatic,111000,79000.0
Toyota,Furniture,2019,White,Semi Full,2.4,Diesel,Automatic,25000,125000.0
Unknown,Unknown,2021,Yellow,Semi Full,1.2,Gas,Manual,3000,5500.0
Land Rover,Range Rover,2018,Black,Full,,Gas,Automatic,44000,365000.0
Toyota,Avanza,2018,White,Semi Full,,Gas,Automatic,41000,45000.0
Chevrolet,Caprice,2013,Silver,Standard,6.0,Gas,Automatic,114000,79000.0
Kia,Optima,2015,Another Color,Semi Full,2.4,Gas,Automatic,220000,42000.0
GMC,Yukon,2010,Golden,Semi Full,,Gas,Automatic,340000,62000.0
Toyota,Land Cruiser,2020,White,Standard,4.0,Gas,Automatic,29277,180000.0
Geely,X7,2017,Black,Full,2.4,Gas,Automatic,65000,45000.0
Volkswagen,Tiguan,2019,Grey,Full,2.0,Gas,Automatic,60000,114000.0
Lexus,LX,2015,Black,Full,5.7,Gas,Automatic,151000,156500.0
Toyota,Land Cruiser,2018,Black,Full,5.7,Gas,Automatic,42000,241000.0
Chevrolet,Tahoe,2016,Another Color,Semi Full,5.3,Gas,Automatic,168000,114500.0
Foton,Suvana,2017,Silver,Full,2.7,Gas,Automatic,11000,43000.0
Volkswagen,Beetle,2015,Black,Semi Full,1.8,Gas,Automatic,89000,54000.0
Dodge,Charger,2019,Green,Full,,Gas,Automatic,48000,85000.0
Nissan,X-Trail,2016,White,Semi Full,2.5,Gas,Automatic,142000,46000.0
Cadillac,ATS,2016,Black,Full,2.5,Gas,Automatic,88000,70000.0
Land Rover,Range Rover,2016,White,Full,4.0,Gas,Automatic,139000,288000.0
Nissan,Pathfinder,2006,Brown,Semi Full,4.0,Gas,Automatic,300000,15000.0
Hyundai,Sonata,2016,White,Semi Full,,Gas,Automatic,183700,45000.0
Toyota,Innova,2020,Silver,Standard,,Gas,Automatic,750,83000.0
GMC,Acadia,2012,White,Full,3.6,Gas,Automatic,220000,40000.0
Toyota,Hilux,2017,White,Semi Full,,Gas,Manual,106737,75000.0
Kia,Optima,2015,Navy,Semi Full,2.0,Gas,Automatic,359397,35000.0
Toyota,FJ,2008,Black,Full,4.0,Gas,Automatic,390000,52000.0
Isuzu,D-MAX,2020,White,Full,3.0,Diesel,Automatic,37000,125000.0
Toyota,Camry,2019,White,Full,2.5,Hybrid,Automatic,97000,90000.0
Toyota,Land Cruiser,2003,White,Standard,,Gas,Manual,300,40000.0
Hyundai,Sonata,2018,Another Color,Standard,2.4,Gas,Automatic,100000,52000.0
Mazda,CX9,2014,Black,Full,3.5,Gas,Automatic,195000,46000.0
Honda,Odyssey,2010,Bronze,Standard,4.6,Gas,Automatic,200000,22000.0
Jeep,Liberty,2012,Black,Full,3.7,Gas,Automatic,128000,25000.0
Toyota,Camry,2001,Golden,Semi Full,,Gas,Automatic,346900,17000.0
Kia,Cadenza,2017,Brown,Standard,3.3,Gas,Automatic,15000,60000.0
Mazda,CX9,2019,Another Color,Full,2.5,Gas,Automatic,33501,127000.0
Hyundai,Sonata,2007,Another Color,Semi Full,2.4,Gas,Automatic,255559,15000.0
Hyundai,Coupe,2013,Black,Full,3.8,Gas,Automatic,80000,65000.0
Hyundai,Sonata,2012,White,Full,2.4,Gas,Automatic,257000,28000.0
Toyota,Furniture,2015,Grey,Standard,1.3,Gas,Automatic,243000,55000.0
Toyota,FJ,2013,White,Full,,Gas,Automatic,364000,65000.0
Nissan,Altima,2018,White,Semi Full,2.5,Gas,Automatic,77000,65000.0
Mercedes-Benz,ML,2013,Brown,Full,3.5,Gas,Automatic,97000,99000.0
Hyundai,Accent,2018,Silver,Standard,1.4,Gas,Automatic,97300,31000.0
Toyota,Avalon,2015,White,Semi Full,3.5,Gas,Automatic,167,51000.0
Lexus,RC,2019,White,Full,3.6,Gas,Automatic,42000,215000.0
Chevrolet,Tahoe,2013,Silver,Semi Full,5.2,Gas,Automatic,201866,57000.0
Hyundai,Sonata,2017,White,Standard,2.4,Gas,Automatic,155000,54000.0
Hyundai,Sonata,2016,White,Full,1.6,Diesel,Automatic,78220,62000.0
Nissan,Sunny,2019,Silver,Standard,1.5,Gas,Automatic,92300,29000.0
Hyundai,Sonata,2020,Grey,Semi Full,2.5,Gas,Automatic,44000,88000.0
Toyota,Hiace,2016,White,Standard,2.7,Gas,Manual,184000,70000.0
Mitsubishi,Pajero,2017,Black,Full,3.8,Gas,Automatic,69000,77000.0
Ford,Taurus,2018,Silver,Standard,2.0,Gas,Automatic,95000,75000.0
Hyundai,Accent,2019,White,Standard,,Gas,Automatic,62500,37000.0
Ford,Taurus,2016,Silver,Semi Full,2.0,Gas,Automatic,148000,58000.0
Toyota,Land Cruiser,2014,White,Full,4.5,Gas,Automatic,213000,138000.0
Mitsubishi,Pajero,2016,White,Full,3.5,Gas,Automatic,126000,64000.0
Hyundai,H1,2018,Grey,Standard,,Gas,Automatic,129000,55000.0
Kia,Cerato,2020,Grey,Standard,1.6,Gas,Automatic,36000,53000.0
Chrysler,C300,2008,Black,Full,,Gas,Automatic,114000,20000.0
Hyundai,Accent,2018,White,Standard,1.4,Gas,Automatic,130000,32000.0
Mazda,CX9,2015,Grey,Full,2.4,Gas,Automatic,138020,58000.0
Kia,Cerato,2017,Navy,Full,1.6,Gas,Automatic,77500,42000.0
GMC,Yukon,2011,Golden,Standard,8.0,Gas,Automatic,320000,50000.0
Toyota,Coaster,2016,White,Full,,Diesel,Manual,47500,140000.0
Kia,Cerato,2014,Another Color,Semi Full,,Gas,Automatic,187,25000.0
Toyota,Camry,2014,White,Standard,2.4,Gas,Automatic,183000,34000.0
Genesis,Prestige Plus,2016,White,Semi Full,3.8,Gas,Automatic,132300,70000.0
Toyota,Land Cruiser,2002,White,Semi Full,4.5,Gas,Manual,400,40000.0
MINI,Copper,2016,Oily,Full,2.0,Gas,Automatic,107000,80000.0
Toyota,Land Cruiser,2015,White,Full,4.0,Gas,Automatic,92000,165000.0
Toyota,Land Cruiser,2014,Black,Full,5.7,Gas,Automatic,178000,155000.0
Toyota,Furniture,2020,White,Standard,2.7,Gas,Automatic,1200,110000.0
Toyota,Hilux,2016,White,Full,2.7,Gas,Manual,86000,60000.0
Toyota,Land Cruiser 70,2012,Another Color,Semi Full,4.0,Gas,Manual,327193,75000.0
Ford,Taurus,2011,Silver,Standard,3.5,Gas,Automatic,369000,37500.0
Hyundai,Elantra,2017,White,Semi Full,2.0,Gas,Automatic,126009,40500.0
Hyundai,Tucson,2016,White,Full,2.4,Gas,Automatic,147000,45000.0
Dodge,Charger,2014,Silver,Full,,Gas,Automatic,180000,35000.0
FAW,X40,2020,White,Full,1.1,Gas,Automatic,53000,35000.0
Chevrolet,Traverse,2017,White,Standard,3.6,Gas,Automatic,308400,45000.0
Mazda,BT-50,2012,White,Standard,,Gas,Manual,273000,19000.0
Mercedes-Benz,POS24,1970,Grey,Standard,1.0,Diesel,Manual,300000,45000.0
Toyota,Land Cruiser,2007,White,Semi Full,1.0,Gas,Automatic,400000,30000.0
Toyota,Hiace,2015,White,Standard,2.7,Gas,Manual,280000,50000.0
Mercury,Montero1,2008,Green,Semi Full,,Gas,Automatic,160000,12000.0
Chevrolet,Aveo,2011,Blue,Standard,1.2,Gas,Manual,102000,11000.0
Chevrolet,Abeka,2009,White,Semi Full,2.0,Gas,Automatic,370000,11000.0
Mercedes-Benz,E,2015,Black,Full,2.2,Diesel,Automatic,127000,85000.0
Dodge,Challenger,2013,Grey,Full,6.4,Gas,Automatic,249000,70000.0
Hyundai,Senta fe,2013,White,Semi Full,3.3,Gas,Automatic,282000,43000.0
Hyundai,Azera,2018,White,Full,3.5,Gas,Automatic,76000,78000.0
Nissan,Maxima,2011,Another Color,Semi Full,3.5,Gas,Automatic,34000,20000.0
Toyota,Land Cruiser,2012,White,Semi Full,6.6,Gas,Manual,109,120000.0
Volkswagen,CC,2014,Brown,Full,,Gas,Automatic,163672,55000.0
GMC,Sierra,2012,Another Color,Standard,5.3,Gas,Automatic,329000,40000.0
Ford,Explorer,2014,Silver,Standard,3.5,Gas,Automatic,150000,50000.0
Toyota,Hilux,2019,Another Color,Full,2.7,Gas,Automatic,80000,120000.0
Hyundai,Elantra,2017,Grey,Full,1.6,Gas,Automatic,136000,39000.0
Chrysler,C300,2016,Grey,Full,3.6,Gas,Automatic,121000,72000.0
Toyota,Hiace,2016,White,Standard,2.7,Gas,Manual,350000,60000.0
Jaguar,XF,2015,Red,Full,,Gas,Automatic,100000,65000.0
Ford,Taurus,2010,Silver,Semi Full,,Gas,Automatic,337000,25000.0
Ford,Mustang,2020,Black,Full,2.3,Gas,Automatic,19000,160000.0
Ford,Taurus,2010,Black,Semi Full,3.0,Gas,Automatic,360000,23000.0
Chevrolet,Cruze,2015,Silver,Standard,1.6,Gas,Automatic,119000,27500.0
Ford,Expedition,2014,Black,Standard,5.4,Gas,Automatic,162000,55000.0
GMC,Yukon,2008,Black,Standard,,Gas,Automatic,500000,33000.0
Chevrolet,Spark,2019,White,Semi Full,1.4,Gas,Automatic,58000,26000.0
Mitsubishi,Pajero,2012,White,Semi Full,3.0,Gas,Automatic,360000,24000.0
Mercedes-Benz,E,2017,Grey,Semi Full,9.0,Gas,Manual,134000,155000.0
Changan,Eado,2020,Brown,Semi Full,1.5,Gas,Automatic,61760,42000.0
Hyundai,Sonata,2017,White,Standard,2.4,Gas,Automatic,92000,54000.0
Ford,Marquis,2009,Silver,Semi Full,,Gas,Automatic,260,22000.0
Toyota,Rav4,2018,Silver,Full,2.7,Gas,Automatic,56625,82500.0
GMC,Yukon,2003,Golden,Standard,,Gas,Automatic,240000,15000.0
Chrysler,300,2007,Another Color,Full,5.7,Gas,Automatic,240000,17000.0
Mercedes-Benz,S,2007,Bronze,Full,4.0,Gas,Automatic,315000,42000.0
Ford,Edge,2011,White,Full,3.5,Gas,Automatic,231000,35000.0
Chevrolet,Malibu,2013,Another Color,Semi Full,,Gas,Automatic,250000,30000.0
Lexus,LS,2015,White,Semi Full,,Gas,Automatic,51000,200000.0
Tata,Bus,2010,White,Standard,,Diesel,Manual,363000,45000.0
Ford,Fusion,2012,Silver,Semi Full,,Gas,Automatic,240000,19500.0
Toyota,Hilux,2015,White,Full,2.7,Gas,Manual,105400,62000.0
Ford,Taurus,2017,White,Standard,3.5,Gas,Automatic,135000,65000.0
Toyota,Innova,2015,White,Standard,2.7,Gas,Automatic,250000,38500.0
GMC,Yukon,2010,Golden,Semi Full,,Gas,Automatic,335000,32000.0
Mitsubishi,Pajero,2016,White,Full,3.8,Gas,Automatic,200,60000.0
Nissan,Pathfinder,2005,White,Semi Full,3.5,Gas,Automatic,308,13000.0
Toyota,Land Cruiser,2013,Golden,Full,1.0,Gas,Manual,378000,75000.0
Toyota,Avalon,2020,Black,Semi Full,,Gas,Automatic,30000,127000.0
Toyota,Camry,2012,White,Standard,2.4,Gas,Automatic,217000,39500.0
Hyundai,H1,2014,White,Standard,2.5,Diesel,Automatic,220000,50000.0
Audi,A5,2016,Red,Full,2.0,Gas,Automatic,108000,80000.0
Land Rover,Range Rover,2006,White,Full,,Gas,Automatic,220000,30000.0
Toyota,Prado,2017,White,Semi Full,4.0,Gas,Automatic,89000,118000.0
Kia,Sorento,2017,Another Color,Semi Full,3.5,Gas,Automatic,79260,70000.0
Hyundai,Elantra,2020,White,Standard,2.0,Gas,Automatic,120000,53000.0
Hyundai,Elantra,2020,White,Standard,2.0,Gas,Automatic,102000,53000.0
Mazda,6,2016,Brown,Standard,2.5,Gas,Automatic,267000,50000.0
Toyota,Corolla,2017,Silver,Standard,1.6,Gas,Automatic,100000,44000.0
Ford,Taurus,2015,Another Color,Semi Full,3.5,Gas,Automatic,120000,65000.0
Toyota,Camry,2017,Grey,Standard,2.5,Gas,Automatic,180000,58000.0
Toyota,Hilux,2015,White,Semi Full,2.7,Gas,Manual,246000,57000.0
Hyundai,Elantra,2018,White,Standard,2.0,Gas,Automatic,116000,48000.0
Toyota,Corolla,2017,Silver,Standard,1.6,Gas,Automatic,110000,45000.0
Ford,Ranger,2015,White,Semi Full,2.0,Gas,Manual,219000,45000.0
Kia,Optima,2014,White,Semi Full,2.0,Gas,Automatic,241000,35000.0
Nissan,Sunny,2019,White,Standard,1.5,Gas,Automatic,68000,33000.0
Nissan,Sunny,2019,Brown,Standard,1.5,Gas,Automatic,60700,33000.0
Chevrolet,Colorado,2013,White,Standard,1.4,Gas,Manual,196000,28000.0
Chevrolet,Colorado,2013,White,Standard,2.0,Gas,Manual,196000,28000.0
Hyundai,Accent,2016,White,Standard,1.4,Gas,Automatic,178000,25000.0
Toyota,Yaris,2019,White,Standard,,Gas,Automatic,54000,35000.0
Ford,F150,2016,White,Semi Full,5.0,Gas,Automatic,115000,93000.0
Mercedes-Benz,GL,2015,White,Full,,Gas,Automatic,178000,145000.0
Genesis,Coupe,2014,White,Full,3.8,Gas,Automatic,89000,65000.0
Nissan,X-Trail,2018,Blue,Standard,2.5,Gas,Automatic,23936,72000.0
Mercedes-Benz,C,2015,Black,Semi Full,,Gas,Automatic,85000,119000.0
Hyundai,Sonata,2016,Another Color,Full,2.4,Gas,Automatic,136000,42500.0
Chevrolet,Malibu,2017,White,Standard,2.4,Gas,Automatic,146000,40500.0
Mazda,CX3,2019,Black,Semi Full,2.0,Gas,Automatic,25000,58000.0
Chevrolet,Impala,2019,White,Standard,3.6,Gas,Automatic,178000,67000.0
Chevrolet,Tahoe,2015,Bronze,Standard,5.3,Gas,Automatic,188000,100000.0
Hyundai,Accent,2018,White,Standard,1.4,Gas,Automatic,68000,36500.0
Toyota,Prado,2019,White,Full,4.7,Gas,Automatic,65000,151000.0
Toyota,Prado,2019,White,Full,4.0,Gas,Automatic,82000,149000.0
Chevrolet,Tahoe,2015,Golden,Full,5.6,Gas,Automatic,188000,99500.0
Chrysler,C300,2012,Black,Full,,Gas,Automatic,230000,35000.0
Lexus,LX,2013,Golden,Full,5.7,Gas,Automatic,256000,155000.0
Hyundai,Accent,2017,Grey,Standard,1.4,Gas,Automatic,158000,29000.0
Nissan,Altima,2015,Brown,Standard,2.5,Gas,Automatic,60829,48000.0
Hyundai,Veloster,2013,White,Full,,Gas,Automatic,149675,25000.0
Ford,Victoria,1998,Green,Standard,,Gas,Automatic,40000,5000.0
Toyota,Corolla,2018,Silver,Standard,1.6,Gas,Automatic,40000,42000.0
Porsche,Cayenne,2015,White,Full,3.6,Gas,Automatic,114000,155000.0
Toyota,Hilux,2015,White,Standard,2.7,Gas,Manual,239900,46000.0
Toyota,Prado,2012,White,Full,,Gas,Automatic,240000,70000.0
Hyundai,Senta fe,2012,Brown,Semi Full,1.0,Gas,Automatic,200000,29000.0
Toyota,Land Cruiser,2006,White,Full,4.7,Gas,Automatic,382,45000.0
Chevrolet,Malibu,2015,White,Semi Full,,Gas,Automatic,190217,27000.0
Kia,Rio,2014,Another Color,Standard,,Gas,Automatic,203331,20000.0
Ford,Explorer,2006,Red,Full,2.6,Gas,Automatic,35000,15000.0
Cadillac,CT6,2017,Silver,Full,3.0,Gas,Automatic,70000,175000.0
Skoda,Fabia,2007,Red,Standard,1.2,Gas,Manual,219000,6000.0
Nissan,Altima,2017,White,Standard,2.5,Gas,Automatic,64000,58000.0
Land Rover,Range Rover,2014,Brown,Full,2.0,Gas,Automatic,48000,100000.0
Mercedes-Benz,ML,2000,Silver,Full,3.3,Gas,Automatic,111744,18000.0
Land Rover,LR2,2013,Silver,Full,,Gas,Automatic,128301,75000.0
Toyota,Corolla,2006,Golden,Full,1.8,Gas,Manual,320000,18000.0
Toyota,Rav4,2001,Grey,Standard,2.0,Gas,Automatic,480,14000.0
Ford,Taurus,2013,White,Unknown,,Gas,Automatic,300000,40000.0
Toyota,Camry,2010,Silver,Unknown,,Gas,Unknown,400000,22000.0
Toyota,Camry,2020,White,Full,,Gas,Automatic,10616,104500.0
Nissan,Maxima,2004,Silver,Full,3.0,Gas,Automatic,230000,15000.0
Mitsubishi,Pajero,2016,White,Semi Full,6.0,Gas,Automatic,200000,53000.0
Hyundai,Elantra,2017,Brown,Standard,,Gas,Automatic,135000,35000.0
Hyundai,Azera,2011,Grey,Semi Full,,Gas,Automatic,447,21000.0
Ford,Victoria,2004,Silver,Standard,,Gas,Automatic,78000,40000.0
GMC,Terrain,2013,Black,Semi Full,2.4,Gas,Automatic,90000,35000.0
Ford,Taurus,2016,Silver,Semi Full,3.5,Gas,Automatic,60100,85000.0
Hyundai,Senta fe,2015,Brown,Standard,1.1,Gas,Automatic,280000,45000.0
Mazda,CX5,2021,Grey,Full,2.5,Gas,Automatic,845,129000.0
Toyota,Corolla,2016,Silver,Standard,,Gas,Automatic,190000,32000.0
Ford,Taurus,2016,Grey,Semi Full,3.5,Gas,Automatic,48000,80000.0
Renault,Fluence,2015,Grey,Standard,,Gas,Automatic,121913,29000.0
Dodge,Charger,2013,Black,Full,5.7,Gas,Automatic,216841,40000.0
BMW,The 7,2014,Navy,Full,6.0,Gas,Automatic,182000,90000.0
Mazda,CX5,2021,White,Full,2.5,Gas,Automatic,14000,125000.0
Toyota,Yaris,2016,White,Standard,1.5,Gas,Automatic,100,32000.0
Renault,Megane,2020,White,Standard,1.6,Gas,Automatic,6400,42000.0
Hyundai,Accent,2019,White,Semi Full,1.4,Gas,Automatic,98000,36500.0
Toyota,Camry,2000,White,Standard,1.6,Gas,Automatic,40000,16000.0
Hyundai,Accent,2019,Blue,Semi Full,1.4,Gas,Automatic,89000,39000.0
GMC,Yukon,2013,Brown,Semi Full,,Gas,Automatic,150000,65000.0
Genesis,Platinum,2015,White,Full,3.8,Gas,Automatic,208000,95000.0
HAVAL,H2,2021,Another Color,Full,1.5,Gas,Automatic,6000,57900.0
Chevrolet,Caprice,2009,Blue,Standard,6.0,Gas,Manual,230945,15000.0
Chevrolet,Caprice,1995,White,Full,5.5,Gas,Automatic,252,4500.0
Chevrolet,Traverse,2011,Black,Semi Full,2.5,Gas,Automatic,65000,35000.0
Toyota,Ciocca,2016,Grey,Semi Full,5.7,Gas,Automatic,333000,78000.0
Nissan,Maxima,2002,Another Color,Full,3.0,Gas,Automatic,340000,12000.0
Honda,Odyssey,2016,Red,Semi Full,2.0,Gas,Automatic,150000,60000.0
Toyota,Prado,2016,Silver,Semi Full,4.0,Gas,Automatic,97000,119000.0
Hyundai,Elantra,2017,White,Semi Full,1.6,Diesel,Automatic,91269,50000.0
Kia,Picanto,2010,Grey,Standard,,Gas,Manual,200000,10000.0
Kia,Sportage,2019,Golden,Standard,1.6,Gas,Automatic,43000,68000.0
Ford,Expedition,2020,Black,Semi Full,,Gas,Automatic,14000,173000.0
Hyundai,Elantra,2015,White,Semi Full,2.0,Gas,Automatic,230000,30000.0
BMW,The 5,2016,Another Color,Semi Full,,Gas,Automatic,66000,90000.0
Toyota,Camry,2015,White,Semi Full,2.4,Gas,Automatic,140000,45000.0
Toyota,Camry,2014,White,Full,2.0,Gas,Automatic,120000,45000.0
Mitsubishi,Pajero,2016,White,Full,3.5,Gas,Automatic,190000,58000.0
Ford,Taurus,2018,Another Color,Standard,3.6,Gas,Automatic,78000,92000.0
Jeep,Wrangler,2017,Black,Standard,3.6,Gas,Automatic,82000,93000.0
Toyota,Innova,2014,White,Standard,,Gas,Automatic,180000,45000.0
Mazda,3,2017,White,Standard,1.5,Gas,Automatic,107921,39000.0
Ford,Expedition,2020,Silver,Full,3.5,Gas,Automatic,5000,180000.0
Hyundai,Azera,2014,White,Full,6.0,Gas,Automatic,276,35000.0
Mercury,Grand Marquis,1996,Oily,Full,4.6,Gas,Automatic,500,5000.0
Chevrolet,Cruze,2016,Grey,Full,1.6,Gas,Automatic,136000,25000.0
Toyota,Camry,2011,Grey,Full,,Gas,Automatic,137502,35000.0
Mercedes-Benz,S,2005,Silver,Semi Full,5.0,Gas,Automatic,350000,20000.0
Lexus,RX,2013,White,Full,3.5,Gas,Automatic,190000,85000.0
Ford,Expedition,2014,Black,Standard,,Gas,Automatic,243500,45000.0
Hyundai,Accent,2019,White,Standard,1.4,Gas,Automatic,57000,35000.0
Changan,CS75,2020,Grey,Full,1.8,Gas,Automatic,46000,62000.0
Hyundai,Tucson,2019,Silver,Semi Full,1.6,Gas,Automatic,42000,75000.0
Dodge,Challenger,2015,Silver,Semi Full,3.6,Gas,Automatic,260,55000.0
Toyota,Land Cruiser,2021,White,Full,,Gas,Automatic,9000,350000.0
Toyota,FJ,2020,White,Full,6.0,Gas,Automatic,50000,140000.0
Honda,Accord,2016,White,Full,3.5,Gas,Automatic,117000,80000.0
Lexus,LS,2018,Silver,Full,3.5,Gas,Automatic,32000,290000.0
Mitsubishi,Pajero,2017,White,Full,3.5,Gas,Automatic,81000,72000.0
Hyundai,Accent,2018,White,Standard,1.4,Gas,Automatic,36200,36500.0
Hyundai,Accent,2015,Grey,Standard,1.2,Gas,Automatic,150,20000.0
Ford,Fusion,2016,White,Standard,,Gas,Automatic,80000,50000.0
Ford,Fusion,2017,White,Full,2.0,Diesel,Automatic,55000,65000.0
Toyota,Hilux,2017,White,Semi Full,2.7,Gas,Manual,189000,78000.0
Toyota,Hiace,2016,White,Unknown,,Gas,Manual,180000,72000.0
Toyota,Corolla,2014,White,Full,1.6,Gas,Automatic,197,29000.0
GMC,Sierra,2013,Silver,Standard,5.3,Gas,Automatic,248000,63000.0
Lexus,LX,2014,White,Full,5.0,Gas,Automatic,100000,320000.0
Chevrolet,Tahoe,2014,Black,Semi Full,2.0,Gas,Automatic,255000,53000.0
Chevrolet,Silverado,2012,Red,Semi Full,,Gas,Automatic,180000,50000.0
Mercedes-Benz,E,2016,Black,Full,3.0,Gas,Automatic,64000,120000.0
Isuzu,Dyna,2013,White,Standard,7.0,Diesel,Manual,300,82000.0
Audi,Q7,2007,White,Full,7.0,Gas,Automatic,180000,50000.0
Mercedes-Benz,CLS,2014,Brown,Full,,Gas,Automatic,130,100000.0
Mercedes-Benz,S,2008,Golden,Full,,Gas,Automatic,174000,65000.0
Chevrolet,Malibu,2010,Grey,Semi Full,,Gas,Automatic,135000,10000.0
Hyundai,Sonata,2017,White,Full,2.4,Gas,Automatic,88718,58000.0
Kia,Sorento,2015,Red,Semi Full,6.0,Gas,Automatic,171000,45000.0
Porsche,Cayenne,2016,White,Standard,3.6,Gas,Automatic,121,160000.0
Ford,Taurus,2018,Black,Standard,,Gas,Unknown,88000,78000.0
Toyota,Corolla,2018,Silver,Standard,1.6,Gas,Automatic,142000,48000.0
Ford,Expedition,2007,Red,Full,3.0,Gas,Automatic,423000,29000.0
Audi,A6,2018,Silver,Semi Full,3.0,Gas,Automatic,92000,88000.0
BMW,The 7,2021,Another Color,Full,2.0,Gas,Automatic,1500,384900.0
Toyota,Furniture,2017,White,Full,4.0,Gas,Automatic,30000,118000.0
Hyundai,Elantra,2017,White,Semi Full,2.0,Gas,Automatic,237356,42000.0
Hyundai,Sonata,2017,White,Semi Full,2.4,Gas,Automatic,194814,55000.0
Changan,Eado,2020,Brown,Semi Full,1.6,Gas,Automatic,89770,42000.0
Nissan,Patrol,2014,White,Semi Full,5.6,Gas,Automatic,200000,105000.0
Ford,Mustang,2010,Black,Semi Full,3.7,Gas,Automatic,290000,38000.0
Hyundai,Sonata,2019,Brown,Full,2.4,Gas,Automatic,90000,61000.0
Chevrolet,Blazer,2013,Silver,Standard,3.6,Gas,Automatic,177560,35000.0
Chevrolet,Impala,2014,Navy,Semi Full,,Gas,Automatic,80000,45000.0
Chevrolet,Tahoe,2003,Black,Full,,Gas,Automatic,45000,18000.0
Toyota,Prado,2016,White,Semi Full,2.7,Gas,Automatic,60000,120000.0
BMW,X,2015,Black,Full,3.6,Hybrid,Automatic,62300,140000.0
Dodge,Charger,2013,Black,Full,5.7,Gas,Automatic,175,38000.0
Toyota,Innova,2008,Golden,Standard,,Gas,Automatic,90000,20000.0
Chevrolet,Silverado,2014,Silver,Full,8.0,Gas,Automatic,48000,100000.0
Volkswagen,Passat,2010,Silver,Full,,Gas,Automatic,143000,21000.0
Ford,Van,2013,White,Standard,,Gas,Automatic,120,40000.0
Land Rover,Range Rover,2016,Black,Standard,4.0,Gas,Automatic,106000,237000.0
Toyota,Yaris,2019,White,Semi Full,1.6,Gas,Automatic,18000,36000.0
Toyota,Corolla,2015,Silver,Standard,,Gas,Automatic,160000,27500.0
Ford,Explorer,2009,Black,Full,4.0,Gas,Automatic,211000,16000.0
GMC,Suburban,2002,Grey,Full,,Gas,Automatic,30000,9000.0
Changan,Eado,2020,Brown,Standard,1.6,Gas,Automatic,84000,42500.0
Changan,Eado,2020,White,Standard,1.6,Gas,Automatic,86000,42500.0
Nissan,Pathfinder,2014,White,Standard,,Gas,Automatic,24000,50000.0
Nissan,Altima,2006,Bronze,Semi Full,2.5,Gas,Automatic,392000,12000.0
Ford,Vego,2016,Silver,Standard,1.5,Gas,Automatic,165200,19000.0
Honda,CRV,2010,Silver,Full,2.7,Gas,Automatic,105000,35000.0
Ford,Explorer,2014,Silver,Semi Full,,Gas,Automatic,168322,60000.0
Ford,Explorer,2004,Red,Semi Full,4.0,Gas,Automatic,400000,9000.0
Nissan,Patrol,2015,Another Color,Full,,Gas,Automatic,77000,166000.0
HAVAL,H2,2020,Red,Semi Full,1.0,Gas,Automatic,29289,50000.0
Chevrolet,Cruze,2013,White,Standard,,Gas,Automatic,175,15000.0
Toyota,Corolla,2016,White,Standard,,Gas,Automatic,270000,33000.0
Toyota,Corolla,2018,Black,Standard,1.6,Gas,Automatic,72000,42000.0
Ford,F150,2014,Black,Full,3.2,Gas,Automatic,200000,58000.0
Nissan,Navara,2014,White,Full,2.5,Gas,Automatic,167,35000.0
Hyundai,Senta fe,2015,Silver,Semi Full,,Gas,Automatic,120,57000.0
Jeep,Grand Cherokee,2020,Brown,Full,3.6,Gas,Automatic,27500,160000.0
Iveco,Daily,2018,White,Standard,3.0,Diesel,Manual,116000,92000.0
Fiat,500,2019,Grey,Semi Full,1.4,Gas,Automatic,28000,62000.0
Toyota,Innova,2015,White,Full,2.7,Gas,Automatic,185000,45000.0
Mitsubishi,Pajero,2014,White,Full,,Gas,Automatic,168,49000.0
Nissan,Pathfinder,2007,Grey,Standard,,Gas,Automatic,111,30000.0
Hyundai,Elantra,2012,White,Semi Full,1.7,Gas,Manual,300,15000.0
Kia,Carnival,2013,White,Semi Full,3.5,Gas,Automatic,256000,28000.0
Fiat,Unknown,2013,White,Standard,,Gas,Automatic,180000,8500.0
Honda,Accord,2004,Golden,Full,1.0,Gas,Automatic,300,13000.0
Toyota,Land Cruiser,2009,White,Full,5.7,Gas,Automatic,470000,76000.0
Toyota,Corolla,2015,Silver,Semi Full,1.6,Gas,Automatic,200000,35000.0
Hyundai,H1,2010,Blue,Standard,1.4,Gas,Automatic,147000,29000.0
Toyota,FJ,2016,White,Full,,Gas,Automatic,64866,125000.0
Hyundai,Azera,2017,White,Semi Full,,Gas,Automatic,256,47000.0
Ford,Taurus,2012,Another Color,Full,,Gas,Automatic,334728,35000.0
Toyota,Corolla,2011,White,Semi Full,1.4,Gas,Automatic,283971,25000.0
Toyota,Prado,2015,Silver,Full,3.6,Gas,Automatic,225989,84000.0
Honda,Odyssey,2016,Red,Full,6.0,Gas,Automatic,189000,57000.0
Hyundai,Elantra,2007,Grey,Standard,1.6,Gas,Manual,191700,13000.0
Toyota,Corolla,2018,White,Standard,,Gas,Automatic,39000,45000.0
Toyota,Hilux,2018,White,Full,,Gas,Automatic,63000,110000.0
Ford,Marquis,2011,Brown,Semi Full,8.0,Gas,Automatic,400000,25000.0
Hyundai,Senta fe,2016,Another Color,Standard,2.0,Diesel,Automatic,193000,61000.0
Toyota,Land Cruiser Pickup,2021,Brown,Full,,Gas,Manual,1519,175000.0
Mercury,Grand Marquis,2000,Silver,Semi Full,3.8,Gas,Automatic,179000,14000.0
Ford,Taurus,2018,White,Standard,3.5,Gas,Automatic,73000,77000.0
Changan,CS75,2017,White,Full,,Gas,Automatic,107000,37000.0
Honda,Pilot,2005,Blue,Semi Full,6.0,Gas,Automatic,4130,15000.0
GMC,Sierra,2016,Brown,Full,5.3,Gas,Automatic,161,80000.0
Kia,Optima,2016,Red,Semi Full,2.4,Gas,Automatic,190000,42000.0
Toyota,Land Cruiser,2019,White,Semi Full,,Gas,Automatic,41000,190000.0
Ford,Mustang,2017,Black,Full,5.0,Gas,Automatic,130000,130000.0
Jeep,Compass,2016,Brown,Standard,2.4,Gas,Automatic,96213,38500.0
Toyota,Camry,2016,White,Semi Full,2.5,Gas,Automatic,111,49000.0
Toyota,Yaris,2010,Silver,Standard,1.3,Gas,Manual,350000,13000.0
Hyundai,Sonata,2017,White,Standard,2.4,Gas,Automatic,178000,55000.0
Toyota,Innova,2014,White,Standard,2.7,Gas,Manual,282000,35000.0
Kia,Sorento,2011,Silver,Standard,2.4,Gas,Automatic,160,30000.0
Toyota,Land Cruiser,2013,White,Semi Full,,Gas,Automatic,283,100000.0
Hyundai,Azera,2013,Grey,Full,3.0,Gas,Automatic,284000,32000.0
Nissan,Sunny,2018,Silver,Standard,1.5,Gas,Automatic,88000,29000.0
Nissan,Patrol,2014,Grey,Full,,Gas,Automatic,265000,100000.0
Lexus,ES,2016,Black,Full,,Gas,Automatic,130000,115000.0
Toyota,Land Cruiser,2016,White,Full,4.0,Gas,Automatic,179812,155000.0
Lexus,GS,2014,Another Color,Full,,Gas,Automatic,124000,136000.0
BMW,The 5,2020,Black,Semi Full,1.9,Gas,Automatic,7800,177000.0
GMC,Sierra,2011,White,Standard,6.0,Gas,Automatic,233000,36000.0
Toyota,Land Cruiser,2001,White,Full,4.8,Gas,Automatic,152000,95000.0
Honda,Unknown,2005,Red,Semi Full,4.0,Gas,Manual,100,20000.0
Porsche,Cayenne,2012,Black,Full,4.8,Gas,Automatic,189000,85000.0
Hyundai,Elantra,2016,White,Full,1.6,Diesel,Automatic,74000,50000.0
GMC,Suburban,2006,Golden,Semi Full,,Gas,Automatic,238,30000.0
Ford,Expedition,2009,Black,Semi Full,,Gas,Automatic,18500,35000.0
Ford,Explorer,2013,Blue,Standard,3.5,Gas,Automatic,218000,48000.0
Dodge,Ram,2011,White,Semi Full,5.7,Gas,Automatic,190000,40000.0
Kia,Cerato,2012,White,Standard,1.6,Gas,Automatic,312287,17000.0
Toyota,Prado,2016,White,Semi Full,,Gas,Automatic,167860,108000.0
Chevrolet,Tahoe,2010,White,Full,2.7,Gas,Automatic,260000,65000.0
Ford,Flex,2015,Black,Standard,3.6,Gas,Automatic,290000,30000.0
Toyota,Hilux,2012,White,Semi Full,2.7,Gas,Manual,366000,53000.0
GMC,Sierra,2021,Silver,Full,9.0,Gas,Automatic,100,178000.0
Ford,Edge,2007,Another Color,Full,,Gas,Automatic,372400,19000.0
Kia,Sportage,2016,Black,Full,2.4,Gas,Automatic,190000,62000.0
Toyota,Camry,2009,White,Standard,,Gas,Manual,350000,25000.0
Hyundai,Elantra,2013,Blue,Semi Full,,Gas,Automatic,300000,20000.0
Ford,Expedition,2003,Brown,Semi Full,8.0,Gas,Automatic,246000,15000.0
Chevrolet,Traverse,2011,Brown,Standard,3.6,Gas,Automatic,138000,24000.0
Hyundai,Accent,2016,White,Standard,1.6,Gas,Automatic,214000,23500.0
Chevrolet,Tahoe,2011,Black,Standard,,Gas,Automatic,250000,40000.0
Ford,Edge,2011,Red,Full,3.5,Gas,Automatic,70000,60000.0
Mitsubishi,Pajero,2015,Another Color,Standard,3.5,Gas,Automatic,98000,60000.0
Kia,Cerato,2014,Red,Semi Full,1.6,Gas,Automatic,223,24000.0
Nissan,Altima,2013,White,Semi Full,2.5,Gas,Automatic,134000,35000.0
GMC,Sierra,2016,Silver,Full,5.3,Gas,Automatic,144000,95000.0
Toyota,Land Cruiser,2020,Grey,Full,4.6,Gas,Automatic,19800,265000.0
Ford,Taurus,2010,Another Color,Semi Full,,Gas,Automatic,380,28000.0
Chevrolet,Caprice,2013,White,Standard,,Gas,Automatic,280000,44000.0
Jaguar,XF,2009,Another Color,Semi Full,6.0,Gas,Automatic,50000,35000.0
Toyota,Land Cruiser Pickup,2016,Bronze,Semi Full,4.0,Gas,Manual,243000,95000.0
Honda,Accord,2005,White,Full,1.4,Gas,Automatic,250000,17000.0
BMW,X,2009,Black,Full,,Gas,Automatic,180000,35000.0
MINI,Copper,2016,Blue,Semi Full,,Gas,Automatic,75000,80000.0
Nissan,Datsun,2015,White,Standard,2.7,Gas,Manual,77000,45000.0
Hyundai,Sonata,2016,Black,Semi Full,2.4,Diesel,Automatic,152000,52000.0
Ford,Taurus,2019,Silver,Standard,2.0,Gas,Automatic,48000,80000.0
Toyota,Land Cruiser Pickup,2006,White,Standard,4.0,Gas,Manual,406000,55000.0
Toyota,Rav4,2011,White,Semi Full,2.4,Gas,Automatic,400000,35000.0
Lexus,LS,2002,White,Full,,Gas,Automatic,500,26000.0
Chrysler,C300,2012,Silver,Full,5.7,Gas,Automatic,143000,51000.0
Kia,Carens,2015,Silver,Semi Full,1.6,Gas,Automatic,37000,33000.0
GMC,Sierra,2015,Silver,Full,4.4,Gas,Automatic,76000,100000.0
Toyota,Prado,2009,Silver,Full,,Gas,Manual,300000,50000.0
Cadillac,CT4,2020,Grey,Semi Full,,Gas,Automatic,5800,155000.0
Nissan,Datsun,1989,White,Standard,,Gas,Manual,249,11000.0
Ford,Taurus,2013,White,Standard,1.0,Gas,Automatic,298,38000.0
Chevrolet,Tahoe,2012,Golden,Semi Full,,Gas,Automatic,327000,45000.0
Hyundai,Accent,2018,Grey,Full,1.4,Gas,Automatic,20000,37000.0
Hyundai,H1,2013,White,Semi Full,,Gas,Automatic,246,31000.0
Ford,Ranger,2011,White,Standard,2.2,Gas,Manual,150000,20000.0
Toyota,Camry,2007,Red,Standard,1.1,Gas,Automatic,100000,22000.0
GMC,Yukon,2014,White,Full,8.0,Gas,Automatic,80000,120000.0
GMC,Terrain,2016,White,Standard,2.4,Gas,Automatic,151000,45000.0
Toyota,Corolla,2011,Grey,Semi Full,,Gas,Manual,490,18000.0
Peugeot,301,2014,Another Color,Standard,,Gas,Automatic,159,12000.0
Mercedes-Benz,S,2017,Grey,Full,6.0,Gas,Automatic,36000,310000.0
Toyota,Corolla,2018,Silver,Standard,1.6,Gas,Automatic,28000,54000.0
Toyota,Furniture,2019,White,Full,4.0,Gas,Automatic,135000,115005.0
Toyota,Rav4,2018,White,Full,2.5,Gas,Automatic,61000,83000.0
Toyota,Rav4,2017,White,Full,2.0,Gas,Automatic,93000,83000.0
Mazda,CX3,2018,White,Standard,3.0,Gas,Automatic,39000,58000.0
Hyundai,Accent,2018,White,Standard,1.4,Gas,Automatic,128000,35000.0
GMC,Yukon,2005,Bronze,Standard,5.3,Gas,Automatic,409000,20000.0
Toyota,Hilux,2020,White,Full,2.7,Gas,Manual,53000,103000.0
Chevrolet,Corvette,2010,Black,Full,,Gas,Automatic,87000,95000.0
Toyota,Corolla,2017,White,Standard,1.6,Gas,Automatic,110,46000.0
Hyundai,Accent,2018,Silver,Standard,1.4,Gas,Automatic,96000,36000.0
Chevrolet,Suburban,1999,Green,Standard,,Gas,Automatic,2500,6500.0
Isuzu,D-MAX,2020,White,Full,,Diesel,Automatic,40000,120500.0
Hyundai,Tucson,2017,Another Color,Semi Full,2.0,Gas,Automatic,152,62000.0
Nissan,Patrol,2020,Grey,Full,,Gas,Automatic,89000,210000.0
Mitsubishi,Pajero,2017,White,Full,3.5,Gas,Automatic,136000,67000.0
GMC,Sierra,2015,Silver,Full,,Gas,Automatic,272,70000.0
Fiat,500,2020,White,Full,1.4,Gas,Automatic,11500,85000.0
Toyota,Yaris,2016,Grey,Standard,,Gas,Manual,134000,23000.0
Chevrolet,Caprice,2013,Silver,Standard,6.0,Gas,Automatic,73000,79000.0
GMC,Sierra,2020,Silver,Semi Full,5.3,Gas,Automatic,18000,152000.0
GMC,Yukon,2012,Black,Full,,Gas,Automatic,270,39000.0
Chevrolet,Suburban,2017,Another Color,Full,5.3,Gas,Automatic,184000,137000.0
Ford,Taurus,2017,Silver,Semi Full,3.5,Gas,Automatic,142311,75000.0
Toyota,Innova,2016,White,Full,2.7,Gas,Automatic,101000,72000.0
Toyota,Rav4,2018,White,Standard,2.5,Gas,Automatic,134000,66000.0
Toyota,Camry,2017,White,Semi Full,2.5,Gas,Automatic,125000,53000.0
Ford,Taurus,2015,White,Semi Full,2.0,Gas,Automatic,285000,52000.0
BMW,The 7,2009,Bronze,Full,4.4,Gas,Automatic,285000,46000.0
Land Rover,Range Rover,2008,White,Full,5.0,Gas,Automatic,329000,32000.0
Nissan,VTC,2000,White,Semi Full,4.8,Gas,Manual,490000,30000.0
Mercedes-Benz,CLS,2007,Grey,Full,6.3,Gas,Automatic,340000,21000.0
Audi,A8,2007,White,Full,3.2,Gas,Automatic,180000,19000.0
Toyota,Prado,2016,White,Semi Full,,Gas,Automatic,201000,107000.0
Toyota,Land Cruiser,2021,White,Full,4.6,Gas,Automatic,8000,295000.0
Toyota,Land Cruiser,2019,White,Full,4.6,Gas,Automatic,38000,255000.0
Lexus,LS,2015,White,Full,4.6,Gas,Automatic,132000,165000.0
GMC,Sierra,2018,Silver,Standard,5.3,Gas,Automatic,152000,124000.0
Chevrolet,Tahoe,2016,Brown,Standard,5.3,Gas,Automatic,223000,110000.0
Mitsubishi,Pajero,2017,White,Full,3.5,Gas,Automatic,111000,68000.0
Honda,Odyssey,2015,White,Standard,3.5,Gas,Automatic,153000,60000.0
Mercedes-Benz,C,2020,White,Full,,Gas,Automatic,10000,190000.0
Toyota,Land Cruiser,1999,Silver,Semi Full,,Gas,Manual,175000,57000.0
Audi,A4,2013,Another Color,Full,2.0,Gas,Automatic,250000,45000.0
Ford,Expedition,2013,White,Standard,5.4,Gas,Automatic,78000,64000.0
Toyota,Camry,2017,White,Full,1.4,Gas,Automatic,13400,65000.0
Audi,A6,2013,Black,Semi Full,3.0,Gas,Automatic,75000,70000.0
Jeep,Cherokee,1998,White,Standard,4.0,Gas,Automatic,270000,16000.0
Chevrolet,Tahoe,2012,Black,Full,,Gas,Automatic,281,65000.0
Lexus,LX,2020,Black,Full,,Gas,Automatic,13000,420000.0
Volvo,FH,2015,White,Full,,Diesel,Manual,300000,245000.0
Toyota,Prado,2019,White,Full,4.0,Gas,Automatic,19054,162500.0
Porsche,Cayenne,2013,White,Full,4.8,Gas,Automatic,219000,100000.0
Hyundai,Accent,2017,White,Standard,1.4,Gas,Automatic,108000,29000.0
Ford,Taurus,2018,White,Standard,2.0,Gas,Automatic,71000,65000.0
Kia,Rio,2019,White,Standard,1.4,Gas,Automatic,51000,31000.0
Hyundai,Accent,2017,White,Standard,1.4,Gas,Automatic,65000,30000.0
Honda,Accord,2010,Silver,Full,,Gas,Automatic,300000,32000.0
Toyota,Ciocca,2014,White,Semi Full,1.6,Gas,Automatic,28000,75000.0
Toyota,Land Cruiser Pickup,2015,Brown,Semi Full,,Gas,Manual,260000,60000.0
Toyota,Land Cruiser,2013,White,Semi Full,,Gas,Automatic,240000,105000.0
Chevrolet,Tahoe,2008,Black,Full,2.9,Gas,Automatic,265000,33000.0
GMC,Yukon,2015,Black,Full,6.2,Gas,Automatic,216000,98000.0
Mercedes-Benz,S,1980,White,Standard,,Gas,Automatic,160000,40000.0
Ford,Victoria,2011,Another Color,Standard,4.6,Gas,Automatic,270,35000.0
Hyundai,Elantra,2018,Silver,Full,2.0,Gas,Automatic,97588,55000.0
Mazda,6,2016,Red,Full,2.5,Gas,Automatic,117000,72000.0
Chevrolet,Tahoe,2017,Black,Semi Full,8.0,Gas,Automatic,220,118000.0
Nissan,Patrol,2020,Grey,Full,1.4,Gas,Automatic,89000,210000.0
Mercedes-Benz,S,2012,Navy,Full,3.3,Gas,Automatic,85000,110000.0
Dodge,Charger,2012,Yellow,Full,6.4,Gas,Automatic,167000,85000.0
Toyota,Furniture,2018,White,Semi Full,2.7,Gas,Automatic,224000,85000.0
Hyundai,Accent,2017,Silver,Semi Full,1.4,Gas,Automatic,174000,24000.0
Chrysler,C300,2019,Black,Full,,Gas,Automatic,45000,145000.0
Mazda,6,2019,Black,Full,2.1,Gas,Automatic,81000,90000.0
Toyota,Land Cruiser,2019,White,Full,,Gas,Automatic,134000,170000.0
Toyota,Camry,2019,Black,Standard,2.5,Hybrid,Automatic,55000,80000.0
BMW,The 7,2016,White,Full,,Gas,Automatic,161,160000.0
Hyundai,Elantra,2014,Grey,Full,2.0,Gas,Automatic,290000,33500.0
Kia,Cores,2005,White,Standard,4.0,Gas,Manual,400,10000.0
Ford,Taurus,2016,Grey,Semi Full,3.5,Gas,Automatic,66000,77000.0
BMW,The 5,2011,Silver,Semi Full,3.0,Gas,Automatic,276000,65000.0
Toyota,Yaris,2016,White,Semi Full,1.5,Gas,Automatic,155000,32000.0
Chevrolet,Caprice,2013,White,Semi Full,6.2,Gas,Automatic,193000,44000.0
Jeep,Wrangler,2019,White,Full,3.6,Gas,Automatic,16000,181000.0
Jeep,Grand Cherokee,2015,Silver,Full,5.7,Gas,Automatic,146000,95000.0
Toyota,Yaris,2017,Grey,Standard,,Gas,Automatic,12500,32000.0
GMC,Terrain,2015,Silver,Semi Full,2.4,Gas,Automatic,125000,38000.0
Changan,CS95,2019,Black,Full,2.0,Gas,Automatic,106000,70000.0
Lexus,ES,2013,Black,Full,1.6,Gas,Automatic,263000,66000.0
Hyundai,Elantra,2017,Silver,Standard,1.6,Diesel,Automatic,86000,47000.0
Toyota,Hilux,2017,White,Semi Full,2.7,Gas,Manual,121000,75000.0
Nissan,Patrol,2017,White,Standard,4.0,Gas,Automatic,198000,114000.0
Toyota,Furniture,2020,Grey,Semi Full,4.0,Gas,Automatic,3000,135000.0
Toyota,Avalon,2019,White,Standard,3.5,Gas,Automatic,43418,115000.0
Ford,Taurus,2015,Grey,Standard,3.6,Gas,Automatic,130243,58000.0
Ford,Echo Sport,2015,White,Standard,1.4,Gas,Automatic,101600,28000.0
Jeep,Cherokee,1992,Red,Standard,,Gas,Manual,300000,16000.0
Hyundai,Sonata,2018,Silver,Standard,2.5,Gas,Automatic,71629,50000.0
Nissan,Datsun,2015,White,Standard,1.9,Gas,Manual,142000,39000.0
Geely,GC7,2015,Silver,Full,1.6,Gas,Automatic,140000,15000.0
Hyundai,Sonata,2019,White,Semi Full,2.4,Gas,Automatic,92000,84000.0
Nissan,Sunny,2018,Brown,Semi Full,1.5,Gas,Automatic,106,23000.0
Ford,Focus,2011,White,Unknown,,Gas,Automatic,181000,10000.0
Toyota,Furniture,2017,White,Semi Full,,Gas,Unknown,70000,75000.0
GMC,Yukon,2011,Bronze,Semi Full,,Gas,Automatic,223,40000.0
Mitsubishi,Pajero,2017,White,Full,3.2,Diesel,Automatic,80000,89500.0
Toyota,Land Cruiser,2012,White,Full,8.0,Gas,Automatic,228000,112000.0
Hyundai,Senta fe,2016,White,Semi Full,,Gas,Automatic,255000,51000.0
Genesis,G330,2017,Silver,Semi Full,3.3,Gas,Automatic,68000,70000.0
Toyota,FJ,2015,Black,Semi Full,,Gas,Automatic,110000,115000.0
Toyota,Yaris,2020,Brown,Semi Full,1.5,Gas,Automatic,13000,37000.0
Toyota,Hilux,2014,White,Full,2.7,Gas,Manual,98000,70000.0
Mercedes-Benz,GL,2015,Black,Full,5.0,Gas,Automatic,32000,183000.0
Mazda,CX9,2015,Black,Full,2.5,Gas,Automatic,234000,57000.0
Toyota,Land Cruiser 70,2019,White,Full,,Gas,Manual,26000,130000.0
Lexus,ES,2020,Another Color,Full,3.5,Gas,Automatic,29000,230000.0
Toyota,Prado,2016,White,Standard,4.0,Gas,Automatic,74000,120000.0
Toyota,Camry,2010,Green,Full,2.4,Gas,Manual,390000,20000.0
Toyota,Prado,2015,Grey,Semi Full,4.0,Gas,Automatic,70000,110000.0
Hyundai,Tucson,2018,Silver,Semi Full,2.0,Gas,Automatic,100000,60000.0
Chevrolet,Tahoe,2019,White,Full,5.3,Gas,Automatic,62000,195000.0
BMW,The M,2020,Black,Full,6.0,Gas,Automatic,13000,385000.0
Ford,Expedition,2016,Black,Semi Full,,Gas,Automatic,160000,85000.0
Land Rover,Range Rover,2007,White,Full,8.9,Gas,Automatic,148,38000.0
Renault,Duster,2019,Orange,Full,1.6,Gas,Automatic,27000,54000.0
Ford,Explorer,2009,White,Semi Full,,Gas,Automatic,430,20000.0
Dodge,Charger,2020,Grey,Standard,3.6,Gas,Automatic,11000,100000.0
Kia,Rio,2014,Grey,Standard,,Gas,Automatic,196,18000.0
Toyota,Camry,2001,White,Full,4.0,Gas,Manual,350000,25000.0
Dodge,Charger,2016,Navy,Full,1.7,Gas,Automatic,140,65000.0
Toyota,Furniture,2015,Silver,Standard,2.7,Gas,Automatic,243000,50000.0
Cadillac,Escalade,2010,Silver,Full,,Gas,Automatic,194000,37000.0
Hyundai,H1,2019,Silver,Standard,2.4,Gas,Automatic,76000,65000.0
Hummer,H3,2008,Red,Full,,Gas,Automatic,340000,21000.0
Toyota,Furniture,2016,Grey,Full,,Gas,Automatic,185000,73000.0
Toyota,Land Cruiser,2014,White,Semi Full,,Gas,Automatic,346000,130000.0
Ford,Expedition,2012,Grey,Standard,3.8,Gas,Automatic,86000,53000.0
Lexus,ES,2018,Black,Full,3.5,Gas,Automatic,91000,130000.0
Kia,Picanto,2017,Red,Standard,1.0,Gas,Automatic,158000,22500.0
Toyota,Prado,2014,Silver,Full,4.0,Gas,Automatic,121000,109000.0
Dodge,Durango,2013,Navy,Standard,3.6,Gas,Automatic,115458,50000.0
Toyota,Hilux,2012,White,Full,2.5,Gas,Manual,335200,50000.0
Mercedes-Benz,C,2015,Grey,Semi Full,,Gas,Automatic,99000,91500.0
Hyundai,Elantra,2013,Brown,Full,,Gas,Automatic,189000,23000.0
Toyota,Innova,2015,White,Full,2.7,Gas,Automatic,14000,43000.0
Dodge,Durango,2013,Red,Semi Full,5.7,Gas,Automatic,487100,35000.0
Toyota,Land Cruiser,2015,Grey,Full,4.6,Gas,Automatic,99000,165000.0
Honda,CRV,2014,Red,Semi Full,2.4,Gas,Automatic,160000,50000.0
Dodge,Charger,2015,Red,Standard,3.6,Gas,Automatic,54300,63000.0
Genesis,G80,2013,Black,Full,,Gas,Automatic,124,55000.0
Toyota,Hilux,2017,White,Semi Full,2.7,Gas,Manual,210000,64000.0
Chevrolet,Caprice Classic,2008,White,Standard,,Gas,Automatic,300000,14500.0
Toyota,Land Cruiser,2016,White,Semi Full,5.7,Gas,Automatic,120000,205000.0
Hyundai,Sonata,2016,White,Semi Full,2.4,Gas,Automatic,305000,45000.0
Hyundai,Sonata,2013,White,Semi Full,2.4,Gas,Automatic,215000,28000.0
Lexus,IS,2005,Silver,Full,,Gas,Automatic,400000,50000.0
GMC,Yukon,2012,Silver,Standard,5.3,Gas,Automatic,235000,67000.0
Toyota,Yaris,2018,Silver,Standard,1.5,Gas,Automatic,76000,37500.0
Ford,Mustang,2004,Silver,Full,4.6,Gas,Manual,172,35000.0
Honda,Accord,2017,White,Semi Full,2.5,Gas,Automatic,95000,78000.0
Chevrolet,Tahoe,2013,Silver,Semi Full,5.7,Gas,Automatic,200000,57000.0
Toyota,Land Cruiser,2003,Silver,Semi Full,4.5,Gas,Automatic,397000,34000.0
Hyundai,Azera,2012,Another Color,Semi Full,3.0,Gas,Automatic,380000,24000.0
Hyundai,Sonata,2012,White,Full,2.5,Gas,Automatic,221000,30000.0
Hyundai,Tucson,2017,Grey,Standard,2.0,Gas,Automatic,120000,65000.0
GMC,Terrain,2017,Grey,Full,,Gas,Automatic,78000,55000.0
Chevrolet,Caprice,2008,White,Semi Full,3.5,Gas,Automatic,255000,25000.0
Toyota,Corolla,2017,Black,Semi Full,1.6,Gas,Automatic,75000,55000.0
Honda,Pilot,2012,White,Unknown,,Gas,Automatic,266700,30000.0
MG,6,2014,Grey,Full,1.8,Gas,Automatic,79000,23000.0
Kia,Cerato,2016,White,Semi Full,1.6,Gas,Automatic,12100,30000.0
Mercedes-Benz,E,2017,Navy,Full,,Gas,Automatic,147,142000.0
Fiat,500,2017,White,Full,1.4,Gas,Automatic,74000,48000.0
Toyota,Camry,2016,White,Standard,,Gas,Automatic,17000,35000.0
Land Rover,Range Rover,2018,Grey,Full,3.8,Gas,Automatic,50000,290000.0
Mercedes-Benz,GLE,2020,Navy,Full,3.0,Gas,Automatic,13000,375000.0
MG,GS,2020,White,Semi Full,2.0,Gas,Automatic,11000,51000.0
Land Rover,Range Rover,2011,White,Full,,Gas,Automatic,196000,55000.0
MG,RX8,2020,Brown,Full,2.0,Gas,Automatic,23000,98000.0
Chevrolet,Trailblazer,2013,Brown,Standard,,Gas,Automatic,220000,28000.0
Hyundai,Sonata,2020,White,Standard,2.0,Gas,Automatic,9000,73000.0
Honda,CRV,2013,White,Full,2.4,Gas,Automatic,167000,45000.0
Daihatsu,Delta,2013,White,Standard,,Gas,Manual,157000,32000.0
Toyota,Land Cruiser 70,2015,Another Color,Semi Full,4.0,Gas,Manual,360538,80000.0
Toyota,Prado,2017,White,Semi Full,4.0,Gas,Automatic,138000,132000.0
Ford,Expedition,2014,Navy,Semi Full,5.4,Gas,Automatic,132000,45000.0
Kia,Optima,2016,Another Color,Full,,Gas,Automatic,161000,68000.0
Toyota,Camry,2017,White,Standard,2.4,Gas,Automatic,97000,68000.0
Toyota,Camry,2017,Grey,Standard,2.4,Gas,Automatic,120000,62000.0
Toyota,Corolla,2018,White,Standard,1.6,Gas,Automatic,54000,55000.0
Nissan,KICKS,2019,Another Color,Full,2.4,Gas,Automatic,87000,55000.0
GMC,Yukon,2011,Black,Standard,5.3,Gas,Automatic,334000,51000.0
Honda,Accord,2017,Golden,Semi Full,2.5,Gas,Automatic,62847,82000.0
Toyota,Furniture,2020,Silver,Full,4.0,Gas,Automatic,20000,130000.0
Ford,Echo Sport,2020,White,Standard,1.5,Gas,Automatic,4434,59000.0
Nissan,Datsun,2013,White,Standard,1.7,Gas,Manual,273778,32000.0
Toyota,Land Cruiser,2020,White,Standard,4.0,Gas,Automatic,560,190000.0
Genesis,Prestige,2015,Black,Full,3.8,Gas,Automatic,180000,47500.0
Toyota,Land Cruiser,2004,White,Standard,,Gas,Manual,425000,35000.0
Land Rover,Defender,2021,Black,Full,3.0,Gas,Automatic,100,450000.0
Infiniti,FX,2009,White,Full,3.5,Gas,Automatic,250000,35000.0
GMC,Yukon,2009,Black,Full,6.2,Gas,Automatic,138000,55000.0
Chevrolet,Tahoe,2012,Silver,Full,,Gas,Automatic,287928,58000.0
Kia,Cadenza,2016,Black,Full,,Diesel,Automatic,100,77000.0
Nissan,Patrol,2016,Brown,Full,,Gas,Automatic,183000,150000.0
Nissan,Patrol,2016,White,Full,5.6,Gas,Automatic,139000,158000.0
GMC,Suburban,2005,Silver,Semi Full,,Gas,Automatic,400000,25000.0
Ford,Marquis,2009,Golden,Semi Full,,Gas,Automatic,300000,17000.0
Toyota,Land Cruiser Pickup,2014,White,Full,,Gas,Manual,99000,85000.0
Hyundai,Sonata,2007,Silver,Full,3.3,Gas,Automatic,196000,16000.0
Nissan,Land Cruiser Pickup,2016,Brown,Full,4.8,Gas,Manual,50000,85000.0
Nissan,Altima,2015,Black,Standard,2.5,Gas,Automatic,167000,32000.0
Lexus,LX,2012,White,Full,5.7,Gas,Automatic,147000,170000.0
Kia,Cadenza,2018,White,Semi Full,3.3,Gas,Automatic,81000,70000.0
Lexus,ES,2015,Black,Full,3.5,Gas,Automatic,158792,78000.0
Dodge,Durango,2012,White,Full,,Gas,Automatic,288000,43000.0
Chevrolet,Silverado,2014,White,Semi Full,,Gas,Automatic,233,75000.0
Toyota,Land Cruiser,2017,White,Full,5.7,Gas,Automatic,120000,225000.0
Ford,Expedition,2012,White,Standard,5.4,Gas,Automatic,182000,42500.0
Toyota,Furniture,2013,White,Standard,2.7,Gas,Automatic,180000,45000.0
Cadillac,Escalade,2015,Black,Full,6.2,Gas,Automatic,88000,160000.0
Toyota,Avalon,2008,White,Standard,,Gas,Automatic,320000,30000.0
Toyota,Camry,2017,Silver,Semi Full,2.0,Gas,Automatic,135000,47000.0
Geely,EC7,2015,Bronze,Standard,1.3,Gas,Manual,160000,14000.0
Ford,Expedition,2014,White,Semi Full,5.3,Gas,Automatic,210000,50000.0
Ford,Taurus,2016,White,Semi Full,,Gas,Automatic,125000,67000.0
Mercedes-Benz,C,2016,Silver,Full,2.0,Gas,Automatic,100500,120000.0
Mercedes-Benz,GL,2012,Black,Full,4.8,Gas,Automatic,106000,71000.0
Toyota,Innova,2018,Grey,Full,2.7,Gas,Automatic,149000,68000.0
Nissan,Sentra,2015,Another Color,Standard,1.5,Gas,Automatic,17100,25000.0
Toyota,Ciocca,2016,White,Full,5.7,Gas,Automatic,150000,135000.0
Toyota,Yaris,2016,White,Standard,1.5,Gas,Automatic,160,26500.0
GMC,Yukon,2010,Black,Standard,,Gas,Automatic,379538,65000.0
Honda,Odyssey,2015,Silver,Semi Full,,Gas,Automatic,100000,57000.0
MG,360,2019,Bronze,Full,1.2,Gas,Automatic,24000,36000.0
Ford,Flex,2014,Silver,Standard,,Gas,Automatic,201000,57000.0
Toyota,Innova,2014,White,Semi Full,,Gas,Automatic,141000,55000.0
Hyundai,Sonata,2019,Another Color,Full,2.4,Gas,Automatic,33000,85000.0
Ford,Taurus,2013,White,Semi Full,,Gas,Automatic,177000,70000.0
Ford,Taurus,2018,White,Standard,2.0,Gas,Automatic,69000,82000.0
Kia,Optima,2018,White,Full,2.4,Gas,Automatic,83000,75000.0
Kia,Optima,2014,White,Full,,Gas,Automatic,113000,51000.0
Nissan,VTC,2016,Bronze,Standard,4.0,Gas,Automatic,112000,106000.0
Toyota,Land Cruiser,2015,White,Semi Full,4.0,Gas,Automatic,212000,145000.0
Toyota,Camry,2017,Black,Standard,2.5,Gas,Automatic,135000,60000.0
Toyota,Camry,2014,White,Standard,2.5,Gas,Automatic,199200,48000.0
Hyundai,Accent,2019,White,Standard,1.4,Gas,Automatic,98000,35000.0
GMC,Yukon,2011,Black,Standard,5.3,Gas,Automatic,156000,47000.0
Nissan,Patrol,2017,White,Full,6.0,Gas,Automatic,12000,128000.0
GMC,Suburban,1990,Black,Semi Full,3.5,Gas,Automatic,140000,5000.0
Ford,Expedition,2014,White,Semi Full,,Gas,Automatic,140000,36000.0
GMC,Suburban,2004,Silver,Semi Full,,Gas,Automatic,135000,18500.0
Dodge,Charger,2018,Grey,Semi Full,5.7,Gas,Automatic,81000,125000.0
Land Rover,Range Rover,2008,Black,Full,,Gas,Automatic,300000,27000.0
Volkswagen,Tiguan,2012,White,Full,2.0,Gas,Automatic,240000,25000.0
Geely,EC8,2015,White,Standard,,Gas,Manual,65000,20000.0
Chrysler,S300,2015,White,Semi Full,3.6,Gas,Automatic,106000,75000.0
Toyota,Hilux,2009,White,Semi Full,,Gas,Manual,426000,32000.0
Kia,Carnival,2009,White,Semi Full,3.8,Gas,Automatic,176000,15000.0
Dodge,Charger,2014,Red,Full,5.7,Gas,Automatic,178,50000.0
Toyota,Corolla,2016,White,Standard,5.8,Gas,Automatic,114,35000.0
Ford,Explorer,2005,Black,Standard,4.0,Gas,Automatic,300000,7000.0
Honda,Accord,2010,Oily,Full,,Gas,Automatic,205,30000.0
Chevrolet,Tahoe,2019,White,Semi Full,,Gas,Automatic,32300,168000.0
Toyota,Land Cruiser,2009,White,Standard,5.0,Gas,Automatic,319,75000.0
Toyota,Rush,2021,White,Semi Full,1.5,Gas,Automatic,10000,55000.0
Toyota,Ciocca,2014,Silver,Semi Full,,Gas,Automatic,500000,58000.0
Ford,Victoria,2011,Blue,Semi Full,4.6,Gas,Automatic,230,28000.0
Isuzu,D-MAX,2019,White,Full,7.5,Diesel,Manual,40000,125000.0
Chevrolet,Aveo,2014,Silver,Standard,,Gas,Automatic,88000,13000.0
Hyundai,Accent,2018,Another Color,Semi Full,1.4,Gas,Automatic,114969,30000.0
Toyota,Avanza,2016,White,Standard,,Gas,Automatic,115,30000.0
Ford,Marquis,2009,White,Full,4.6,Gas,Automatic,338000,18000.0
Toyota,Camry,2017,White,Full,,Gas,Automatic,265,65000.0
Nissan,X-Trail,2017,Grey,Semi Full,2.5,Gas,Automatic,119000,51000.0
Ford,Expedition,2006,Silver,Standard,,Gas,Automatic,155000,20000.0
Kia,Cerato,2017,Black,Standard,1.6,Gas,Automatic,132700,29000.0
Lexus,ES,2013,White,Semi Full,,Gas,Automatic,200000,75000.0
Mercedes-Benz,E,1993,White,Full,3.2,Gas,Automatic,217396,35000.0
Geely,Emgrand,2019,Red,Full,1.8,Gas,Automatic,43000,45000.0
Chrysler,C300,2013,Brown,Full,,Gas,Automatic,210,48000.0
HAVAL,H9,2020,Brown,Full,2.0,Gas,Automatic,18000,100000.0
Nissan,Altima,2016,White,Standard,2.5,Gas,Automatic,111000,48000.0
Toyota,Furniture,2020,White,Semi Full,4.0,Gas,Automatic,55000,123000.0
Toyota,Camry,2017,White,Semi Full,2.5,Gas,Automatic,120500,50000.0
Hyundai,Sonata,2016,White,Full,2.4,Gas,Automatic,140000,56000.0
Hyundai,Elantra,2015,White,Full,2.0,Gas,Automatic,112000,32000.0
Toyota,Camry,2009,White,Standard,1.6,Gas,Automatic,300000,24000.0
Kia,Rio,2019,White,Standard,,Gas,Automatic,65000,35000.0
Dodge,Nitro,2011,White,Semi Full,3.7,Gas,Automatic,346410,15000.0
Chevrolet,Traverse,2012,Golden,Full,3.6,Gas,Automatic,176000,40000.0
Toyota,Land Cruiser,2015,White,Full,4.6,Gas,Automatic,87300,175000.0
Chevrolet,Optra,2006,Red,Standard,1.6,Gas,Automatic,241000,12000.0
Toyota,FJ,2014,White,Semi Full,4.0,Gas,Automatic,237000,85000.0
Hyundai,Accent,2017,White,Standard,1.4,Gas,Automatic,204000,23000.0
Chevrolet,Malibu,2014,Black,Full,3.0,Gas,Automatic,145000,46000.0
Nissan,Sunny,2017,White,Standard,1.5,Gas,Automatic,106475,21500.0
Toyota,Innova,2016,White,Semi Full,,Gas,Automatic,330,46000.0
Chevrolet,Trailblazer,2013,Red,Standard,3.6,Gas,Automatic,106000,38500.0
Hyundai,Accent,2019,White,Standard,1.4,Gas,Automatic,96000,33500.0
BMW,X,2011,Brown,Full,,Gas,Automatic,290,48000.0
Ford,Taurus,2017,White,Semi Full,2.5,Gas,Automatic,116000,75000.0
Toyota,Yaris,2014,Red,Full,1.5,Gas,Automatic,375000,24000.0
Nissan,Datsun,2016,White,Full,2.4,Gas,Manual,188,33000.0
Cadillac,Escalade,2004,White,Full,6.0,Gas,Automatic,300000,30000.0
Toyota,Hilux,2016,White,Semi Full,1.0,Gas,Manual,121,60500.0
Kia,Sedona,2016,Grey,Semi Full,3.2,Gas,Automatic,118000,65000.0
Kia,Optima,2014,White,Full,2.4,Gas,Automatic,215000,40000.0
GMC,Yukon,2007,Black,Standard,,Gas,Automatic,262,30000.0
GMC,Acadia,2008,Golden,Full,3.6,Gas,Automatic,220000,20000.0
Chevrolet,Camaro,2013,White,Full,5.7,Gas,Automatic,243,55000.0
Ford,Marquis,2010,Another Color,Full,,Gas,Automatic,360,29000.0
Chevrolet,Tahoe,2015,Black,Standard,,Gas,Automatic,250000,95000.0
Ford,Focus,2012,Navy,Standard,1.6,Gas,Automatic,181,15000.0
Lexus,ES,2016,White,Full,1.5,Gas,Automatic,100000,128000.0
Ford,Fusion,2015,Grey,Semi Full,2.4,Gas,Automatic,178000,30000.0
Toyota,Hilux,2019,White,Full,2.7,Gas,Automatic,32595,105000.0
HAVAL,H6,2020,Black,Full,2.0,Gas,Automatic,16000,79000.0
Lexus,ES,2020,White,Full,,Gas,Automatic,33000,210000.0
Toyota,Land Cruiser,2019,White,Full,,Diesel,Automatic,110000,250000.0
MG,RX5,2020,Red,Full,2.0,Gas,Automatic,4500,65000.0
Chevrolet,Malibu,2018,White,Standard,2.0,Gas,Automatic,135000,46500.0
Hyundai,Sonata,2011,Black,Semi Full,,Gas,Automatic,29000,23000.0
Volkswagen,Tiguan,2012,Navy,Unknown,,Gas,Unknown,170000,21000.0
Toyota,Ciocca,2015,White,Full,8.0,Gas,Automatic,285000,155000.0
Ford,Expedition,2012,Black,Full,4.8,Gas,Manual,304,38000.0
Toyota,Camry,1995,White,Full,,Gas,Manual,300,12000.0
Porsche,Cayenne,2013,Black,Full,9.0,Gas,Automatic,148000,115000.0
Hyundai,Azera,2015,Black,Semi Full,3.0,Gas,Automatic,222306,38000.0
Ford,Mustang,2010,Red,Semi Full,4.0,Gas,Manual,169000,50000.0
Hyundai,Tucson,2018,Bronze,Semi Full,1.6,Gas,Automatic,27900,72000.0
Nissan,Sunny,2019,White,Standard,1.5,Gas,Automatic,77000,28500.0
Hyundai,Accent,2019,White,Standard,1.6,Gas,Automatic,76600,40000.0
Ford,Fusion,2014,Blue,Standard,1.6,Gas,Automatic,167000,35000.0
Honda,Civic,2016,Red,Full,2.0,Gas,Automatic,68800,55000.0
Lexus,LX,2007,Another Color,Full,8.0,Gas,Automatic,590,50000.0
Mercedes-Benz,GL,2013,White,Full,5.0,Gas,Automatic,147000,160000.0
Kia,Carnival,2016,Another Color,Semi Full,,Gas,Automatic,180,38000.0
Kia,Sorento,2010,Black,Semi Full,3.3,Gas,Automatic,213000,22000.0
Ford,Taurus,2017,Blue,Semi Full,4.0,Gas,Automatic,89000,75000.0
Toyota,Camry,2016,White,Standard,2.5,Gas,Automatic,117000,60000.0
Nissan,Sunny,2016,White,Standard,1.5,Gas,Automatic,158000,23000.0
Hyundai,Senta fe,2015,White,Full,3.3,Gas,Automatic,337946,45000.0
Mitsubishi,L200,2015,White,Standard,,Gas,Manual,103000,30000.0
Hyundai,Elantra,2021,White,Full,2.0,Gas,Automatic,3000,90000.0
Toyota,Hilux,2009,White,Full,,Gas,Manual,400,32000.0
Honda,City,2016,Brown,Full,4.0,Gas,Automatic,51000,43000.0
Hyundai,Accent,2019,Grey,Standard,1.4,Gas,Automatic,107000,35000.0
Chevrolet,Tahoe,2011,Red,Semi Full,5.3,Gas,Automatic,188000,53000.0
HAVAL,H6,2020,Grey,Full,2.0,Gas,Automatic,16000,72000.0
Honda,Accord,2007,White,Full,3.0,Gas,Automatic,470000,15000.0
Mercedes-Benz,S,2014,Black,Full,,Gas,Automatic,49000,250000.0
GMC,Sierra,2017,Red,Full,5.3,Gas,Automatic,160000,100000.0
GMC,Envoy,2003,Black,Full,,Gas,Automatic,100000,6000.0
Hyundai,Elantra,2006,White,Full,,Gas,Automatic,10000,7000.0
Toyota,Camry,2001,White,Semi Full,9.0,Gas,Automatic,150000,15000.0
Chevrolet,Tahoe,2017,Black,Full,,Gas,Automatic,83000,135000.0
Toyota,Camry,2001,Another Color,Semi Full,,Gas,Manual,490,19000.0
Nissan,Navara,2015,White,Standard,,Gas,Manual,119000,37000.0
Ford,Expedition,2014,Black,Standard,,Gas,Automatic,151000,70000.0
Ford,Expedition,2014,Grey,Standard,5.7,Gas,Automatic,190700,59000.0
GMC,Sierra,2015,Black,Full,5.3,Gas,Automatic,86500,98000.0
Ford,Expedition,2014,Silver,Semi Full,5.4,Gas,Automatic,180000,70000.0
Toyota,Land Cruiser 70,2003,Brown,Standard,1.6,Gas,Manual,230000,69000.0
Ford,Expedition,2012,Black,Standard,5.4,Gas,Automatic,195000,45000.0
Chrysler,SRT,2015,Black,Full,6.4,Gas,Automatic,200,115000.0
Nissan,Pathfinder,2014,Black,Semi Full,,Gas,Automatic,119000,40000.0
Dodge,Charger,2012,Grey,Standard,3.6,Gas,Automatic,243000,30000.0
Ford,Expedition,2014,Another Color,Full,4.0,Gas,Automatic,116000,50000.0
Kia,Rio,2013,Navy,Standard,1.6,Gas,Automatic,300000,19000.0
Toyota,Furniture,2012,White,Full,,Gas,Automatic,213,58000.0
Kia,Rio,2019,White,Standard,,Gas,Automatic,100,32500.0
Ford,Expedition,2015,White,Semi Full,,Gas,Automatic,115000,75000.0
Chevrolet,Malibu,2013,Silver,Semi Full,2.5,Gas,Automatic,260,22500.0
Toyota,Prado,2017,Silver,Full,,Gas,Automatic,140000,125000.0
Volkswagen,Passat,2015,Black,Semi Full,2.5,Gas,Automatic,143000,36000.0
MG,HS,2020,White,Full,2.0,Gas,Automatic,12000,80000.0
Hyundai,Sonata,2016,Black,Semi Full,1.6,Diesel,Automatic,180000,55000.0
Suzuki,D'max,2001,White,Full,1.0,Diesel,Manual,1000,7000.0
Cadillac,CT-S,2019,White,Semi Full,2.0,Gas,Automatic,43000,135000.0
Ford,F150,2011,White,Standard,,Gas,Automatic,133000,33000.0
Toyota,Cressida,1994,White,Standard,4.0,Gas,Manual,277000,11000.0
Hyundai,Sonata,2015,Grey,Full,2.4,Gas,Automatic,173000,43000.0
Hyundai,Azera,2008,Black,Semi Full,2.7,Gas,Automatic,407767,17000.0
Toyota,Hilux,2020,White,Full,2.4,Gas,Manual,34000,120000.0
Toyota,Corolla,2018,White,Standard,1.6,Gas,Automatic,212000,46000.0
Toyota,Camry,2012,Bronze,Full,2.5,Gas,Automatic,265000,32000.0
Nissan,Armada,2010,Silver,Full,,Gas,Automatic,133809,60000.0
Toyota,Land Cruiser,2007,White,Standard,1.2,Gas,Automatic,300000,30000.0
Toyota,Land Cruiser,2015,White,Full,4.0,Gas,Manual,136000,140000.0
GMC,Yukon,2009,Bronze,Standard,4.8,Gas,Automatic,350000,38000.0
Nissan,Altima,2015,White,Semi Full,,Gas,Automatic,94000,37000.0
Ford,Edge,2013,Silver,Standard,,Gas,Automatic,208000,39000.0
Mazda,CX3,2020,Grey,Semi Full,,Gas,Automatic,5000,55000.0
Mitsubishi,ASX,2020,White,Unknown,,Gas,Automatic,22000,67000.0
BMW,The 7,2019,Black,Full,2.5,Gas,Automatic,41000,235000.0
Toyota,Ciocca,2010,Grey,Semi Full,5.7,Gas,Automatic,270000,65000.0
Chevrolet,Tahoe,2008,Black,Full,,Gas,Automatic,280000,50000.0
Cadillac,Eldorado,1968,Golden,Full,,Gas,Automatic,91000,130000.0
Kia,Cerato,2015,Another Color,Semi Full,1.6,Gas,Automatic,190000,33000.0
Kia,Pegas,2020,White,Standard,1.4,Gas,Automatic,5300,37500.0
Mercedes-Benz,S,2013,Black,Full,,Gas,Automatic,121000,118000.0
Toyota,Cressida,1993,White,Standard,2.2,Gas,Manual,49500,9500.0
Ford,F150,2014,Silver,Standard,8.0,Gas,Automatic,147000,80000.0
Chevrolet,Tahoe,2015,White,Semi Full,,Gas,Automatic,222000,110000.0
Toyota,Camry,2019,White,Standard,2.5,Gas,Automatic,48000,85000.0
Lexus,GS,2015,White,Semi Full,,Gas,Automatic,224,88000.0
Ford,Expedition,2013,Black,Standard,1.4,Gas,Automatic,190000,47000.0
Toyota,Hilux,2017,White,Full,,Gas,Automatic,102000,90000.0
Nissan,Patrol,2017,Grey,Full,,Gas,Automatic,115000,117000.0
Toyota,Land Cruiser 70,2006,Bronze,Standard,4.5,Gas,Manual,239,70000.0
Toyota,FJ,2016,White,Full,4.9,Gas,Automatic,115,110000.0
Mazda,CX5,2019,Navy,Full,2.5,Gas,Automatic,33000,102000.0
Nissan,Sunny,2011,White,Standard,1.6,Gas,Manual,311000,10000.0
Chevrolet,Suburban,2002,Bronze,Standard,5.3,Gas,Automatic,333,13000.0
BMW,The 7,2017,White,Full,1.4,Gas,Automatic,90000,165000.0
Toyota,Camry,2016,Navy,Full,2.6,Gas,Automatic,183000,70000.0
Mercedes-Benz,S,2007,Grey,Full,,Gas,Automatic,270000,45000.0
Toyota,Corolla,2003,Silver,Full,1.0,Gas,Automatic,50000,15000.0
Toyota,Prado,2014,White,Full,2.7,Gas,Automatic,157,80000.0
Hyundai,Elantra,2019,Grey,Semi Full,2.0,Gas,Automatic,35000,63500.0
Toyota,Land Cruiser 70,1978,Another Color,Standard,,Gas,Manual,400000,18000.0
Chevrolet,Tahoe,2018,Black,Standard,5.3,Gas,Automatic,39000,147000.0
Ford,Victoria,2011,Navy,Semi Full,,Gas,Automatic,312338,25000.0
Hyundai,Elantra,2018,White,Full,2.0,Gas,Automatic,116,42000.0
Toyota,FJ,2012,Black,Full,,Gas,Automatic,310,70000.0
Ford,Taurus,2015,Grey,Full,,Gas,Automatic,180000,60000.0
GAC,GS3,2021,Red,Full,1.3,Gas,Automatic,22600,50000.0
GMC,Yukon,2012,Brown,Semi Full,5.7,Gas,Automatic,317800,52000.0
Toyota,Land Cruiser,2008,Another Color,Full,8.0,Gas,Automatic,295000,65000.0
Chevrolet,Malibu,2015,Red,Semi Full,2.5,Gas,Automatic,218000,20000.0
Honda,Crosstour,2010,Silver,Full,3.5,Gas,Automatic,135000,43000.0
Toyota,Yaris,2017,Brown,Standard,1.3,Gas,Automatic,201000,35000.0
Toyota,Land Cruiser,2017,White,Full,5.7,Gas,Automatic,50000,245000.0
Fiat,500,2017,White,Full,1.6,Gas,Automatic,112000,45000.0
Hyundai,Sonata,2018,White,Standard,2.4,Gas,Automatic,69000,55000.0
Hyundai,Sonata,2011,Silver,Semi Full,2.4,Gas,Automatic,186000,25000.0
Toyota,Corolla,2019,Red,Standard,1.6,Gas,Automatic,39000,52000.0
Toyota,Camry,2016,White,Full,2.5,Gas,Automatic,155000,52000.0
Jeep,Wrangler,2015,Blue,Full,3.6,Gas,Automatic,200,85000.0
Toyota,Land Cruiser,2012,White,Full,4.6,Gas,Automatic,250000,85000.0
Chevrolet,Tahoe,2013,Brown,Full,,Gas,Automatic,206,77000.0
Mercedes-Benz,ML,2002,Oily,Semi Full,3.2,Gas,Automatic,297846,17000.0
Genesis,Prestige,2013,White,Semi Full,3.8,Gas,Automatic,185000,40000.0
Chrysler,C300,2013,Blue,Full,5.7,Gas,Automatic,340000,40000.0
Toyota,Land Cruiser,2003,Navy,Full,,Gas,Manual,395735,55000.0
Lincoln,Navigator,2011,Black,Full,5.4,Gas,Automatic,200000,60000.0
Ford,Expedition,2003,Another Color,Semi Full,,Gas,Automatic,400000,5000.0
Kia,Cerato,2013,Black,Standard,,Gas,Automatic,147,18000.0
Hyundai,Palisade,2020,White,Semi Full,,Diesel,Automatic,9000,145000.0
Nissan,Navara,2013,White,Semi Full,2.7,Gas,Automatic,189,35000.0
Hyundai,Sonata,2016,Brown,Semi Full,2.4,Gas,Automatic,210000,35000.0
Hyundai,Accent,2018,White,Standard,1.4,Gas,Automatic,105500,32000.0
Toyota,Land Cruiser 70,2006,Another Color,Semi Full,2.7,Gas,Manual,250,33000.0
Ford,Flex,2013,Red,Standard,,Gas,Automatic,204000,32000.0
Nissan,Sunny,2010,White,Semi Full,1.3,Gas,Automatic,294000,9000.0
Mercedes-Benz,SEL,1991,Black,Full,,Gas,Automatic,277,28000.0
Mercedes-Benz,C,2020,White,Full,2.0,Gas,Automatic,50000,150000.0
Mercedes-Benz,S,2012,Grey,Full,4.7,Gas,Automatic,188000,80000.0
Mercedes-Benz,S,2007,Bronze,Semi Full,,Gas,Automatic,200000,75000.0
Hyundai,Senta fe,2014,Black,Full,3.3,Gas,Automatic,150,50000.0
Toyota,Hiace,2016,White,Standard,2.7,Gas,Manual,218000,69500.0
Toyota,Hilux,2015,White,Semi Full,2.7,Gas,Manual,328000,65000.0
Nissan,Patrol,2009,White,Semi Full,1.6,Gas,Manual,150,70000.0
Ford,Marquis,2001,Silver,Standard,,Gas,Automatic,293,10000.0
Mitsubishi,Pajero,2015,White,Standard,3.5,Gas,Automatic,103900,50000.0
Toyota,Avalon,2008,White,Full,3.6,Gas,Automatic,201,30000.0
Nissan,Datsun,2014,White,Full,2.0,Gas,Manual,240000,30000.0
Suzuki,Celerio,2011,Another Color,Semi Full,,Gas,Manual,59000,15000.0
Ford,Edge,2014,White,Semi Full,3.8,Gas,Automatic,140000,50000.0
Nissan,Datsun,2008,White,Standard,,Gas,Manual,180,30000.0
Kia,Rio,2016,Red,Standard,1.6,Gas,Automatic,80000,25000.0
Ford,Expedition,2014,Black,Semi Full,,Gas,Automatic,184000,52000.0
Kia,Cadenza,2016,White,Standard,3.5,Gas,Automatic,130000,56000.0
Toyota,Yaris,2011,Green,Standard,1.3,Gas,Automatic,300500,14000.0
Toyota,Prado,2018,White,Semi Full,4.0,Gas,Automatic,125000,128000.0
Nissan,Sunny,2009,Golden,Standard,1.0,Gas,Automatic,377000,11000.0
Kia,Cerato,2015,Navy,Full,2.0,Gas,Automatic,104000,28000.0
Mercedes-Benz,S,2017,White,Full,,Gas,Automatic,53000,290000.0
Nissan,Armada,2009,White,Full,3.2,Gas,Automatic,275475,25000.0
Mercedes-Benz,S,2013,Brown,Full,8.0,Gas,Automatic,160000,110000.0
Hyundai,H1,2018,White,Semi Full,2.4,Gas,Automatic,100,70000.0
Toyota,Prado,1999,Oily,Full,2.8,Gas,Manual,230,18000.0
Ford,Mustang,2010,Grey,Full,4.6,Gas,Manual,170,42000.0
Hyundai,H1,2015,White,Standard,4.0,Gas,Automatic,400000,43000.0
Toyota,Ciocca,2009,Bronze,Full,,Gas,Automatic,200000,48000.0
MG,5,2020,White,Standard,1.5,Gas,Automatic,3500,41000.0
Toyota,Camry,2016,Grey,Standard,,Gas,Automatic,161000,55000.0
Cadillac,Escalade,2007,Golden,Full,6.2,Gas,Automatic,273000,39000.0
Toyota,Land Cruiser,2014,White,Full,4.6,Gas,Automatic,325000,126000.0
Hyundai,Accent,2005,White,Standard,1.5,Gas,Manual,294602,5000.0
Ashok Leyland,Leyland,2009,White,Standard,,Diesel,Manual,55000,40000.0
Ashok Leyland,Leyland,2010,White,Standard,,Diesel,Manual,11000,48000.0
Toyota,Coaster,2012,White,Standard,,Gas,Manual,237000,45000.0
Honda,Civic,2020,Silver,Semi Full,1.6,Gas,Automatic,25000,68000.0
Fiat,500,2020,Navy,Full,1.4,Gas,Automatic,7000,75000.0
Toyota,Land Cruiser Pickup,2013,Another Color,Semi Full,4.0,Gas,Manual,105154,85000.0
Mercedes-Benz,SEL,1991,Navy,Full,5.6,Gas,Automatic,17000,100000.0
Chevrolet,Tahoe,2010,White,Standard,5.7,Gas,Automatic,177,45000.0
Lexus,LS,2011,White,Full,,Gas,Automatic,220,90000.0
Hyundai,Sonata,2017,White,Semi Full,2.4,Gas,Automatic,155000,35000.0
Audi,Q7,2007,White,Full,,Gas,Automatic,199,26000.0
Ford,Victoria,1996,Silver,Standard,,Gas,Automatic,325,10000.0
Toyota,Avalon,2020,White,Semi Full,,Gas,Automatic,9800,139000.0
Ford,Marquis,2007,Golden,Full,8.1,Gas,Automatic,400000,20500.0
Land Rover,Range Rover,2013,White,Semi Full,8.7,Gas,Automatic,177,88000.0
Honda,Accord,2016,Golden,Full,2.5,Gas,Automatic,66000,89000.0
Honda,Accord,2018,White,Semi Full,1.5,Gas,Automatic,140000,85000.0
Toyota,Land Cruiser,1995,Silver,Unknown,,Gas,Manual,300000,20000.0
Ford,Taurus,2016,Black,Semi Full,3.5,Gas,Automatic,155000,59000.0
MINI,Countryman,2017,Grey,Full,1.4,Gas,Manual,100000,69000.0
Mazda,6,2016,White,Semi Full,,Gas,Automatic,100000,57000.0
Land Rover,Range Rover,2009,Blue,Full,,Gas,Automatic,214000,85000.0
Kia,Opirus,2009,White,Semi Full,6.0,Gas,Automatic,216000,16000.0
Toyota,Camry,2017,White,Semi Full,,Gas,Automatic,151233,56000.0
GMC,Suburban,1994,Grey,Semi Full,,Gas,Automatic,90531,9500.0
Toyota,Camry,2014,Black,Semi Full,9.0,Gas,Automatic,106000,36000.0
Toyota,Camry,2017,Silver,Standard,,Gas,Automatic,300000,45000.0
Toyota,Camry,2007,White,Full,,Gas,Automatic,420000,25000.0
Honda,Accord,2016,Golden,Standard,2.4,Gas,Automatic,130000,61000.0
Hyundai,Sonata,2016,Silver,Semi Full,2.4,Gas,Automatic,260,40000.0
Hyundai,Creta,2018,Red,Full,1.6,Gas,Automatic,11800,56000.0
Volvo,XC90,2018,Black,Full,,Hybrid,Automatic,26000,210000.0
Mitsubishi,Pajero,2016,White,Standard,3.5,Gas,Automatic,137000,55000.0
Chevrolet,Caprice,2006,Grey,Standard,3.6,Gas,Automatic,380000,5000.0
GMC,Suburban,2006,Silver,Standard,6.0,Gas,Automatic,266,30000.0
Lexus,LX,2014,Golden,Full,,Gas,Automatic,73000,220000.0
Hyundai,Accent,2020,Another Color,Standard,1.5,Gas,Automatic,12000,42000.0
Ford,Marquis,2003,Grey,Full,1.0,Gas,Automatic,300,9000.0
Toyota,Prado,2012,White,Full,4.0,Gas,Manual,199000,73000.0
Chevrolet,Suburban,1994,Green,Semi Full,,Gas,Automatic,230000,11000.0
Ford,Ranger,2015,Black,Full,3.2,Diesel,Manual,145000,65000.0
Toyota,Land Cruiser,1990,White,Full,3.0,Gas,Manual,333892,30000.0
Isuzu,D-MAX,2016,White,Standard,2.5,Diesel,Manual,147,55000.0
Nissan,Patrol,2014,Another Color,Semi Full,5.6,Gas,Automatic,190000,105000.0
Nissan,Pathfinder,2005,Silver,Semi Full,3.5,Gas,Manual,302000,19000.0
Lexus,LX,2012,White,Full,5.7,Gas,Automatic,201000,152000.0
Lexus,ES,2007,Grey,Full,3.5,Gas,Automatic,196000,25000.0
Chevrolet,Malibu,2017,Black,Full,2.0,Gas,Automatic,62000,69000.0
Toyota,Prado,2016,White,Full,4.0,Gas,Automatic,143000,120000.0
Toyota,Furniture,2016,White,Full,4.0,Gas,Automatic,235000,85000.0
Toyota,Aurion,2015,Red,Full,,Gas,Automatic,240000,55000.0
Cadillac,CT6,2018,Black,Full,,Gas,Automatic,27000,150000.0
Toyota,Furniture,2014,White,Full,,Gas,Automatic,169,60000.0
Skoda,Superb,2008,Blue,Semi Full,1.8,Gas,Automatic,200000,15000.0
Audi,A3,2020,Red,Semi Full,,Gas,Automatic,6000,105000.0
Lincoln,MKZ,2016,White,Semi Full,2.0,Gas,Automatic,112000,70000.0
Hyundai,Accent,2017,Brown,Standard,,Gas,Automatic,62000,27000.0
Nissan,Patrol,2016,Grey,Semi Full,,Gas,Automatic,205,120000.0
Toyota,Avalon,2014,White,Standard,3.5,Gas,Automatic,155000,70000.0
Hyundai,Elantra,2019,Grey,Full,2.0,Gas,Automatic,39000,65000.0
Ford,Expedition,2013,White,Semi Full,,Gas,Automatic,250000,50000.0
Mazda,3,2016,Silver,Semi Full,,Gas,Automatic,130000,48000.0
Hyundai,Tucson,2020,Brown,Semi Full,2.0,Gas,Automatic,44000,64000.0
Nissan,Datsun,1998,White,Full,2.4,Gas,Manual,400000,18000.0
Mercedes-Benz,S,2000,Black,Semi Full,,Gas,Automatic,100,15000.0
Ford,Expedition,2012,Black,Semi Full,,Gas,Automatic,161925,40000.0
Toyota,Land Cruiser,2011,Golden,Full,4.5,Gas,Automatic,193000,110000.0
Hyundai,Senta fe,2012,White,Semi Full,2.4,Gas,Automatic,126000,42000.0
Chevrolet,Suburban,2011,Black,Standard,5.3,Gas,Automatic,203000,52000.0
Toyota,Hilux,2019,White,Full,2.7,Gas,Manual,28000,72500.0
Hyundai,Elantra,2018,Grey,Semi Full,1.7,Gas,Automatic,680,40000.0
Toyota,Land Cruiser,2002,Silver,Standard,1.1,Gas,Manual,325605,30000.0
Lincoln,The LS,2002,Navy,Full,,Gas,Automatic,71000,28000.0
Mercedes-Benz,E,2019,White,Full,4.0,Gas,Automatic,80000,190000.0
Toyota,Hilux,1997,White,Standard,,Gas,Manual,30000,13000.0
Ford,Expedition,2012,Grey,Semi Full,3.6,Gas,Automatic,170000,45000.0
Nissan,Patrol,2004,White,Semi Full,4.8,Gas,Manual,350000,25000.0
Hyundai,Accent,2018,White,Standard,1.4,Gas,Automatic,95000,28000.0
Nissan,Sentra,2018,Silver,Standard,1.6,Gas,Automatic,64000,36500.0
Kia,Rio,2016,White,Standard,1.4,Gas,Automatic,180000,28000.0
GMC,Sierra,2017,Navy,Full,5.3,Gas,Automatic,94000,117000.0
BMW,X,2014,White,Full,5.0,Gas,Automatic,138000,105000.0
Toyota,Innova,2016,Navy,Standard,2.7,Gas,Manual,141000,56000.0
Infiniti,Q,2015,Blue,Semi Full,2.0,Gas,Automatic,74000,69500.0
Toyota,FJ,2012,White,Full,,Gas,Automatic,348,65000.0
Jeep,Grand Cherokee,2017,Silver,Full,,Gas,Automatic,13300,3100.0
Toyota,Camry,2014,White,Standard,2.2,Gas,Automatic,80250,55000.0
Toyota,Corolla,2012,White,Semi Full,1.6,Gas,Manual,185000,20000.0
GMC,Suburban,1994,Blue,Semi Full,5.7,Gas,Automatic,357624,15000.0
Toyota,Corolla,2020,Grey,Full,1.6,Gas,Automatic,58000,65000.0
Lexus,LX,2020,White,Full,,Gas,Automatic,10000,425000.0
Lexus,RC,2015,Another Color,Full,6.0,Gas,Automatic,186000,123000.0
GMC,Sierra,2017,Silver,Full,,Gas,Automatic,166,105000.0
Toyota,Camry,2016,White,Full,,Gas,Automatic,155,58000.0
Mitsubishi,L200,2020,White,Standard,2.5,Diesel,Manual,197,71000.0
Chevrolet,Tahoe,2016,Brown,Semi Full,,Gas,Automatic,91000,95000.0
Mitsubishi,Outlander,2015,White,Standard,2.4,Gas,Automatic,230000,30000.0
Chevrolet,Silverado,2010,White,Standard,,Gas,Automatic,143000,32000.0
Mazda,6,2017,Red,Semi Full,2.5,Gas,Automatic,90000,52000.0
Changan,Seven,2020,Silver,Standard,1.4,Gas,Automatic,46000,25000.0
Ford,Explorer,2016,Black,Semi Full,2.3,Gas,Automatic,290000,79000.0
Nissan,Patrol,2013,Golden,Semi Full,5.6,Gas,Automatic,328000,90000.0
Chevrolet,Blazer,2005,Grey,Full,,Gas,Automatic,150000,14000.0
BMW,The 3,2014,Golden,Full,2.0,Gas,Automatic,84000,60000.0
Toyota,Hilux,2012,White,Standard,2.7,Gas,Manual,171000,47500.0
GMC,Envoy,2007,Black,Unknown,,Gas,Unknown,280000,13500.0
Peugeot,3008,2012,Silver,Full,1.6,Gas,Automatic,175000,20000.0
Mitsubishi,Pajero,2016,White,Semi Full,3.5,Gas,Automatic,209000,50000.0
Audi,A4,2009,White,Full,1.8,Gas,Automatic,223000,27000.0
Mitsubishi,Pajero,2016,White,Full,3.5,Gas,Automatic,190000,55000.0
Toyota,Prado,2021,White,Semi Full,2.7,Gas,Automatic,4600,150000.0
Toyota,Land Cruiser,2013,White,Full,5.7,Gas,Automatic,257000,150000.0
Chevrolet,Malibu,2013,Red,Semi Full,2.4,Gas,Automatic,233000,20000.0
GMC,Yukon,2001,Another Color,Full,,Gas,Automatic,28000,15000.0
Toyota,Land Cruiser,2019,White,Full,4.6,Gas,Automatic,177900,220000.0
Hyundai,Sonata,2013,Silver,Semi Full,2.4,Gas,Automatic,348,22000.0
Hyundai,Sonata,2016,White,Standard,2.4,Gas,Automatic,191000,45000.0
Toyota,Yaris,2016,Grey,Semi Full,1.3,Gas,Automatic,120000,20000.0
Chevrolet,Tahoe,2008,Black,Full,,Gas,Automatic,250000,32000.0
Toyota,Furniture,2016,Grey,Semi Full,2.7,Gas,Automatic,211000,69000.0
GMC,Yukon,2011,Another Color,Full,,Gas,Automatic,350000,55000.0
Toyota,Avalon,2015,White,Standard,3.5,Gas,Automatic,120000,66500.0
Nissan,Sunny,2017,White,Standard,1.5,Gas,Automatic,109763,21500.0
Renault,Dokker,2019,White,Standard,1.6,Gas,Manual,78000,28000.0
Hyundai,Sonata,2019,Brown,Standard,2.4,Gas,Automatic,63000,60000.0
Hyundai,Accent,2018,White,Standard,1.4,Gas,Automatic,90000,27000.0
Kia,Rio,2017,White,Standard,1.4,Gas,Automatic,131000,25500.0
Hyundai,Accent,2017,White,Standard,1.4,Gas,Automatic,133000,25000.0
Hyundai,Accent,2018,White,Standard,1.4,Gas,Automatic,68000,27000.0
Nissan,Altima,2017,White,Standard,2.5,Gas,Automatic,90000,39000.0
Chevrolet,Caprice,2007,Grey,Semi Full,3.6,Gas,Automatic,263000,17000.0
Toyota,Furniture,2015,White,Semi Full,2.7,Gas,Automatic,300,52000.0
Toyota,Land Cruiser 70,2015,White,Full,2.6,Gas,Manual,180000,80000.0
Nissan,Datsun,2015,White,Full,1.1,Gas,Manual,215267,31000.0
Nissan,Datsun,2015,White,Full,2.4,Gas,Manual,261000,35000.0
Hyundai,Veracruz,2008,Silver,Standard,1.0,Gas,Automatic,135000,17000.0
Chevrolet,Tahoe,2016,Another Color,Standard,,Gas,Automatic,217000,87000.0
Chevrolet,Tahoe,2015,Golden,Standard,5.3,Gas,Automatic,150000,100000.0
Chevrolet,Traverse,2009,Navy,Semi Full,3.6,Gas,Automatic,325,18000.0
Toyota,Corolla,2013,White,Standard,2.0,Gas,Automatic,183000,30000.0
Ford,Taurus,2015,Another Color,Semi Full,,Gas,Automatic,262000,55000.0
Toyota,Corolla,2020,Silver,Semi Full,1.6,Gas,Automatic,11000,63000.0
Toyota,Avanza,2016,White,Semi Full,1.5,Gas,Automatic,130000,35000.0
Hyundai,Elantra,2018,White,Standard,2.0,Gas,Automatic,170000,43000.0
Lexus,RX,2017,Black,Full,3.5,Gas,Automatic,117000,180000.0
Isuzu,D-MAX,2013,White,Standard,,Diesel,Manual,137000,55000.0
Genesis,G80,2017,Grey,Semi Full,3.8,Gas,Automatic,240000,80000.0
Toyota,Camry,2014,White,Standard,,Gas,Automatic,166400,35500.0
Ford,Victoria,2011,Blue,Semi Full,4.6,Gas,Automatic,150000,38000.0
Hyundai,i10,2013,White,Semi Full,,Gas,Automatic,200000,10000.0
BMW,The M,2015,Black,Full,3.0,Gas,Automatic,20000,220000.0
Mercedes-Benz,C,2018,Silver,Full,2.1,Gas,Automatic,10000,200000.0
Mercedes-Benz,S,2015,Another Color,Semi Full,4.0,Gas,Automatic,157000,215000.0
Jeep,Grand Cherokee,2013,Black,Full,6.4,Gas,Automatic,136000,85000.0
Mercedes-Benz,S,2015,Black,Full,1.6,Gas,Automatic,90000,225000.0
Ford,Taurus,2016,White,Full,,Gas,Automatic,200000,57000.0
Toyota,Camry,2016,White,Full,2.5,Gas,Automatic,300000,50000.0
HAVAL,H6,2021,Another Color,Full,2.0,Gas,Automatic,1100,83000.0
Toyota,Corolla,2017,Brown,Standard,1.6,Gas,Automatic,157000,47500.0
Lexus,ES,2011,Another Color,Full,,Gas,Automatic,282000,53000.0
GAC,GS8,2020,White,Full,2.0,Gas,Automatic,4900,87000.0
Chevrolet,Tahoe,2013,Brown,Semi Full,,Gas,Automatic,200000,55000.0
GMC,Sierra,2015,Black,Full,5.3,Gas,Automatic,196,75000.0
Toyota,Yaris,2017,White,Semi Full,,Gas,Automatic,179,35000.0
Toyota,Land Cruiser Pickup,1983,Bronze,Standard,1.5,Gas,Manual,2580,15000.0
Toyota,Land Cruiser,2019,White,Full,5.7,Gas,Automatic,12400,265000.0
Kia,Cadenza,2018,Brown,Semi Full,3.3,Gas,Automatic,69000,71000.0
Hyundai,Azera,2021,White,Standard,3.5,Gas,Automatic,11000,120000.0
Ford,Expedition,2003,Oily,Full,,Gas,Automatic,364800,11000.0
Nissan,Sentra,2014,Grey,Standard,1.4,Gas,Automatic,191000,22000.0
Mitsubishi,L200,2012,White,Semi Full,4.2,Gas,Manual,20000,20000.0
Jeep,Grand Cherokee,2015,White,Full,5.7,Gas,Automatic,138000,85000.0
Ford,Marquis,2003,Silver,Standard,,Gas,Automatic,300000,10000.0
Ford,Victoria,2008,Bronze,Standard,1.3,Gas,Automatic,278,22000.0
Mercedes-Benz,S,2006,White,Full,9.0,Gas,Automatic,280000,58000.0
Hyundai,Accent,2019,White,Standard,1.4,Gas,Automatic,33000,40000.0
Chevrolet,Impala,2019,Grey,Standard,,Gas,Automatic,100200,75000.0
Hyundai,Accent,2019,White,Standard,1.4,Gas,Automatic,62400,40000.0
GMC,Yukon,2013,Brown,Standard,5.3,Gas,Automatic,107000,75000.0
Nissan,Datsun,2015,White,Full,4.2,Gas,Manual,19000,35000.0
Cadillac,XT5,2017,Silver,Full,3.6,Gas,Automatic,183000,108000.0
Toyota,Hilux,2017,White,Semi Full,,Gas,Manual,124000,64000.0
Toyota,Hilux,2015,Another Color,Full,,Gas,Manual,215,65000.0
Chevrolet,Silverado,2010,Red,Full,5.3,Gas,Automatic,228,29000.0
Toyota,Corolla,2015,Blue,Full,1.6,Gas,Automatic,90000,45000.0
Chrysler,S300,2011,White,Full,1.3,Gas,Automatic,140000,23000.0
Mazda,CX9,2020,White,Full,2.0,Gas,Automatic,9500,132000.0
Dodge,Challenger,2012,Black,Full,3.6,Gas,Automatic,360000,35000.0
JAC,Dyna,2016,White,Semi Full,,Diesel,Manual,6000,55000.0
Toyota,Camry,2008,Silver,Standard,2.5,Gas,Manual,298000,20000.0
GMC,Yukon,2008,Black,Full,7.2,Gas,Automatic,299000,30000.0
Ford,Fusion,2012,White,Semi Full,,Gas,Automatic,270,16500.0
Honda,Accord,2010,White,Semi Full,2.4,Gas,Automatic,365000,35000.0
GMC,Yukon,2007,Black,Full,4.7,Gas,Automatic,300000,35000.0
Toyota,Camry,2019,White,Full,3.5,Gas,Automatic,86000,110000.0
Nissan,VTC,2015,White,Semi Full,4.8,Gas,Manual,10000,75000.0
Toyota,Corolla,2020,Silver,Full,1.6,Gas,Automatic,15000,75000.0
Kia,Rio,2014,Silver,Standard,1.6,Gas,Automatic,141000,22000.0
Hyundai,Sonata,2012,White,Unknown,,Gas,Automatic,271800,24000.0
Toyota,Prado,2009,Golden,Semi Full,,Gas,Automatic,85000,73000.0
Fiat,500,2020,Black,Full,1.4,Gas,Automatic,7000,115000.0
Ford,Taurus,2017,Silver,Standard,3.5,Gas,Automatic,125000,62000.0
Ford,Flex,2010,Black,Standard,,Gas,Automatic,248000,20000.0
Infiniti,Q,2017,Brown,Semi Full,1.6,Gas,Automatic,144000,95000.0
Ford,Taurus,2019,Silver,Standard,2.0,Gas,Automatic,54000,80000.0
Changan,CS75,2020,Grey,Full,1.8,Gas,Automatic,44000,58000.0
Genesis,G80,2019,White,Full,3.0,Gas,Automatic,52000,130000.0
Toyota,Corolla,2015,White,Standard,,Gas,Automatic,312000,32000.0
Mercedes-Benz,CLS,2019,Red,Semi Full,3.5,Gas,Automatic,25000,300000.0
Mercedes-Benz,S,2014,Grey,Full,,Gas,Automatic,179000,169000.0
GMC,Yukon,2005,Another Color,Semi Full,5.7,Gas,Automatic,160,45000.0
Chevrolet,Impala,2018,Black,Semi Full,3.6,Gas,Automatic,35000,85000.0
Hyundai,Tuscani,2015,White,Standard,2.0,Gas,Automatic,130,40000.0
Geely,EC7,2014,White,Standard,1.8,Gas,Manual,74000,13000.0
Toyota,Land Cruiser,2018,Black,Full,5.7,Gas,Automatic,82000,220000.0
Hyundai,Sonata,2012,White,Semi Full,,Gas,Automatic,300,21000.0
GMC,Acadia,2011,Black,Semi Full,3.6,Gas,Automatic,253000,20000.0
Mazda,6,2019,White,Full,2.5,Gas,Automatic,50000,90000.0
Toyota,Corolla,2018,Brown,Semi Full,1.6,Gas,Automatic,119,36000.0
Mercedes-Benz,GLC,2020,White,Semi Full,2.0,Gas,Automatic,7000,275000.0
Hyundai,Tucson,2013,White,Semi Full,2.0,Gas,Automatic,213000,28000.0
Toyota,Land Cruiser,2020,White,Full,4.6,Gas,Automatic,19400,215000.0
Toyota,Furniture,2015,White,Standard,1.7,Gas,Automatic,147000,65000.0
MG,GS,2016,Another Color,Full,1.5,Gas,Automatic,139000,42000.0
Toyota,Camry,2013,White,Full,,Gas,Automatic,410000,40000.0
Toyota,Hilux,2016,White,Standard,1.4,Gas,Manual,8700,80000.0
Mitsubishi,Pajero,2016,Another Color,Full,,Gas,Automatic,257000,45000.0
Chevrolet,Tahoe,2008,Black,Full,3.9,Gas,Automatic,300,29000.0
Changan,CS75,2020,Black,Full,1.8,Gas,Automatic,11000,70000.0
Toyota,Corolla,2013,White,Semi Full,1.6,Gas,Automatic,220000,30000.0
Chevrolet,Tahoe,2012,Red,Semi Full,,Gas,Automatic,211,45000.0
Mitsubishi,Pajero,2017,Grey,Semi Full,3.5,Gas,Automatic,129000,65000.0
Toyota,Camry,2020,Silver,Standard,2.5,Gas,Automatic,20000,92000.0
BMW,The 4,2016,Grey,Full,2.0,Gas,Automatic,110000,120000.0
Chevrolet,Tahoe,2015,Brown,Standard,5.3,Gas,Automatic,199000,97000.0
Lexus,RX,2017,Black,Full,3.5,Gas,Automatic,81000,165000.0
Unknown,Unknown,2011,Black,Full,1.8,Gas,Manual,33000,50000.0
Toyota,Camry,2018,Silver,Full,,Gas,Automatic,150000,95000.0
Mitsubishi,Lancer,2016,Red,Standard,1.6,Gas,Automatic,18000,39000.0
Kia,Sportage,2018,White,Semi Full,2.0,Gas,Automatic,128000,60000.0
Hyundai,Elantra,2015,Blue,Standard,,Gas,Automatic,300,25000.0
Jeep,Wrangler,2020,Black,Semi Full,3.6,Gas,Automatic,4000,190000.0
Hyundai,Sonata,2020,Grey,Standard,,Gas,Automatic,100,72910.0
Hyundai,Sonata,2020,Red,Standard,,Gas,Automatic,100,72910.0
Hyundai,Sonata,2020,Silver,Standard,2.5,Gas,Automatic,100,72910.0
Audi,Q5,2012,Grey,Full,,Gas,Automatic,339,31000.0
Mercedes-Benz,SEL,1986,Silver,Full,3.0,Gas,Automatic,500000,5500.0
Chevrolet,Malibu,2015,Navy,Full,,Gas,Automatic,121000,17000.0
Ford,Marquis,2008,Blue,Full,9.0,Gas,Automatic,115,17000.0
Hyundai,Azera,2021,Bronze,Standard,3.5,Gas,Automatic,9000,122000.0
Ford,Edge,2018,Silver,Standard,1.5,Gas,Automatic,60000,85000.0
Nissan,Sunny,2016,Another Color,Standard,1.5,Gas,Automatic,146000,20000.0
Dodge,Challenger,2013,Black,Full,5.7,Gas,Automatic,173,38000.0
GMC,Yukon,2015,Grey,Full,,Gas,Automatic,130000,128000.0
Kia,Sportage,2019,Red,Semi Full,1.6,Gas,Automatic,57000,75000.0
Hyundai,Senta fe,2013,White,Full,3.3,Gas,Automatic,196000,39000.0
Kia,Cerato,2014,Silver,Standard,1.6,Gas,Automatic,160000,24000.0
Ford,Marquis,2011,Silver,Full,4.0,Gas,Automatic,327000,26000.0
Peugeot,307,2007,Black,Standard,1.6,Gas,Manual,75500,11000.0
Toyota,Camry,2002,Silver,Semi Full,4.0,Gas,Automatic,20000,15000.0
MG,ZS,2021,Blue,Standard,1.5,Gas,Automatic,600,51000.0
Ford,Expedition,2014,Black,Semi Full,5.4,Gas,Automatic,108000,60000.0
GMC,Sierra,2008,White,Standard,,Gas,Automatic,194,39500.0
Chevrolet,Caprice,2013,Black,Standard,,Gas,Automatic,190000,39000.0
Toyota,Camry,2019,White,Standard,2.5,Gas,Automatic,34727,83000.0
Hyundai,H1,2016,White,Semi Full,2.4,Gas,Automatic,92000,60000.0
Land Rover,Range Rover,2004,Navy,Full,5.3,Gas,Automatic,300000,22000.0
Toyota,Hilux,2015,White,Full,2.7,Gas,Manual,276,57000.0
Dodge,Charger,2010,White,Standard,5.7,Gas,Automatic,240000,25000.0
Unknown,Unknown,1980,Yellow,Standard,,Diesel,Manual,2500,220000.0
GMC,Yukon,2009,Red,Full,6.2,Gas,Automatic,20000,56000.0
BMW,X,2010,Black,Semi Full,,Gas,Automatic,200,61000.0
Kia,Sorento,2015,Black,Full,3.8,Gas,Automatic,167160,43000.0
Ford,Flex,2010,Silver,Semi Full,4.0,Gas,Automatic,300,25000.0
Chevrolet,Tahoe,2011,Brown,Standard,,Gas,Automatic,143000,55000.0
Toyota,Corolla,2018,Silver,Standard,1.6,Gas,Automatic,83000,45000.0
Hyundai,Elantra,2016,White,Semi Full,,Gas,Automatic,280,33000.0
Chevrolet,Silverado,1985,Blue,Full,,Gas,Automatic,200,30000.0
Lexus,LX,2000,Another Color,Full,,Gas,Automatic,460,46000.0
Nissan,Datsun,2015,White,Full,2.4,Gas,Manual,200000,40000.0
Jeep,Wrangler,2018,Grey,Full,,Gas,Automatic,61300,165000.0
Ford,Marquis,2006,Blue,Standard,3.5,Gas,Automatic,307000,15000.0
Chevrolet,Tahoe,2012,Silver,Semi Full,,Gas,Automatic,250385,47500.0
Toyota,Innova,2007,Silver,Semi Full,2.7,Gas,Automatic,199800,25000.0
Toyota,Previa,2002,Oily,Standard,2.9,Gas,Automatic,30923,12000.0
Toyota,Hiace,2000,White,Standard,,Gas,Manual,2000,12000.0
Toyota,Yaris,2016,Grey,Semi Full,1.5,Gas,Automatic,9800,32000.0
GMC,Sierra,2017,Black,Full,5.3,Gas,Automatic,108000,95000.0
Toyota,Camry,2015,Blue,Full,,Gas,Automatic,133,56000.0
Toyota,Hilux,1999,White,Semi Full,2.7,Gas,Manual,375,19000.0
Chevrolet,Tahoe,2017,Another Color,Standard,,Gas,Automatic,176000,115000.0
Hyundai,Elantra,2017,White,Semi Full,,Gas,Automatic,43000,49000.0
Hyundai,Accent,2018,Grey,Standard,1.4,Gas,Automatic,79000,30000.0
Toyota,Furniture,2015,White,Full,2.7,Gas,Automatic,157000,64000.0
Hyundai,Accent,2015,White,Semi Full,1.6,Gas,Automatic,230000,28000.0
Toyota,Camry,2009,White,Full,,Gas,Automatic,350000,25000.0
Nissan,Sentra,2019,Brown,Semi Full,1.6,Gas,Automatic,30000,44000.0
GMC,Suburban,2004,Oily,Standard,,Gas,Automatic,300000,8000.0
Chevrolet,Tahoe,2020,Grey,Semi Full,5.7,Gas,Automatic,99000,145000.0
Kia,Rio,2017,Silver,Semi Full,1.4,Gas,Automatic,12000,26500.0
Ford,Explorer,2010,Oily,Semi Full,6.0,Gas,Automatic,165000,25000.0
Ford,Expedition,2016,Black,Semi Full,1.5,Gas,Automatic,170000,85000.0
Ford,Marquis,1995,Green,Full,,Gas,Automatic,180000,13000.0
Toyota,Camry,2015,White,Standard,2.4,Gas,Automatic,161000,55000.0
Toyota,Innova,2015,Silver,Full,2.7,Gas,Automatic,114000,49000.0
Honda,Accord,2016,White,Full,3.5,Gas,Automatic,183000,67000.0
Lexus,ES,2021,Another Color,Standard,2.5,Gas,Automatic,6000,175000.0
Mitsubishi,Space Star,2020,Another Color,Standard,,Gas,Automatic,12000,34000.0
Mazda,6,2016,Blue,Semi Full,,Gas,Automatic,216000,40000.0
Hyundai,Elantra,2016,Silver,Full,1.6,Diesel,Automatic,87000,42000.0
Hyundai,Sonata,2011,White,Semi Full,2.0,Gas,Automatic,336000,21000.0
Honda,Accord,2018,Another Color,Semi Full,,Gas,Automatic,119041,70000.0
MG,5,2020,Grey,Full,1.5,Gas,Automatic,23000,44000.0
Toyota,Land Cruiser,2015,White,Standard,4.7,Gas,Automatic,345417,135000.0
GMC,Acadia,2011,Black,Standard,,Gas,Automatic,187000,22000.0
Toyota,Hilux,2014,White,Semi Full,2.7,Gas,Automatic,21000,75000.0
Ford,Edge,2009,Brown,Standard,,Gas,Automatic,357,20000.0
Geely,EC8,2012,Golden,Semi Full,,Gas,Manual,50000,15000.0
Chevrolet,Impala,2016,Silver,Standard,3.5,Gas,Automatic,139000,65000.0
Toyota,Corolla,2017,White,Standard,1.6,Gas,Automatic,66200,51000.0
Hyundai,Accent,2017,White,Standard,1.6,Gas,Automatic,120000,30000.0
Honda,Accord,2014,White,Full,2.4,Gas,Automatic,480000,40000.0
Toyota,Corolla,2018,Silver,Standard,1.6,Gas,Automatic,90000,48500.0
Toyota,Prado,2010,White,Semi Full,4.0,Gas,Automatic,293715,75000.0
Toyota,Corolla,1997,White,Standard,1.3,Gas,Manual,32500,7000.0
Hyundai,Azera,2016,Grey,Semi Full,3.0,Gas,Automatic,199100,52000.0
Ford,Expedition,2006,Grey,Semi Full,,Gas,Automatic,200000,12000.0
Zhengzhou Nissan,Pick up,2016,White,Full,,Gas,Manual,128,35000.0
Renault,Duster,2016,White,Standard,,Gas,Automatic,157000,18000.0
Mitsubishi,Pajero,2016,White,Full,3.8,Gas,Automatic,200,50000.0
BMW,The 5,2008,Black,Full,4.8,Gas,Automatic,285627,30000.0
Hyundai,Elantra,2019,Another Color,Standard,2.0,Gas,Automatic,66000,58000.0
Dodge,Durango,2012,White,Full,6.0,Gas,Automatic,284000,33000.0
Ford,Taurus,2011,Blue,Standard,4.5,Gas,Automatic,301515,26000.0
Ford,Edge,2010,Navy,Semi Full,3.5,Gas,Automatic,187200,25000.0
Mercedes-Benz,E,2018,Black,Standard,,Gas,Automatic,167,115000.0
Toyota,Land Cruiser,2015,White,Semi Full,5.7,Gas,Automatic,170000,150000.0
Honda,Odyssey,2015,Black,Standard,,Gas,Automatic,152000,45000.0
Ford,Expedition,2013,Another Color,Semi Full,,Gas,Automatic,174000,50000.0
Hyundai,Accent,2015,White,Semi Full,1.4,Gas,Automatic,105000,25000.0
Toyota,Corolla,2018,White,Standard,1.6,Gas,Automatic,89000,45000.0
Hyundai,Accent,2019,Silver,Standard,,Gas,Automatic,72500,40000.0
Hyundai,Accent,2017,White,Standard,1.6,Gas,Automatic,137000,29000.0
Toyota,Corolla,2018,Silver,Standard,1.6,Gas,Automatic,73000,45000.0
Toyota,Corolla,2018,Silver,Standard,1.6,Gas,Automatic,40000,45000.0
Kia,Picanto,2015,Another Color,Standard,,Gas,Automatic,85000,18000.0
Ford,Expedition,2021,Another Color,Semi Full,1.6,Gas,Automatic,2500,207000.0
Kia,Rio,2011,Black,Standard,,Gas,Manual,218000,11500.0
Jeep,Wrangler,2019,Another Color,Semi Full,,Gas,Automatic,26000,148000.0
Toyota,Cressida,1993,White,Semi Full,4.0,Gas,Manual,492000,11000.0
Isuzu,Dyna,2003,White,Standard,8.5,Diesel,Manual,330,40000.0
Toyota,Land Cruiser,2011,White,Full,,Gas,Automatic,434,85000.0
Mercedes-Benz,Viano,2015,Blue,Full,,Gas,Automatic,119000,99000.0
BMW,The 7,2014,Silver,Full,,Gas,Automatic,116000,100000.0
Nissan,Patrol,1978,White,Standard,,Gas,Manual,30000,28000.0
Toyota,Corolla,2015,White,Standard,1.6,Gas,Automatic,36000,45000.0
Toyota,Corolla,2020,Another Color,Standard,1.6,Gas,Automatic,16000,62000.0
GMC,Yukon,2014,Another Color,Semi Full,,Gas,Automatic,300,65000.0
BMW,The 7,2018,Navy,Semi Full,6.8,Gas,Automatic,18000,230000.0
Hyundai,Sonata,2018,White,Semi Full,2.4,Gas,Automatic,72000,65000.0
Chevrolet,Malibu,2014,Black,Full,2.6,Gas,Automatic,138,27000.0
BMW,The 7,2009,Black,Full,1.0,Gas,Automatic,327000,48000.0
Nissan,Patrol,2016,White,Semi Full,,Gas,Automatic,94000,125000.0
Lexus,ES,2015,White,Semi Full,3.5,Gas,Automatic,161000,74000.0
Lexus,IS,2010,Silver,Full,,Gas,Automatic,165000,45000.0
Honda,Accord,2016,White,Full,3.5,Gas,Automatic,167000,72000.0
Chevrolet,Impala,2014,Bronze,Standard,,Gas,Automatic,180,38000.0
Mazda,CX7,2010,Brown,Full,2.3,Gas,Automatic,170000,25000.0
Ford,Edge,2011,Black,Semi Full,,Gas,Automatic,260,26000.0
Kia,Cerato,2016,Grey,Semi Full,1.6,Diesel,Automatic,88000,44000.0
Hyundai,Elantra,2017,White,Standard,2.0,Gas,Automatic,140000,42222.0
GMC,Yukon,2007,Blue,Standard,,Gas,Automatic,221000,30000.0
GMC,Yukon,2008,Black,Standard,,Gas,Automatic,235000,40000.0
Hyundai,Accent,2017,White,Standard,1.4,Gas,Automatic,156000,24000.0
Hyundai,Accent,2017,White,Standard,1.4,Gas,Automatic,158000,24000.0
Dodge,Charger,2018,Silver,Semi Full,1.6,Gas,Automatic,5000,125000.0
Toyota,Prado,2018,White,Standard,4.1,Gas,Automatic,97000,127000.0
Toyota,Corolla,2016,Silver,Full,1.6,Gas,Automatic,86500,48000.0
Lexus,RX,2008,Silver,Full,3.5,Gas,Automatic,225,37000.0
Ford,Expedition,2012,Grey,Semi Full,3.5,Gas,Automatic,452000,40000.0
Ford,Edge,2012,Another Color,Full,3.5,Gas,Automatic,197000,48500.0
Honda,Accord,2012,White,Full,3.5,Gas,Automatic,225000,32000.0
Mercedes-Benz,R,2009,Black,Full,,Gas,Automatic,232,35000.0
Honda,Civic,2005,White,Standard,1.7,Gas,Manual,400,7000.0
Toyota,Land Cruiser,2011,White,Full,4.7,Gas,Automatic,140000,110000.0
Hyundai,Sonata,2015,White,Full,1.6,Gas,Automatic,380000,35000.0
Chevrolet,Suburban,2009,Black,Semi Full,5.3,Gas,Automatic,335000,35000.0
Toyota,Prado,2006,White,Standard,2.5,Gas,Manual,300000,40000.0
Toyota,Yaris,2017,Black,Semi Full,1.2,Gas,Automatic,82000,34000.0
Hyundai,Tucson,2020,Grey,Semi Full,1.6,Gas,Automatic,6350,82000.0
Ford,Expedition,2010,Grey,Semi Full,,Gas,Automatic,230,35000.0
Toyota,Hilux,2015,White,Full,2.7,Gas,Manual,157000,60000.0
Toyota,Camry,2005,Blue,Full,1.6,Gas,Manual,360000,22000.0
Toyota,FJ,2014,Silver,Full,9.0,Gas,Automatic,308000,75000.0
Kia,Rio,2017,Blue,Standard,1.4,Gas,Automatic,116000,29000.0
Hyundai,Elantra,2020,Another Color,Standard,1.6,Gas,Automatic,15800,58000.0
Toyota,Camry,2017,White,Full,,Gas,Automatic,167000,80000.0
Chery,QQ,2012,Red,Full,1.4,Gas,Manual,100,11000.0
Ford,Victoria,1999,Another Color,Semi Full,1.0,Gas,Automatic,4000,10000.0
Mercedes-Benz,S,2013,Brown,Semi Full,3.0,Gas,Automatic,130000,115000.0
Toyota,Furniture,2013,Silver,Semi Full,2.4,Gas,Automatic,170000,55000.0
Toyota,Camry,2018,White,Full,3.5,Gas,Automatic,111,66000.0
Hyundai,Accent,2018,White,Semi Full,1.4,Gas,Automatic,51000,35000.0
Ford,Taurus,2016,Silver,Standard,,Gas,Automatic,144000,55000.0
Mitsubishi,L300,2014,White,Standard,2.0,Gas,Manual,120000,23000.0
Lexus,LS,2008,White,Full,1.8,Gas,Automatic,268000,46000.0
Cadillac,Escalade,2009,White,Full,,Gas,Automatic,219000,50000.0
Toyota,Camry,2006,Blue,Semi Full,2.4,Gas,Automatic,240000,20000.0
Hyundai,Accent,2018,White,Standard,1.4,Gas,Manual,130000,27000.0
Hyundai,Accent,2018,White,Standard,1.4,Gas,Automatic,74000,27000.0
Nissan,Sunny,2018,Grey,Standard,1.5,Gas,Automatic,105000,23000.0
Hyundai,Sonata,2019,White,Standard,2.4,Gas,Automatic,49000,65000.0
Ford,Taurus,2018,Blue,Standard,3.5,Gas,Automatic,91769,68000.0
Lexus,GS,2013,Bronze,Semi Full,3.5,Gas,Automatic,287000,85000.0
Hyundai,Accent,2019,White,Standard,1.4,Gas,Automatic,58000,35000.0
Lexus,ES,2013,Black,Full,3.6,Gas,Automatic,137000,90000.0
Ford,Flex,2012,Black,Semi Full,6.0,Gas,Automatic,255000,24000.0
Mercedes-Benz,GLB,2020,Grey,Full,,Gas,Automatic,7900,250000.0
Toyota,Corolla,2012,Blue,Standard,,Gas,Automatic,2755,25000.0
Chevrolet,Silverado,2016,White,Full,5.3,Gas,Automatic,96000,95000.0
Hyundai,H1,2016,Grey,Semi Full,,Gas,Automatic,201000,35000.0
Kia,Cerato,2015,White,Standard,1.6,Gas,Automatic,120000,25000.0
Mercedes-Benz,ML,2013,Black,Semi Full,3.3,Gas,Automatic,165000,90000.0
Toyota,Hilux,2016,White,Full,2.7,Gas,Manual,110000,55000.0
Cadillac,XT5,2017,White,Standard,3.6,Gas,Automatic,24000,130000.0
Lexus,RX,2017,Grey,Full,,Gas,Automatic,54000,179000.0
Porsche,Cayenne,2019,Grey,Full,,Gas,Automatic,36000,360000.0
Land Rover,Range Rover,2006,White,Full,,Gas,Automatic,300000,25000.0
Chevrolet,Optra,2010,Silver,Full,,Gas,Automatic,206000,8000.0
Chevrolet,Tahoe,2012,Bronze,Semi Full,4.8,Gas,Automatic,100000,75000.0
Toyota,Hilux,2018,White,Full,,Gas,Manual,35000,85000.0
Chrysler,C300,2010,Red,Full,,Gas,Automatic,100000,20000.0
Toyota,Camry,2013,Blue,Full,2.4,Gas,Automatic,180500,38000.0
Ford,Edge,2013,Black,Full,3.5,Gas,Automatic,240,43000.0
Mitsubishi,Galant,2011,Golden,Full,3.8,Gas,Automatic,265000,12000.0
Ford,Edge,2012,Brown,Full,3.5,Gas,Automatic,395000,35000.0
Land Rover,Range Rover,2010,White,Full,5.0,Gas,Automatic,188000,62000.0
Toyota,Rav4,2011,Another Color,Semi Full,1.4,Gas,Manual,135000,25000.0
Honda,Accord,2008,White,Standard,2.4,Gas,Automatic,17700,28000.0
Kia,Sorento,2013,Silver,Full,3.3,Gas,Automatic,293000,35000.0
Chevrolet,Van Express,2008,Silver,Standard,,Gas,Automatic,179000,42000.0
Toyota,Avalon,2016,White,Semi Full,,Gas,Automatic,86000,87000.0
Mercedes-Benz,S,2012,Silver,Full,,Gas,Automatic,140000,95000.0
Hyundai,Accent,2017,White,Standard,1.4,Gas,Automatic,97700,30000.0
Honda,Accord,2019,Silver,Semi Full,1.5,Gas,Automatic,11000,95800.0
Genesis,G80,2017,White,Full,3.8,Gas,Automatic,158000,95000.0
Hyundai,Accent,2019,Silver,Standard,1.4,Gas,Automatic,62000,37000.0
Nissan,Altima,2006,Black,Semi Full,2.5,Gas,Automatic,247000,15000.0
Honda,Accord,2016,Grey,Semi Full,,Gas,Automatic,129000,68000.0
Hyundai,Accent,2017,White,Standard,,Gas,Automatic,116000,32000.0
Hyundai,Accent,2017,White,Standard,,Gas,Automatic,133000,34000.0
Hyundai,Accent,2017,White,Standard,,Gas,Automatic,88000,34000.0
Hyundai,Accent,2017,White,Standard,,Gas,Automatic,53000,35000.0
Hyundai,Accent,2017,White,Standard,1.6,Gas,Automatic,112000,32000.0
Hyundai,Accent,2017,White,Standard,1.6,Gas,Automatic,109000,33000.0
Hyundai,Accent,2017,White,Standard,,Gas,Automatic,61000,34000.0
GMC,Suburban,2006,Golden,Semi Full,5.2,Gas,Automatic,500000,14000.0
Toyota,Furniture,2012,Black,Semi Full,2.0,Gas,Automatic,202245,41000.0
Jeep,Liberty,2012,Silver,Semi Full,3.7,Gas,Automatic,247000,25000.0
Ford,Expedition,2015,Green,Full,,Gas,Automatic,228000,68000.0
Toyota,Camry,2017,Silver,Standard,2.5,Gas,Automatic,314000,46000.0
Hummer,H3,2006,Blue,Full,3.5,Gas,Automatic,236000,22000.0
Hyundai,Sonata,2020,White,Semi Full,2.5,Gas,Automatic,46000,85000.0
Toyota,Corolla,2015,Another Color,Semi Full,1.6,Gas,Automatic,309000,32000.0
Mitsubishi,Pajero,2011,Navy,Semi Full,6.0,Gas,Automatic,140000,38000.0
Mitsubishi,Lancer,2009,Grey,Standard,1.6,Gas,Automatic,222835,11500.0
Ford,Edge,2013,Black,Standard,6.0,Gas,Automatic,277000,30000.0
Kia,Cadenza,2012,Black,Standard,3.6,Gas,Automatic,147000,25000.0
Kia,Sorento,2006,Navy,Full,3.5,Gas,Manual,257000,15000.0
Audi,A6,2015,Silver,Full,,Gas,Automatic,77000,75000.0
Chevrolet,Camaro,2010,Silver,Full,,Gas,Automatic,150000,53000.0
Nissan,Altima,2011,Silver,Full,2.5,Gas,Automatic,18500,22000.0
Cadillac,Unknown,2013,White,Full,3.6,Gas,Automatic,256000,40000.0
